case,family,topology,batch,terms,precision,backend,warmups,repeats,setup_ms,median_ms,iqr_ms,output_checksum,gradient_checksum,parameter_checksum,max_abs_error,workspace_allocations,samples_ms
0,chebyshev,16x24x8,32,7,double,cpu_full,2,7,0.065500000000000003,0.24540000000000001,0.0026999999999999802,-2.1767426910085086,-0.022456696270777253,-0.29074473290084352,0,0,0.24540000000000001;0.27879999999999999;0.2437;0.24229999999999999;0.246;0.24299999999999999;0.24610000000000001
0,chebyshev,16x24x8,32,7,double,m1_host_full,2,7,0.035999999999999997,3.0314000000000001,0.10850000000000026,-2.1767426910085086,-0.022456696270777253,-0.29074473290084352,0,0,3.0762999999999998;3.0314000000000001;3.0394999999999999;3.1318000000000001;2.9178999999999999;2.9464999999999999;2.9523000000000001
0,chebyshev,16x24x8,32,7,double,m2_resident_full,2,7,0.58850000000000002,0.25929999999999997,0.00054999999999999494,-2.1767426910085086,-0.022456696270777253,-0.29074473290084352,0,2,0.25940000000000002;0.25900000000000001;0.25950000000000001;0.2586;0.25929999999999997;0.25879999999999997;0.26050000000000001
0,chebyshev,16x24x8,32,7,double,m2_transfer_full,2,7,0.28449999999999998,0.37059999999999998,0.015199999999999991,-2.1767426910085086,-0.022456696270777253,-0.29074473290084352,0,2,0.45710000000000001;0.38240000000000002;0.38340000000000002;0.37059999999999998;0.36809999999999998;0.36730000000000002;0.3503
1,chebyshev,16x24x8,1024,7,double,cpu_full,2,7,0.035400000000000001,7.4221000000000004,0.17370000000000019,-125.01045579450216,0.0093238527369836968,-0.29103075176823434,0,0,7.3032000000000004;7.3571;7.6692999999999998;7.4252000000000002;7.3899999999999997;7.7333999999999996;7.4221000000000004
1,chebyshev,16x24x8,1024,7,double,m1_host_full,2,7,0.037499999999999999,14.3508,0.85870000000000068,-125.01045579450216,0.0093238527369836968,-0.29103075176823434,0,0,13.909599999999999;13.8714;13.8695;14.6532;15.312099999999999;14.8452;14.3508
1,chebyshev,16x24x8,1024,7,double,m2_resident_full,2,7,0.65700000000000003,0.65610000000000002,0.00890000000000013,-125.01045579450216,0.0093238527369836968,-0.29103075176823434,0,2,0.6895;0.65980000000000005;0.65610000000000002;0.64880000000000004;0.6633;0.65610000000000002;0.6492
1,chebyshev,16x24x8,1024,7,double,m2_transfer_full,2,7,0.69340000000000002,1.2331000000000001,0.037550000000000194,-125.01045579450216,0.0093238527369836968,-0.29103075176823434,0,2,1.2331000000000001;1.2992999999999999;1.2121;1.2261;1.2206999999999999;1.2644;1.2575000000000001
2,chebyshev,64x64x32x16,32,7,double,cpu_full,2,7,0.61450000000000005,2.6739000000000002,0.11540000000000017,-0.32260656002273574,-0.079591646403770477,0.15124402970793754,0,0,2.7231999999999998;2.5884;2.6739000000000002;2.5840999999999998;2.7223999999999999;2.6190000000000002;2.7158000000000002
2,chebyshev,64x64x32x16,32,7,double,m1_host_full,2,7,0.43630000000000002,7.5377000000000001,0.43440000000000012,-0.32260656002273574,-0.079591646403770477,0.15124402970793754,0,0,7.3163;7.8445999999999998;7.5377000000000001;8.0052000000000003;7.7149000000000001;7.3743999999999996;7.2908999999999997
2,chebyshev,64x64x32x16,32,7,double,m2_resident_full,2,7,0.95750000000000002,0.59730000000000005,0.0087500000000000355,-0.32260656002273574,-0.079591646403770477,0.15124402970793754,0,2,0.59870000000000001;0.59030000000000005;0.5877;0.58919999999999995;0.59830000000000005;0.60329999999999995;0.59730000000000005
2,chebyshev,64x64x32x16,32,7,double,m2_transfer_full,2,7,1.0967,0.90720000000000001,0.056700000000000084,-0.32260656002273574,-0.079591646403770477,0.15124402970793754,0,2,0.89680000000000004;0.90720000000000001;0.91200000000000003;0.89219999999999999;0.89459999999999995;1.0129999999999999;0.99280000000000002
3,chebyshev,64x64x32x16,1024,7,double,cpu_full,2,7,0.45350000000000001,82.557900000000004,4.0396000000000072,-137.66420260386968,0.036721343872001801,0.1501972124242219,0,0,83.4876;82.557900000000004;80.305999999999997;93.439599999999999;82.248900000000006;80.789199999999994;87.6297
3,chebyshev,64x64x32x16,1024,7,double,m1_host_full,2,7,0.63529999999999998,35.179099999999998,0.52210000000000889,-137.66420260386968,0.036721343872001801,0.1501972124242219,0,0,35.458300000000001;35.440899999999999;35.030299999999997;35.179099999999998;35.762999999999998;34.7714;34.8247
3,chebyshev,64x64x32x16,1024,7,double,m2_resident_full,2,7,2.1606000000000001,2.2450999999999999,0.014149999999999885,-137.66420260386968,0.036721343872001801,0.1501972124242219,0,2,2.2624;2.2450999999999999;2.2433999999999998;2.2450999999999999;2.2433000000000001;2.2544;2.2629999999999999
3,chebyshev,64x64x32x16,1024,7,double,m2_transfer_full,2,7,2.6036999999999999,4.4264000000000001,0.37849999999999895,-137.66420260386968,0.036721343872001801,0.1501972124242219,0,2,4.3418000000000001;4.5392999999999999;7.3456999999999999;4.5420999999999996;4.4264000000000001;3.9594999999999998;3.9826000000000001
4,legendre,16x24x8,32,7,double,cpu_full,2,7,0.058000000000000003,0.25359999999999999,0.0057499999999999774,-2.9591381930718614,-0.69531381690275273,-0.28468901321580403,0,0,0.25359999999999999;0.25629999999999997;0.25290000000000001;0.25319999999999998;0.25209999999999999;0.2666;0.26129999999999998
4,legendre,16x24x8,32,7,double,m2_resident_full,2,7,0.60919999999999996,0.2762,0.013850000000000029,-2.9591381930718614,-0.69531381690275273,-0.28468901321580403,0,2,0.27829999999999999;0.27529999999999999;0.2762;0.29370000000000002;0.30070000000000002;0.26750000000000002;0.26900000000000002
4,legendre,16x24x8,32,7,double,m2_transfer_full,2,7,0.34100000000000003,0.41139999999999999,0.017449999999999966,-2.9591381930718614,-0.69531381690275273,-0.28468901321580403,0,2,0.41370000000000001;0.4073;0.41310000000000002;0.41139999999999999;0.42830000000000001;0.38369999999999999;0.3846
5,legendre,16x24x8,1024,7,double,cpu_full,2,7,0.035499999999999997,7.8326000000000002,0.30295000000000094,-114.76044912949109,0.30422694979477438,-0.29368487969894397,0,0,8.1457999999999995;7.8326000000000002;7.8647;7.6867000000000001;7.5789999999999997;7.4385000000000003;8.0068999999999999
5,legendre,16x24x8,1024,7,double,m2_resident_full,2,7,0.89939999999999998,0.69920000000000004,0.08824999999999994,-114.76044912949109,0.30422694979477438,-0.29368487969894397,0,2,0.84189999999999998;1.0959000000000001;0.70920000000000005;0.68500000000000005;0.6875;0.69920000000000004;0.68710000000000004
5,legendre,16x24x8,1024,7,double,m2_transfer_full,2,7,0.74199999999999999,1.0356000000000001,0.017300000000000093,-114.76044912949109,0.30422694979477438,-0.29368487969894397,0,2,1.0356000000000001;1.0499000000000001;1.0525;1.0637000000000001;1.0324;1.0295000000000001;1.0354000000000001
6,legendre,64x64x32x16,32,7,double,cpu_full,2,7,0.68000000000000005,2.6890000000000001,0.10050000000000026,-1.954404872758555,-1.5005363212530516,0.16403253109580093,0,0,2.6657999999999999;2.7652000000000001;2.6473;2.8458000000000001;2.6513;2.7528999999999999;2.6890000000000001
6,legendre,64x64x32x16,32,7,double,m2_resident_full,2,7,1.2829999999999999,0.62970000000000004,0.013749999999999929,-1.954404872758555,-1.5005363212530516,0.16403253109580093,0,2,0.64190000000000003;0.62570000000000003;0.63349999999999995;0.69089999999999996;0.61799999999999999;0.62219999999999998;0.62970000000000004
6,legendre,64x64x32x16,32,7,double,m2_transfer_full,2,7,1.0686,0.9597,0.011200000000000099,-1.954404872758555,-1.5005363212530516,0.16403253109580093,0,2,0.9123;1.0648;0.96240000000000003;0.94810000000000005;0.9597;0.95609999999999995;0.96419999999999995
7,legendre,64x64x32x16,1024,7,double,cpu_full,2,7,0.53669999999999995,85.490899999999996,3.2226500000000016,-111.7855868882596,0.76524602861233659,0.14364049006544796,0,0,83.202500000000001;86.259799999999998;85.490899999999996;83.599000000000004;82.724699999999999;90.382800000000003;86.986999999999995
7,legendre,64x64x32x16,1024,7,double,m2_resident_full,2,7,2.6297000000000001,2.4355000000000002,0.29749999999999988,-111.7855868882596,0.76524602861233659,0.14364049006544796,0,2,2.4376000000000002;2.8178999999999998;2.4355000000000002;2.3130000000000002;2.3344999999999998;2.3260000000000001;2.8355000000000001
7,legendre,64x64x32x16,1024,7,double,m2_transfer_full,2,7,2.2860999999999998,3.9116,0.043050000000000033,-111.7855868882596,0.76524602861233659,0.14364049006544796,0,2,3.9321999999999999;3.8338000000000001;3.9388999999999998;3.8860000000000001;4.0015999999999998;3.899;3.9116
8,jacobi,16x24x8,32,7,double,cpu_full,2,7,0.059799999999999999,0.30309999999999998,0.0049500000000000099,-2.8897402066157074,-0.47029640998007405,-0.2867141496099197,0,0,0.33310000000000001;0.30309999999999998;0.30249999999999999;0.31080000000000002;0.3004;0.30249999999999999;0.30409999999999998
8,jacobi,16x24x8,32,7,double,m2_resident_full,2,7,0.41389999999999999,0.31559999999999999,0.0073499999999999677,-2.8897402066157074,-0.47029640998007405,-0.2867141496099197,0,2,0.31330000000000002;0.31559999999999999;0.32090000000000002;0.32219999999999999;0.31509999999999999;0.32250000000000001;0.31280000000000002
8,jacobi,16x24x8,32,7,double,m2_transfer_full,2,7,0.35560000000000003,0.68540000000000001,0.074849999999999861,-2.8897402066157074,-0.47029640998007405,-0.2867141496099197,0,2,0.6482;0.629;0.62890000000000001;0.70109999999999995;0.7258;0.68540000000000001;0.74970000000000003
9,jacobi,16x24x8,1024,7,double,cpu_full,2,7,0.093399999999999997,9.6005000000000003,0.38970000000000127,-115.9137445389791,0.20556764427542656,-0.2927969391954246,0,0,9.9184000000000001;9.3078000000000003;9.6005000000000003;9.4396000000000004;9.8909000000000002;10.630100000000001;9.5902999999999992
9,jacobi,16x24x8,1024,7,double,m2_resident_full,2,7,0.97460000000000002,0.74550000000000005,0.00050000000000005596,-115.9137445389791,0.20556764427542656,-0.2927969391954246,0,2,0.76280000000000003;0.74539999999999995;0.74560000000000004;0.746;0.73799999999999999;0.74519999999999997;0.74550000000000005
9,jacobi,16x24x8,1024,7,double,m2_transfer_full,2,7,0.57940000000000003,1.1032,0.022150000000000114,-115.9137445389791,0.20556764427542656,-0.2927969391954246,0,2,1.1032;1.1052;1.0982000000000001;1.1002000000000001;1.1031;1.1424000000000001;1.2394000000000001
10,jacobi,64x64x32x16,32,7,double,cpu_full,2,7,0.51859999999999995,2.9546999999999999,0.086199999999999832,-1.8081347748234708,-1.0281439054194808,0.15978110026971742,0,0,3.0493999999999999;2.9184999999999999;3.0116999999999998;2.9546999999999999;3.0629;2.9401000000000002;2.9485999999999999
10,jacobi,64x64x32x16,32,7,double,m2_resident_full,2,7,1.1606000000000001,0.70020000000000004,0.0021999999999999797,-1.8081347748234708,-1.0281439054194808,0.15978110026971742,0,2,0.70320000000000005;0.70040000000000002;0.70409999999999995;0.69769999999999999;0.69930000000000003;0.70020000000000004;0.69989999999999997
10,jacobi,64x64x32x16,32,7,double,m2_transfer_full,2,7,1.1875,0.99809999999999999,0.013150000000000106,-1.8081347748234708,-1.0281439054194808,0.15978110026971742,0,2,0.99260000000000004;1.0011000000000001;0.97889999999999999;1.0178;0.98670000000000002;1.0044999999999999;0.99809999999999999
11,jacobi,64x64x32x16,1024,7,double,cpu_full,2,7,0.55469999999999997,95.893100000000004,15.266550000000009,-114.53952184721078,0.52264376574753368,0.14582393537653851,0,0,95.090500000000006;95.893100000000004;88.523499999999999;106.0746;91.018699999999995;118.6281;110.5677
11,jacobi,64x64x32x16,1024,7,double,m2_resident_full,2,7,2.5358999999999998,2.6638999999999999,0.058100000000000485,-114.53952184721078,0.52264376574753368,0.14582393537653851,0,2,2.746;2.6677;2.6556999999999999;2.7844000000000002;2.6638999999999999;2.6337000000000002;2.6417999999999999
11,jacobi,64x64x32x16,1024,7,double,m2_transfer_full,2,7,2.3418999999999999,4.3887,0.25669999999999948,-114.53952184721078,0.52264376574753368,0.14582393537653851,0,2,4.3612000000000002;4.3756000000000004;4.3391999999999999;4.5438000000000001;4.3887;4.7370000000000001;4.7064000000000004
12,hermite,16x24x8,32,7,double,cpu_full,2,7,0.066199999999999995,0.26279999999999998,0.0055000000000000604,4313.7658125643075,152.66861895283978,-1.4942729480040093,0,0,0.2666;0.28210000000000002;0.26279999999999998;0.26319999999999999;0.25919999999999999;0.2596;0.25819999999999999
12,hermite,16x24x8,32,7,double,m2_resident_full,2,7,0.56799999999999995,0.26319999999999999,0.00095000000000000639,4313.7658125643075,152.66861895283978,-1.4942729480040093,0,2,0.26500000000000001;0.26369999999999999;0.2631;0.25530000000000003;0.26279999999999998;0.2641;0.26319999999999999
12,hermite,16x24x8,32,7,double,m2_transfer_full,2,7,0.35399999999999998,0.40289999999999998,0.027050000000000018,4313.7658125643075,152.66861895283978,-1.4942729480040093,0,2,0.41189999999999999;0.42270000000000002;0.38550000000000001;0.39500000000000002;0.40289999999999998;0.43909999999999999;0.38340000000000002
13,hermite,16x24x8,1024,7,double,cpu_full,2,7,0.038199999999999998,8.1691000000000003,2.7557500000000008,-62424.698848164211,-56.786442535369368,0.22026422157245562,0,0,7.6231999999999998;7.3131000000000004;11.7837;11.5655;9.1103000000000005;8.1691000000000003;7.5411000000000001
13,hermite,16x24x8,1024,7,double,m2_resident_full,2,7,0.92459999999999998,0.6653,0.012600000000000056,-62424.698848164211,-56.786442535369368,0.22026422157245562,0,2,0.65300000000000002;0.6653;0.6502;0.66239999999999999;0.6865;0.66749999999999998;0.67310000000000003
13,hermite,16x24x8,1024,7,double,m2_transfer_full,2,7,0.69469999999999998,1.0142,0.0061500000000000998,-62424.698848164211,-56.786442535369368,0.22026422157245562,0,2,1.0158;1.0142;1.0194000000000001;1.0105999999999999;1.0106999999999999;1.0122;1.0259
14,hermite,64x64x32x16,32,7,double,cpu_full,2,7,0.53149999999999997,2.6964999999999999,0.26040000000000019,6638.8925373934317,-36.177446818513232,-2.0462284158028083,0,0,2.6415999999999999;2.6091000000000002;2.6575000000000002;2.7993000000000001;3.4458000000000002;3.0206;2.6964999999999999
14,hermite,64x64x32x16,32,7,double,m2_resident_full,2,7,1.3344,0.62729999999999997,0.011300000000000088,6638.8925373934317,-36.177446818513232,-2.0462284158028083,0,2,0.60360000000000003;0.63119999999999998;0.62080000000000002;0.61550000000000005;0.70479999999999998;0.62729999999999997;0.62770000000000004
14,hermite,64x64x32x16,32,7,double,m2_transfer_full,2,7,1.4917,0.9627,0.0085500000000000576,6638.8925373934317,-36.177446818513232,-2.0462284158028083,0,2,1.0840000000000001;0.96330000000000005;0.96209999999999996;0.97070000000000001;0.9627;0.95479999999999998;0.89570000000000005
15,hermite,64x64x32x16,1024,7,double,cpu_full,2,7,0.5907,81.243600000000001,3.0012500000000131,-154476.24240743567,-141.32560997193741,1.4222835503751226,0,0,81.243600000000001;84.878200000000007;81.098699999999994;80.734499999999997;89.508700000000005;82.957499999999996;80.268299999999996
15,hermite,64x64x32x16,1024,7,double,m2_resident_full,2,7,2.2911999999999999,2.2765,0.027549999999999741,-154476.24240743567,-141.32560997193741,1.4222835503751226,0,2,2.2477;2.2883;2.2492000000000001;2.2612999999999999;2.2772999999999999;2.4125000000000001;2.2765
15,hermite,64x64x32x16,1024,7,double,m2_transfer_full,2,7,2.3565,3.9615,0.086949999999999861,-154476.24240743567,-141.32560997193741,1.4222835503751226,0,2,3.9485999999999999;4.1414;4.0793999999999997;3.9293;3.9763000000000002;3.9615;3.9331999999999998
16,fourier,16x24x8,32,7,double,cpu_full,2,7,0.063399999999999998,0.25950000000000001,0.0053500000000000214,-2.1006626220767251,-4.8061235251974406,-0.24769172572736672,0,0,0.26840000000000003;0.25950000000000001;0.2596;0.27160000000000001;0.25659999999999999;0.2591;0.25819999999999999
16,fourier,16x24x8,32,7,double,m2_resident_full,2,7,0.45169999999999999,0.27029999999999998,0.00050000000000000044,-2.1006626220767251,-4.8061235251974406,-0.24769172572736672,1.7347234759768071e-18,2,0.27310000000000001;0.27010000000000001;0.27029999999999998;0.27039999999999997;0.26319999999999999;0.27100000000000002;0.27029999999999998
16,fourier,16x24x8,32,7,double,m2_transfer_full,2,7,0.43709999999999999,0.42709999999999998,0.047299999999999953,-2.1006626220767251,-4.8061235251974406,-0.24769172572736672,1.7347234759768071e-18,2,0.51359999999999995;0.42709999999999998;0.47989999999999999;0.42670000000000002;0.37819999999999998;0.3911;0.4325
17,fourier,16x24x8,1024,7,double,cpu_full,2,7,0.039199999999999999,8.5379000000000005,0.76834999999999809,-122.49174915915599,2.1056318378020116,-0.30989752320252184,0,0,8.7612000000000005;8.5379000000000005;9.4817;11.9627;8.3373000000000008;8.2538;8.3689
17,fourier,16x24x8,1024,7,double,m2_resident_full,2,7,0.93989999999999996,0.71060000000000001,0.078350000000000031,-122.49174915915599,2.1056318378020116,-0.30989752320252184,3.4694469519536142e-18,2,0.71060000000000001;0.70940000000000003;0.80989999999999995;0.88749999999999996;0.74680000000000002;0.68010000000000004;0.69059999999999999
17,fourier,16x24x8,1024,7,double,m2_transfer_full,2,7,0.6663,1.0235000000000001,0.01915,-122.49174915915599,2.1056318378020116,-0.30989752320252184,3.4694469519536142e-18,2,1.2452000000000001;1.0454000000000001;1.0298;1.0235000000000001;1.0168999999999999;1.0176000000000001;1.0193000000000001
18,fourier,64x64x32x16,32,7,double,cpu_full,2,7,0.52300000000000002,2.7946,0.29240000000000066,-0.3457256953287175,-10.174438110755741,0.24209764692507935,0,0,2.7867999999999999;2.7959000000000001;2.7591999999999999;2.7437;2.7946;4.1273;3.3349000000000002
18,fourier,64x64x32x16,32,7,double,m2_resident_full,2,7,1.2783,0.62309999999999999,0.0026500000000000412,-0.3457256953287175,-10.174438110755741,0.24209764692507935,6.7762635780344027e-21,2,0.62480000000000002;0.61460000000000004;0.62229999999999996;0.62090000000000001;0.62309999999999999;0.6331;0.62370000000000003
18,fourier,64x64x32x16,32,7,double,m2_transfer_full,2,7,1.2434000000000001,0.91139999999999999,0.021449999999999969,-0.3457256953287175,-10.174438110755741,0.24209764692507935,6.7762635780344027e-21,2,0.92679999999999996;0.93179999999999996;0.90769999999999995;0.91139999999999999;0.90800000000000003;0.89849999999999997;1.3024
19,fourier,64x64x32x16,1024,7,double,cpu_full,2,7,0.50670000000000004,92.273799999999994,36.139550000000014,-138.40892721771024,5.2165862183146183,0.1035784282436619,0,0,85.804400000000001;86.585099999999997;81.431899999999999;119.20910000000001;126.54949999999999;125.45950000000001;92.273799999999994
19,fourier,64x64x32x16,1024,7,double,m2_resident_full,2,7,2.7454999999999998,2.2787999999999999,0.080299999999999816,-138.40892721771024,5.2165862183146183,0.1035784282436619,3.4694469519536142e-18,2,2.2765;2.2787999999999999;2.2732000000000001;2.2757000000000001;2.4588000000000001;2.3595000000000002;2.3532999999999999
19,fourier,64x64x32x16,1024,7,double,m2_transfer_full,2,7,2.2046000000000001,4.0994000000000002,0.095349999999999824,-138.40892721771024,5.2165862183146183,0.1035784282436619,3.4694469519536142e-18,2,4.0218999999999996;4.016;4.0053000000000001;4.1505000000000001;4.1242999999999999;4.1043000000000003;4.0994000000000002
20,gaussian_rbf,16x24x8,32,7,double,cpu_full,2,7,0.062700000000000006,0.42130000000000001,0.0045499999999999985,-2.5147067658424294,-4.1235709961843403,-0.25383469804693487,0,0,0.42509999999999998;0.42030000000000001;0.42130000000000001;0.42030000000000001;0.52729999999999999;0.42480000000000001;0.42049999999999998
20,gaussian_rbf,16x24x8,32,7,double,m2_resident_full,2,7,0.49880000000000002,0.30380000000000001,0.0011999999999999789,-2.5147067658424285,-4.1235709961843403,-0.25383469804693487,3.4694469519536142e-18,2,0.31459999999999999;0.29360000000000003;0.30470000000000003;0.3029;0.30430000000000001;0.30370000000000003;0.30380000000000001
20,gaussian_rbf,16x24x8,32,7,double,m2_transfer_full,2,7,0.46539999999999998,0.44669999999999999,0.038049999999999917,-2.5147067658424285,-4.1235709961843403,-0.25383469804693487,3.4694469519536142e-18,2,0.5554;0.45639999999999997;0.48809999999999998;0.42980000000000002;0.40079999999999999;0.43859999999999999;0.44669999999999999
21,gaussian_rbf,16x24x8,1024,7,double,cpu_full,2,7,0.039,13.308999999999999,1.9227500000000006,-113.88134841687881,1.8066001176070923,-0.30720623802593644,0,0,18.186599999999999;16.7194;13.308999999999999;13.2332;13.1762;13.593299999999999;13.234
21,gaussian_rbf,16x24x8,1024,7,double,m2_resident_full,2,7,0.95499999999999996,0.71579999999999999,0.0044999999999999485,-113.88134841687881,1.8066001176070923,-0.30720623802593644,3.4694469519536142e-18,2,0.71579999999999999;0.7077;0.71540000000000004;0.71630000000000005;0.70799999999999996;0.71679999999999999;0.71609999999999996
21,gaussian_rbf,16x24x8,1024,7,double,m2_transfer_full,2,7,0.60819999999999996,1.0657000000000001,0.0057999999999998053,-113.88134841687881,1.8066001176070923,-0.30720623802593644,3.4694469519536142e-18,2,1.0758000000000001;1.0651999999999999;1.0699000000000001;1.0657000000000001;1.0708;1.0639000000000001;1.0582
22,gaussian_rbf,64x64x32x16,32,7,double,cpu_full,2,7,0.56820000000000004,3.3605,0.025250000000000217,-1.1930696415791833,-8.7260513677858604,0.22906216664122858,0,0,3.3689;3.3801000000000001;3.5148000000000001;3.3416000000000001;3.3260999999999998;3.3605;3.3569
22,gaussian_rbf,64x64x32x16,32,7,double,m2_resident_full,2,7,1.1772,0.66820000000000002,0.0061499999999998778,-1.1930696415791824,-8.7260513677858604,0.22906216664122858,3.4694469519536142e-18,2,0.65980000000000005;0.66839999999999999;0.67159999999999997;0.67100000000000004;0.65969999999999995;0.6673;0.66820000000000002
22,gaussian_rbf,64x64x32x16,32,7,double,m2_transfer_full,2,7,1.2578,0.96099999999999997,0.0080999999999999961,-1.1930696415791824,-8.7260513677858604,0.22906216664122858,3.4694469519536142e-18,2,0.95860000000000001;0.98599999999999999;0.96020000000000005;0.96950000000000003;0.96560000000000001;0.9587;0.96099999999999997
23,gaussian_rbf,64x64x32x16,1024,7,double,cpu_full,2,7,0.50460000000000005,103.2435,7.021499999999989,-117.33618807578034,4.4726670512872371,0.11027370088917215,0,0,110.11239999999999;103.2435;113.4676;101.919;101.1468;99.689999999999998;106.99639999999999
23,gaussian_rbf,64x64x32x16,1024,7,double,m2_resident_full,2,7,3.7109000000000001,6.4955999999999996,0.086999999999999744,-117.33618807578034,4.4726670512872371,0.11027370088917215,5.2041704279304213e-18,2,6.5651999999999999;6.4086999999999996;6.4939999999999998;6.4955999999999996;6.5576999999999996;6.5190000000000001;6.3975
23,gaussian_rbf,64x64x32x16,1024,7,double,m2_transfer_full,2,7,3.6518000000000002,10.609400000000001,0.42225000000000001,-117.33618807578034,4.4726670512872371,0.11027370088917215,5.2041704279304213e-18,2,10.9229;11.000400000000001;10.625400000000001;10.609400000000001;10.5138;10.19;10.0768
