case,family,topology,batch,degrees,precision,backend,warmups,repeats,setup_ms,median_ms,iqr_ms,output_checksum,gradient_checksum,parameter_checksum,max_abs_error,workspace_allocations,samples_ms
0,rational_1_1,16x24x8,32,1/1,double,cpu_full,2,7,0.039300000000000002,1.6072,0.26000000000000001,-1.542470264976294,-1.1098906384492493,-0.080069082480807879,0,0,1.627;1.6072;1.9690000000000001;2.2581000000000002;1.5474000000000001;1.5209999999999999;1.5286
0,rational_1_1,16x24x8,32,1/1,double,m4_resident_full,2,7,61.429600000000001,0.5615,0.052899999999999947,-1.542470264976294,-1.1098906384492495,-0.080069082480807879,8.6736173798840355e-19,2,0.52749999999999997;0.54049999999999998;0.53779999999999994;0.56920000000000004;0.6149;0.5615;0.66279999999999994
0,rational_1_1,16x24x8,32,1/1,double,m4_transfer_full,2,7,0.40699999999999997,0.66110000000000002,0.011850000000000027,-1.542470264976294,-1.1098906384492495,-0.080069082480807879,8.6736173798840355e-19,2,1.0144;0.66010000000000002;0.66149999999999998;0.66110000000000002;0.68279999999999996;0.66049999999999998;0.66010000000000002
1,rational_1_1,16x24x8,1024,1/1,double,cpu_full,2,7,0.018100000000000002,54.741399999999999,3.0352000000000032,-63.121522543563657,0.48579533404496122,-0.094430265532795335,0,0,53.168399999999998;58.345700000000001;54.741399999999999;56.933300000000003;55.671100000000003;52.773699999999998;53.365600000000001
1,rational_1_1,16x24x8,1024,1/1,double,m4_resident_full,2,7,1.2324999999999999,1.0024999999999999,0.0015500000000001624,-63.121522543563657,0.48579533404496122,-0.094430265532795335,3.4694469519536142e-18,2,1.0007999999999999;1.0026999999999999;1.0032000000000001;1.0253000000000001;0.999;1.0024999999999999;1.002
1,rational_1_1,16x24x8,1024,1/1,double,m4_transfer_full,2,7,1.0858000000000001,1.3090999999999999,0.00869999999999993,-63.121522543563657,0.48579533404496122,-0.094430265532795335,3.4694469519536142e-18,2,1.5193000000000001;1.3201000000000001;1.3084;1.3090999999999999;1.3137000000000001;1.3075000000000001;1.3080000000000001
2,rational_1_1,64x64x32x16,32,1/1,double,cpu_full,2,7,0.35170000000000001,17.952000000000002,3.096149999999998,-2.1374750451453219,-2.3942016817058742,0.34933652173347013,0,0,17.695;18.4983;17.902000000000001;17.883199999999999;17.952000000000002;23.479199999999999;24.394500000000001
2,rational_1_1,64x64x32x16,32,1/1,double,m4_resident_full,2,7,1.0815999999999999,1.8045,0.0028500000000000192,-2.1374750451453219,-2.3942016817058738,0.34933652173347013,3.4694469519536142e-18,2,1.8045;1.8066;1.8055000000000001;1.8062;1.8019000000000001;1.8041;1.7952999999999999
2,rational_1_1,64x64x32x16,32,1/1,double,m4_transfer_full,2,7,1.0954999999999999,2.0647000000000002,0.025049999999999795,-2.1374750451453219,-2.3942016817058738,0.34933652173347013,3.4694469519536142e-18,2,2.0899999999999999;2.0598000000000001;2.0619999999999998;2.0647000000000002;2.0956999999999999;2.0539999999999998;2.0819000000000001
3,rational_1_1,64x64x32x16,1024,1/1,double,cpu_full,2,7,0.27560000000000001,597.9502,54.567850000000021,-102.59849284793084,1.2225236674967874,0.31678583157371071,0,0,595.34249999999997;596.21410000000003;635.51239999999996;697.01289999999995;665.17989999999998;597.9502;582.89110000000005
3,rational_1_1,64x64x32x16,1024,1/1,double,m4_resident_full,2,7,10.0151,31.055900000000001,1.8884499999999989,-102.59849284793084,1.222523667496787,0.31678583157371071,3.4694469519536142e-18,2,31.055900000000001;31.042200000000001;31.077400000000001;34.715400000000002;35.259300000000003;30.973700000000001;19.777200000000001
3,rational_1_1,64x64x32x16,1024,1/1,double,m4_transfer_full,2,7,6.6132999999999997,16.624300000000002,0.52090000000000103,-102.59849284793084,1.222523667496787,0.31678583157371071,3.4694469519536142e-18,2,15.772600000000001;16.908200000000001;17.118200000000002;16.470300000000002;16.223600000000001;16.624300000000002;16.827500000000001
4,rational_3_2,16x24x8,32,3/2,double,cpu_full,2,7,0.0402,2.109,0.048200000000000021,-2.3966148086620951,-1.1312411417922055,-0.15003552976833121,0,0,2.1187;2.1046;2.1046;2.1040999999999999;2.109;2.1911;2.1869000000000001
4,rational_3_2,16x24x8,32,3/2,double,m4_resident_full,2,7,0.67689999999999995,1.52,0.0501999999999998,-2.3966148086620951,-1.1312411417922055,-0.15003552976833121,3.4694469519536142e-18,2,1.5606;1.52;1.5854999999999999;1.5222;1.4933000000000001;1.4859;1.4891000000000001
4,rational_3_2,16x24x8,32,3/2,double,m4_transfer_full,2,7,0.48110000000000003,1.5782,0.013199999999999878,-2.3966148086620951,-1.1312411417922055,-0.15003552976833121,3.4694469519536142e-18,2,1.5673999999999999;1.5782;1.5831;1.5628;1.5739000000000001;1.5846;1.5871
5,rational_3_2,16x24x8,1024,3/2,double,cpu_full,2,7,0.031099999999999999,70.340999999999994,7.1370500000000021,-90.060118905076862,0.49510729152253269,-0.16467267728965204,0,0,95.974800000000002;73.815799999999996;69.748099999999994;69.816800000000001;70.340999999999994;69.540899999999993;80.023200000000003
5,rational_3_2,16x24x8,1024,3/2,double,m4_resident_full,2,7,1.4684999999999999,3.1558999999999999,0.028399999999999981,-90.060118905076862,0.49510729152253247,-0.16467267728965204,3.4694469519536142e-18,2,3.1476000000000002;3.1558999999999999;3.1907000000000001;3.4870000000000001;3.1453000000000002;3.1589999999999998;3.1408
5,rational_3_2,16x24x8,1024,3/2,double,m4_transfer_full,2,7,1.3248,3.8062999999999998,0.44885000000000019,-90.060118905076862,0.49510729152253247,-0.16467267728965204,3.4694469519536142e-18,2,3.7869000000000002;3.7932000000000001;3.7759999999999998;4.2873000000000001;3.8062999999999998;4.1905000000000001;4.3329000000000004
6,rational_3_2,64x64x32x16,32,3/2,double,cpu_full,2,7,0.4879,26.408799999999999,1.9261000000000017,-2.2220068075150028,-2.4078553171022867,0.41685915024593018,0,0,25.5778;29.288799999999998;26.129999999999999;26.934899999999999;28.6251;24.870699999999999;26.408799999999999
6,rational_3_2,64x64x32x16,32,3/2,double,m4_resident_full,2,7,2.2894000000000001,5.9497,0.066150000000000375,-2.2220068075150028,-2.4078553171022867,0.41685915024593018,3.4694469519536142e-18,2,5.9497;6.0079000000000002;7.1653000000000002;5.9241999999999999;5.9672999999999998;5.9176000000000002;5.9187000000000003
6,rational_3_2,64x64x32x16,32,3/2,double,m4_transfer_full,2,7,2.1865999999999999,6.9859,0.062949999999999839,-2.2220068075150028,-2.4078553171022867,0.41685915024593018,3.4694469519536142e-18,2,6.9596999999999998;7.0991;6.9572000000000003;7.0015000000000001;6.7084000000000001;6.9859;7.0412999999999997
7,rational_3_2,64x64x32x16,1024,3/2,double,cpu_full,2,7,0.38219999999999998,812.71619999999996,33.268550000000005,-105.45622867219704,1.2313298108879145,0.38410631825183894,0,0,787.91800000000001;791.62249999999995;812.71619999999996;811.96730000000002;852.24789999999996;849.76459999999997;820.3623
7,rational_3_2,64x64x32x16,1024,3/2,double,m4_resident_full,2,7,16.435700000000001,25.373000000000001,4.3744999999999976,-105.45622867219704,1.2313298108879147,0.38410631825183894,5.2041704279304213e-18,2,82.5535;25.335799999999999;25.297499999999999;25.366800000000001;25.373000000000001;27.773800000000001;31.677800000000001
7,rational_3_2,64x64x32x16,1024,3/2,double,m4_transfer_full,2,7,7.8765000000000001,27.4543,0.68030000000000257,-105.45622867219704,1.2313298108879147,0.38410631825183894,5.2041704279304213e-18,2,27.4543;26.2681;27.628499999999999;27.401299999999999;27.761700000000001;27.494800000000001;26.3614
8,rational_6_4,16x24x8,32,6/4,double,cpu_full,2,7,0.20000000000000001,3.3075000000000001,0.27770000000000028,-3.1307636994154731,-1.1279557165568763,-0.21356136812531901,0,0,3.2570999999999999;3.3075000000000001;3.5577000000000001;3.1497999999999999;3.5484;3.1745999999999999;3.4386999999999999
8,rational_6_4,16x24x8,32,6/4,double,m4_resident_full,2,7,0.82779999999999998,2.1680000000000001,0.12605000000000022,-3.1307636994154731,-1.1279557165568763,-0.21356136812531901,3.4694469519536142e-18,2,2.2559999999999998;2.1131000000000002;2.1116999999999999;2.1133999999999999;2.2225999999999999;3.1002000000000001;2.1680000000000001
8,rational_6_4,16x24x8,32,6/4,double,m4_transfer_full,2,7,0.9577,2.4390000000000001,0.32335000000000003,-3.1307636994154731,-1.1279557165568763,-0.21356136812531901,3.4694469519536142e-18,2,2.4302000000000001;2.4390000000000001;2.4784999999999999;2.4390000000000001;3.0373999999999999;3.3700999999999999;2.4184999999999999
9,rational_6_4,16x24x8,1024,6/4,double,cpu_full,2,7,0.062199999999999998,131.29910000000001,23.343500000000006,-113.51219655196445,0.49378186141756814,-0.2281570194769543,0,0,148.85570000000001;114.6301;106.2591;131.29910000000001;143.5668;144.1078;126.3575
9,rational_6_4,16x24x8,1024,6/4,double,m4_resident_full,2,7,1.4213,5.2929000000000004,1.2238999999999995,-113.51219655196445,0.49378186141756808,-0.2281570194769543,3.4694469519536142e-18,2,6.5141;5.2149000000000001;5.2929000000000004;6.3720999999999997;5.2234999999999996;5.1768000000000001;6.7262000000000004
9,rational_6_4,16x24x8,1024,6/4,double,m4_transfer_full,2,7,1.4234,6.3766999999999996,0.61664999999999992,-113.51219655196445,0.49378186141756808,-0.2281570194769543,3.4694469519536142e-18,2,5.8545999999999996;6.9330999999999996;6.8647999999999998;6.5347999999999997;6.3117000000000001;5.8404999999999996;6.3766999999999996
10,rational_6_4,64x64x32x16,32,6/4,double,cpu_full,2,7,0.85640000000000005,43.722200000000001,4.9467499999999944,-2.2910040998232253,-2.4108423277562774,0.38896242838390388,0,0,43.722200000000001;46.508200000000002;44.542499999999997;39.200099999999999;45.526800000000001;39.173099999999998;40.975700000000003
10,rational_6_4,64x64x32x16,32,6/4,double,m4_resident_full,2,7,2.1787999999999998,9.5149000000000008,0.34980000000000011,-2.2910040998232253,-2.4108423277562769,0.38896242838390388,3.4694469519536142e-18,2,9.5149000000000008;9.2811000000000003;9.6777999999999995;9.7771000000000008;9.2669999999999995;9.5779999999999994;9.2751000000000001
10,rational_6_4,64x64x32x16,32,6/4,double,m4_transfer_full,2,7,2.2928999999999999,10.3644,0.50020000000000131,-2.2910040998232253,-2.4108423277562769,0.38896242838390388,3.4694469519536142e-18,2,10.6342;10.377000000000001;10.416600000000001;10.3644;9.8847000000000005;9.9032;9.8900000000000006
11,rational_6_4,64x64x32x16,1024,6/4,double,cpu_full,2,7,0.94289999999999996,1530.8984,118.51525000000015,-107.55413977560571,1.2321757646047427,0.35617509961871413,0,0,1976.644;1630.0773999999999;1623.1701;1530.8984;1505.1079999999999;1511.1089999999999;1446.4050999999999
11,rational_6_4,64x64x32x16,1024,6/4,double,m4_resident_full,2,7,6.9690000000000003,19.793399999999998,0.59675000000000011,-107.55413977560571,1.2321757646047429,0.35617509961871407,3.4694469519536142e-18,2,19.793399999999998;19.613399999999999;19.4666;19.762;20.447800000000001;20.2364;20.3325
11,rational_6_4,64x64x32x16,1024,6/4,double,m4_transfer_full,2,7,13.3483,22.139199999999999,0.68400000000000105,-107.55413977560571,1.2321757646047429,0.35617509961871407,3.4694469519536142e-18,2,22.950800000000001;21.990200000000002;21.932600000000001;22.34;22.139199999999999;21.501100000000001;23.3246
