rep,impl,precision,protocol,mode,interval,case,window,steps,ms_per_step,checksum
1,pre-C3,f32,matched,step,1,64x64x32x16-b1024,0,200,0.1760,0
1,pre-C3,f32,matched,step,1,64x64x32x16-b1024,1,200,0.1780,0
1,pre-C3,f32,matched,step,1,64x64x32x16-b1024,2,200,0.1759,-1.226915878
1,pre-C3,f32,matched,step,1,16x24x8-b1024,0,200,0.0934,0
1,pre-C3,f32,matched,step,1,16x24x8-b1024,1,200,0.0929,0
1,pre-C3,f32,matched,step,1,16x24x8-b1024,2,200,0.0925,-0.2442426503
1,pre-C3,f32,matched,step,1,256x256x256x10-b8192,0,50,3.0912,0
1,pre-C3,f32,matched,step,1,256x256x256x10-b8192,1,50,3.1169,0
1,pre-C3,f32,matched,step,1,256x256x256x10-b8192,2,50,3.1150,0.4215916786
1,pre-C3,f32,matched,step,1,1024x1024x1024-b4096,0,20,14.7581,0
1,pre-C3,f32,matched,step,1,1024x1024x1024-b4096,1,20,14.8192,0
1,pre-C3,f32,matched,step,1,1024x1024x1024-b4096,2,20,15.0508,0.7699521593
1,C3,f32,matched,step,1,64x64x32x16-b1024,0,200,0.1696,0
1,C3,f32,matched,step,1,64x64x32x16-b1024,1,200,0.1681,0
1,C3,f32,matched,step,1,64x64x32x16-b1024,2,200,0.1687,-1.226915878
1,C3,f32,matched,step,1,16x24x8-b1024,0,200,0.0918,0
1,C3,f32,matched,step,1,16x24x8-b1024,1,200,0.0913,0
1,C3,f32,matched,step,1,16x24x8-b1024,2,200,0.0913,-0.2442426503
1,C3,f32,matched,step,1,256x256x256x10-b8192,0,50,2.8642,0
1,C3,f32,matched,step,1,256x256x256x10-b8192,1,50,2.9038,0
1,C3,f32,matched,step,1,256x256x256x10-b8192,2,50,2.9136,0.4215916786
1,C3,f32,matched,step,1,1024x1024x1024-b4096,0,20,14.5692,0
1,C3,f32,matched,step,1,1024x1024x1024-b4096,1,20,14.5993,0
1,C3,f32,matched,step,1,1024x1024x1024-b4096,2,20,14.7650,0.7699521593
1,pre-C3,f32,matched,step,64,64x64x32x16-b1024,0,200,0.1318,0
1,pre-C3,f32,matched,step,64,64x64x32x16-b1024,1,200,0.1320,0
1,pre-C3,f32,matched,step,64,64x64x32x16-b1024,2,200,0.1314,-1.226915878
1,pre-C3,f32,matched,step,64,16x24x8-b1024,0,200,0.0488,0
1,pre-C3,f32,matched,step,64,16x24x8-b1024,1,200,0.0487,0
1,pre-C3,f32,matched,step,64,16x24x8-b1024,2,200,0.0487,-0.2442426503
1,pre-C3,f32,matched,step,64,256x256x256x10-b8192,0,50,3.0472,0
1,pre-C3,f32,matched,step,64,256x256x256x10-b8192,1,50,3.0776,0
1,pre-C3,f32,matched,step,64,256x256x256x10-b8192,2,50,3.0772,0.4215916786
1,pre-C3,f32,matched,step,64,1024x1024x1024-b4096,0,20,14.7862,0
1,pre-C3,f32,matched,step,64,1024x1024x1024-b4096,1,20,14.8252,0
1,pre-C3,f32,matched,step,64,1024x1024x1024-b4096,2,20,14.9841,0.7699521593
1,C3,f32,matched,step,64,64x64x32x16-b1024,0,200,0.1269,0
1,C3,f32,matched,step,64,64x64x32x16-b1024,1,200,0.1266,0
1,C3,f32,matched,step,64,64x64x32x16-b1024,2,200,0.1264,-1.226915878
1,C3,f32,matched,step,64,16x24x8-b1024,0,200,0.0492,0
1,C3,f32,matched,step,64,16x24x8-b1024,1,200,0.0490,0
1,C3,f32,matched,step,64,16x24x8-b1024,2,200,0.0486,-0.2442426503
1,C3,f32,matched,step,64,256x256x256x10-b8192,0,50,2.7926,0
1,C3,f32,matched,step,64,256x256x256x10-b8192,1,50,2.8396,0
1,C3,f32,matched,step,64,256x256x256x10-b8192,2,50,2.8440,0.4215916786
1,C3,f32,matched,step,64,1024x1024x1024-b4096,0,20,14.5294,0
1,C3,f32,matched,step,64,1024x1024x1024-b4096,1,20,14.6030,0
1,C3,f32,matched,step,64,1024x1024x1024-b4096,2,20,14.8148,0.7699521593
1,pre-C3,f32,realistic,step,1,64x64x32x16-b1024,0,200,0.3798,0
1,pre-C3,f32,realistic,step,1,64x64x32x16-b1024,1,200,0.3800,0
1,pre-C3,f32,realistic,step,1,64x64x32x16-b1024,2,200,0.3758,-1.142909274
1,pre-C3,f32,realistic,step,1,16x24x8-b1024,0,200,0.1881,0
1,pre-C3,f32,realistic,step,1,16x24x8-b1024,1,200,0.1814,0
1,pre-C3,f32,realistic,step,1,16x24x8-b1024,2,200,0.1747,-0.2306182705
1,pre-C3,f32,realistic,step,1,256x256x256x10-b8192,0,50,6.9080,0
1,pre-C3,f32,realistic,step,1,256x256x256x10-b8192,1,50,6.8843,0
1,pre-C3,f32,realistic,step,1,256x256x256x10-b8192,2,50,6.8973,0.4338269033
1,pre-C3,f32,realistic,step,1,1024x1024x1024-b4096,0,20,21.1148,0
1,pre-C3,f32,realistic,step,1,1024x1024x1024-b4096,1,20,21.0360,0
1,pre-C3,f32,realistic,step,1,1024x1024x1024-b4096,2,20,21.1858,0.7254683808
1,C3,f32,realistic,step,1,64x64x32x16-b1024,0,200,0.3733,0
1,C3,f32,realistic,step,1,64x64x32x16-b1024,1,200,0.3701,0
1,C3,f32,realistic,step,1,64x64x32x16-b1024,2,200,0.3736,-1.142909274
1,C3,f32,realistic,step,1,16x24x8-b1024,0,200,0.1799,0
1,C3,f32,realistic,step,1,16x24x8-b1024,1,200,0.1737,0
1,C3,f32,realistic,step,1,16x24x8-b1024,2,200,0.1729,-0.2306182705
1,C3,f32,realistic,step,1,256x256x256x10-b8192,0,50,6.5770,0
1,C3,f32,realistic,step,1,256x256x256x10-b8192,1,50,6.4963,0
1,C3,f32,realistic,step,1,256x256x256x10-b8192,2,50,6.5491,0.4338269033
1,C3,f32,realistic,step,1,1024x1024x1024-b4096,0,20,20.6282,0
1,C3,f32,realistic,step,1,1024x1024x1024-b4096,1,20,20.8234,0
1,C3,f32,realistic,step,1,1024x1024x1024-b4096,2,20,20.7276,0.7254683808
1,pre-C3,f32,realistic,step,64,64x64x32x16-b1024,0,200,0.1906,0
1,pre-C3,f32,realistic,step,64,64x64x32x16-b1024,1,200,0.1873,0
1,pre-C3,f32,realistic,step,64,64x64x32x16-b1024,2,200,0.1920,-1.142909274
1,pre-C3,f32,realistic,step,64,16x24x8-b1024,0,200,0.0843,0
1,pre-C3,f32,realistic,step,64,16x24x8-b1024,1,200,0.0806,0
1,pre-C3,f32,realistic,step,64,16x24x8-b1024,2,200,0.0819,-0.2306182705
1,pre-C3,f32,realistic,step,64,256x256x256x10-b8192,0,50,3.5668,0
1,pre-C3,f32,realistic,step,64,256x256x256x10-b8192,1,50,3.5521,0
1,pre-C3,f32,realistic,step,64,256x256x256x10-b8192,2,50,3.5448,0.4338269033
1,pre-C3,f32,realistic,step,64,1024x1024x1024-b4096,0,20,15.3868,0
1,pre-C3,f32,realistic,step,64,1024x1024x1024-b4096,1,20,15.3006,0
1,pre-C3,f32,realistic,step,64,1024x1024x1024-b4096,2,20,15.6091,0.7254683808
1,C3,f32,realistic,step,64,64x64x32x16-b1024,0,200,0.1872,0
1,C3,f32,realistic,step,64,64x64x32x16-b1024,1,200,0.1857,0
1,C3,f32,realistic,step,64,64x64x32x16-b1024,2,200,0.1850,-1.142909274
1,C3,f32,realistic,step,64,16x24x8-b1024,0,200,0.0815,0
1,C3,f32,realistic,step,64,16x24x8-b1024,1,200,0.0832,0
1,C3,f32,realistic,step,64,16x24x8-b1024,2,200,0.0819,-0.2306182705
1,C3,f32,realistic,step,64,256x256x256x10-b8192,0,50,3.4441,0
1,C3,f32,realistic,step,64,256x256x256x10-b8192,1,50,3.4028,0
1,C3,f32,realistic,step,64,256x256x256x10-b8192,2,50,3.4028,0.4338269033
1,C3,f32,realistic,step,64,1024x1024x1024-b4096,0,20,15.0640,0
1,C3,f32,realistic,step,64,1024x1024x1024-b4096,1,20,15.0720,0
1,C3,f32,realistic,step,64,1024x1024x1024-b4096,2,20,15.3518,0.7254683808
1,pre-C3,tf32,matched,step,1,64x64x32x16-b1024,0,200,0.1674,0
1,pre-C3,tf32,matched,step,1,64x64x32x16-b1024,1,200,0.1676,0
1,pre-C3,tf32,matched,step,1,64x64x32x16-b1024,2,200,0.1663,-1.226929678
1,pre-C3,tf32,matched,step,1,16x24x8-b1024,0,200,0.0922,0
1,pre-C3,tf32,matched,step,1,16x24x8-b1024,1,200,0.0932,0
1,pre-C3,tf32,matched,step,1,16x24x8-b1024,2,200,0.0924,-0.2442426503
1,pre-C3,tf32,matched,step,1,256x256x256x10-b8192,0,50,3.1957,0
1,pre-C3,tf32,matched,step,1,256x256x256x10-b8192,1,50,3.1586,0
1,pre-C3,tf32,matched,step,1,256x256x256x10-b8192,2,50,3.1194,0.4216276472
1,pre-C3,tf32,matched,step,1,1024x1024x1024-b4096,0,20,10.2822,0
1,pre-C3,tf32,matched,step,1,1024x1024x1024-b4096,1,20,10.1479,0
1,pre-C3,tf32,matched,step,1,1024x1024x1024-b4096,2,20,10.0855,0.7698620722
1,C3,tf32,matched,step,1,64x64x32x16-b1024,0,200,0.1617,0
1,C3,tf32,matched,step,1,64x64x32x16-b1024,1,200,0.1616,0
1,C3,tf32,matched,step,1,64x64x32x16-b1024,2,200,0.1627,-1.226929678
1,C3,tf32,matched,step,1,16x24x8-b1024,0,200,0.0919,0
1,C3,tf32,matched,step,1,16x24x8-b1024,1,200,0.0928,0
1,C3,tf32,matched,step,1,16x24x8-b1024,2,200,0.0925,-0.2442426503
1,C3,tf32,matched,step,1,256x256x256x10-b8192,0,50,2.9230,0
1,C3,tf32,matched,step,1,256x256x256x10-b8192,1,50,2.9213,0
1,C3,tf32,matched,step,1,256x256x256x10-b8192,2,50,2.8656,0.4216276472
1,C3,tf32,matched,step,1,1024x1024x1024-b4096,0,20,9.9534,0
1,C3,tf32,matched,step,1,1024x1024x1024-b4096,1,20,9.8933,0
1,C3,tf32,matched,step,1,1024x1024x1024-b4096,2,20,9.8056,0.7698620722
1,pre-C3,tf32,matched,step,64,64x64x32x16-b1024,0,200,0.1237,0
1,pre-C3,tf32,matched,step,64,64x64x32x16-b1024,1,200,0.1235,0
1,pre-C3,tf32,matched,step,64,64x64x32x16-b1024,2,200,0.1237,-1.226929678
1,pre-C3,tf32,matched,step,64,16x24x8-b1024,0,200,0.0485,0
1,pre-C3,tf32,matched,step,64,16x24x8-b1024,1,200,0.0485,0
1,pre-C3,tf32,matched,step,64,16x24x8-b1024,2,200,0.0489,-0.2442426503
1,pre-C3,tf32,matched,step,64,256x256x256x10-b8192,0,50,3.1459,0
1,pre-C3,tf32,matched,step,64,256x256x256x10-b8192,1,50,3.1362,0
1,pre-C3,tf32,matched,step,64,256x256x256x10-b8192,2,50,3.0464,0.4216276472
1,pre-C3,tf32,matched,step,64,1024x1024x1024-b4096,0,20,10.2143,0
1,pre-C3,tf32,matched,step,64,1024x1024x1024-b4096,1,20,10.1260,0
1,pre-C3,tf32,matched,step,64,1024x1024x1024-b4096,2,20,10.0551,0.7698620722
1,C3,tf32,matched,step,64,64x64x32x16-b1024,0,200,0.1190,0
1,C3,tf32,matched,step,64,64x64x32x16-b1024,1,200,0.1191,0
1,C3,tf32,matched,step,64,64x64x32x16-b1024,2,200,0.1190,-1.226929678
1,C3,tf32,matched,step,64,16x24x8-b1024,0,200,0.0489,0
1,C3,tf32,matched,step,64,16x24x8-b1024,1,200,0.0494,0
1,C3,tf32,matched,step,64,16x24x8-b1024,2,200,0.0492,-0.2442426503
1,C3,tf32,matched,step,64,256x256x256x10-b8192,0,50,2.8759,0
1,C3,tf32,matched,step,64,256x256x256x10-b8192,1,50,2.8450,0
1,C3,tf32,matched,step,64,256x256x256x10-b8192,2,50,2.7687,0.4216276472
1,C3,tf32,matched,step,64,1024x1024x1024-b4096,0,20,9.8854,0
1,C3,tf32,matched,step,64,1024x1024x1024-b4096,1,20,9.8007,0
1,C3,tf32,matched,step,64,1024x1024x1024-b4096,2,20,9.7377,0.7698620722
1,pre-C3,tf32,realistic,step,1,64x64x32x16-b1024,0,200,0.3817,0
1,pre-C3,tf32,realistic,step,1,64x64x32x16-b1024,1,200,0.3739,0
1,pre-C3,tf32,realistic,step,1,64x64x32x16-b1024,2,200,0.3713,-1.142910296
1,pre-C3,tf32,realistic,step,1,16x24x8-b1024,0,200,0.1838,0
1,pre-C3,tf32,realistic,step,1,16x24x8-b1024,1,200,0.1750,0
1,pre-C3,tf32,realistic,step,1,16x24x8-b1024,2,200,0.1750,-0.2306182705
1,pre-C3,tf32,realistic,step,1,256x256x256x10-b8192,0,50,7.1972,0
1,pre-C3,tf32,realistic,step,1,256x256x256x10-b8192,1,50,7.1487,0
1,pre-C3,tf32,realistic,step,1,256x256x256x10-b8192,2,50,7.1480,0.4338214097
1,pre-C3,tf32,realistic,step,1,1024x1024x1024-b4096,0,20,18.2832,0
1,pre-C3,tf32,realistic,step,1,1024x1024x1024-b4096,1,20,18.4238,0
1,pre-C3,tf32,realistic,step,1,1024x1024x1024-b4096,2,20,18.2818,0.7254702604
1,C3,tf32,realistic,step,1,64x64x32x16-b1024,0,200,0.3666,0
1,C3,tf32,realistic,step,1,64x64x32x16-b1024,1,200,0.3692,0
1,C3,tf32,realistic,step,1,64x64x32x16-b1024,2,200,0.3695,-1.142910296
1,C3,tf32,realistic,step,1,16x24x8-b1024,0,200,0.1797,0
1,C3,tf32,realistic,step,1,16x24x8-b1024,1,200,0.1785,0
1,C3,tf32,realistic,step,1,16x24x8-b1024,2,200,0.1860,-0.2306182705
1,C3,tf32,realistic,step,1,256x256x256x10-b8192,0,50,6.8307,0
1,C3,tf32,realistic,step,1,256x256x256x10-b8192,1,50,6.7982,0
1,C3,tf32,realistic,step,1,256x256x256x10-b8192,2,50,6.7660,0.4338214097
1,C3,tf32,realistic,step,1,1024x1024x1024-b4096,0,20,18.2164,0
1,C3,tf32,realistic,step,1,1024x1024x1024-b4096,1,20,18.2587,0
1,C3,tf32,realistic,step,1,1024x1024x1024-b4096,2,20,18.1613,0.7254702604
1,pre-C3,tf32,realistic,step,64,64x64x32x16-b1024,0,200,0.2122,0
1,pre-C3,tf32,realistic,step,64,64x64x32x16-b1024,1,200,0.2088,0
1,pre-C3,tf32,realistic,step,64,64x64x32x16-b1024,2,200,0.1970,-1.142910296
1,pre-C3,tf32,realistic,step,64,16x24x8-b1024,0,200,0.0810,0
1,pre-C3,tf32,realistic,step,64,16x24x8-b1024,1,200,0.0804,0
1,pre-C3,tf32,realistic,step,64,16x24x8-b1024,2,200,0.0800,-0.2306182705
1,pre-C3,tf32,realistic,step,64,256x256x256x10-b8192,0,50,3.6218,0
1,pre-C3,tf32,realistic,step,64,256x256x256x10-b8192,1,50,3.5504,0
1,pre-C3,tf32,realistic,step,64,256x256x256x10-b8192,2,50,3.5402,0.4338214097
1,pre-C3,tf32,realistic,step,64,1024x1024x1024-b4096,0,20,10.8912,0
1,pre-C3,tf32,realistic,step,64,1024x1024x1024-b4096,1,20,10.7816,0
1,pre-C3,tf32,realistic,step,64,1024x1024x1024-b4096,2,20,10.7871,0.7254702604
1,C3,tf32,realistic,step,64,64x64x32x16-b1024,0,200,0.2165,0
1,C3,tf32,realistic,step,64,64x64x32x16-b1024,1,200,0.1805,0
1,C3,tf32,realistic,step,64,64x64x32x16-b1024,2,200,0.1889,-1.142910296
1,C3,tf32,realistic,step,64,16x24x8-b1024,0,200,0.0837,0
1,C3,tf32,realistic,step,64,16x24x8-b1024,1,200,0.0803,0
1,C3,tf32,realistic,step,64,16x24x8-b1024,2,200,0.0802,-0.2306182705
1,C3,tf32,realistic,step,64,256x256x256x10-b8192,0,50,3.5115,0
1,C3,tf32,realistic,step,64,256x256x256x10-b8192,1,50,3.4530,0
1,C3,tf32,realistic,step,64,256x256x256x10-b8192,2,50,3.4364,0.4338214097
1,C3,tf32,realistic,step,64,1024x1024x1024-b4096,0,20,10.8267,0
1,C3,tf32,realistic,step,64,1024x1024x1024-b4096,1,20,10.7745,0
1,C3,tf32,realistic,step,64,1024x1024x1024-b4096,2,20,10.7746,0.7254702604
1,pre-C3,f64,matched,step,1,64x64x32x16-b1024,0,200,0.9548,0
1,pre-C3,f64,matched,step,1,64x64x32x16-b1024,1,200,0.9488,0
1,pre-C3,f64,matched,step,1,64x64x32x16-b1024,2,200,0.9473,-1.226909033
1,pre-C3,f64,matched,step,1,16x24x8-b1024,0,200,0.2521,0
1,pre-C3,f64,matched,step,1,16x24x8-b1024,1,200,0.2548,0
1,pre-C3,f64,matched,step,1,16x24x8-b1024,2,200,0.2614,-0.2442397748
1,pre-C3,f64,matched,step,1,256x256x256x10-b8192,0,10,82.2046,0
1,pre-C3,f64,matched,step,1,256x256x256x10-b8192,1,10,81.8027,0
1,pre-C3,f64,matched,step,1,256x256x256x10-b8192,2,10,81.7956,0.4256854954
1,pre-C3,f64,matched,step,1,1024x1024x1024-b4096,0,2,571.9940,0
1,pre-C3,f64,matched,step,1,1024x1024x1024-b4096,1,2,571.9763,0
1,pre-C3,f64,matched,step,1,1024x1024x1024-b4096,2,2,572.0299,0.7205686199
1,C3,f64,matched,step,1,64x64x32x16-b1024,0,200,0.9566,0
1,C3,f64,matched,step,1,64x64x32x16-b1024,1,200,0.9557,0
1,C3,f64,matched,step,1,64x64x32x16-b1024,2,200,0.9541,-1.226909033
1,C3,f64,matched,step,1,16x24x8-b1024,0,200,0.2542,0
1,C3,f64,matched,step,1,16x24x8-b1024,1,200,0.2551,0
1,C3,f64,matched,step,1,16x24x8-b1024,2,200,0.2560,-0.2442397748
1,C3,f64,matched,step,1,256x256x256x10-b8192,0,10,81.9368,0
1,C3,f64,matched,step,1,256x256x256x10-b8192,1,10,81.8150,0
1,C3,f64,matched,step,1,256x256x256x10-b8192,2,10,81.8282,0.4256854954
1,C3,f64,matched,step,1,1024x1024x1024-b4096,0,2,572.0064,0
1,C3,f64,matched,step,1,1024x1024x1024-b4096,1,2,571.9970,0
1,C3,f64,matched,step,1,1024x1024x1024-b4096,2,2,571.9873,0.7205686199
1,pre-C3,f64,matched,step,64,64x64x32x16-b1024,0,200,0.9054,0
1,pre-C3,f64,matched,step,64,64x64x32x16-b1024,1,200,0.8719,0
1,pre-C3,f64,matched,step,64,64x64x32x16-b1024,2,200,0.8619,-1.226909033
1,pre-C3,f64,matched,step,64,16x24x8-b1024,0,200,0.2006,0
1,pre-C3,f64,matched,step,64,16x24x8-b1024,1,200,0.2004,0
1,pre-C3,f64,matched,step,64,16x24x8-b1024,2,200,0.2004,-0.2442397748
1,pre-C3,f64,matched,step,64,256x256x256x10-b8192,0,10,81.7134,0
1,pre-C3,f64,matched,step,64,256x256x256x10-b8192,1,10,81.7063,0
1,pre-C3,f64,matched,step,64,256x256x256x10-b8192,2,10,81.7132,0.4256854954
1,pre-C3,f64,matched,step,64,1024x1024x1024-b4096,0,2,571.9108,0
1,pre-C3,f64,matched,step,64,1024x1024x1024-b4096,1,2,571.8906,0
1,pre-C3,f64,matched,step,64,1024x1024x1024-b4096,2,2,571.8904,0.7205686199
1,C3,f64,matched,step,64,64x64x32x16-b1024,0,200,0.9054,0
1,C3,f64,matched,step,64,64x64x32x16-b1024,1,200,0.8711,0
1,C3,f64,matched,step,64,64x64x32x16-b1024,2,200,0.8615,-1.226909033
1,C3,f64,matched,step,64,16x24x8-b1024,0,200,0.2005,0
1,C3,f64,matched,step,64,16x24x8-b1024,1,200,0.2004,0
1,C3,f64,matched,step,64,16x24x8-b1024,2,200,0.2005,-0.2442397748
1,C3,f64,matched,step,64,256x256x256x10-b8192,0,10,81.7300,0
1,C3,f64,matched,step,64,256x256x256x10-b8192,1,10,81.7301,0
1,C3,f64,matched,step,64,256x256x256x10-b8192,2,10,81.7327,0.4256854954
1,C3,f64,matched,step,64,1024x1024x1024-b4096,0,2,571.9264,0
1,C3,f64,matched,step,64,1024x1024x1024-b4096,1,2,571.9508,0
1,C3,f64,matched,step,64,1024x1024x1024-b4096,2,2,571.9382,0.7205686199
1,pre-C3,f64,realistic,step,1,64x64x32x16-b1024,0,200,1.2757,0
1,pre-C3,f64,realistic,step,1,64x64x32x16-b1024,1,200,1.2660,0
1,pre-C3,f64,realistic,step,1,64x64x32x16-b1024,2,200,1.2639,-1.142912131
1,pre-C3,f64,realistic,step,1,16x24x8-b1024,0,200,0.3775,0
1,pre-C3,f64,realistic,step,1,16x24x8-b1024,1,200,0.3756,0
1,pre-C3,f64,realistic,step,1,16x24x8-b1024,2,200,0.3667,-0.2306190415
1,pre-C3,f64,realistic,step,1,256x256x256x10-b8192,0,10,89.2302,0
1,pre-C3,f64,realistic,step,1,256x256x256x10-b8192,1,10,88.7410,0
1,pre-C3,f64,realistic,step,1,256x256x256x10-b8192,2,10,88.7304,0.4338274716
1,pre-C3,f64,realistic,step,1,1024x1024x1024-b4096,0,2,585.3853,0
1,pre-C3,f64,realistic,step,1,1024x1024x1024-b4096,1,2,585.3333,0
1,pre-C3,f64,realistic,step,1,1024x1024x1024-b4096,2,2,585.5871,0.7211952463
1,C3,f64,realistic,step,1,64x64x32x16-b1024,0,200,1.2736,0
1,C3,f64,realistic,step,1,64x64x32x16-b1024,1,200,1.2657,0
1,C3,f64,realistic,step,1,64x64x32x16-b1024,2,200,1.2699,-1.142912131
1,C3,f64,realistic,step,1,16x24x8-b1024,0,200,0.3741,0
1,C3,f64,realistic,step,1,16x24x8-b1024,1,200,0.3778,0
1,C3,f64,realistic,step,1,16x24x8-b1024,2,200,0.3756,-0.2306190415
1,C3,f64,realistic,step,1,256x256x256x10-b8192,0,10,89.0480,0
1,C3,f64,realistic,step,1,256x256x256x10-b8192,1,10,88.7406,0
1,C3,f64,realistic,step,1,256x256x256x10-b8192,2,10,88.8113,0.4338274716
1,C3,f64,realistic,step,1,1024x1024x1024-b4096,0,2,585.5059,0
1,C3,f64,realistic,step,1,1024x1024x1024-b4096,1,2,585.4433,0
1,C3,f64,realistic,step,1,1024x1024x1024-b4096,2,2,585.4268,0.7211952463
1,pre-C3,f64,realistic,step,64,64x64x32x16-b1024,0,200,0.9418,0
1,pre-C3,f64,realistic,step,64,64x64x32x16-b1024,1,200,0.9400,0
1,pre-C3,f64,realistic,step,64,64x64x32x16-b1024,2,200,0.8990,-1.142912131
1,pre-C3,f64,realistic,step,64,16x24x8-b1024,0,200,0.2162,0
1,pre-C3,f64,realistic,step,64,16x24x8-b1024,1,200,0.2141,0
1,pre-C3,f64,realistic,step,64,16x24x8-b1024,2,200,0.2146,-0.2306190415
1,pre-C3,f64,realistic,step,64,256x256x256x10-b8192,0,10,82.8134,0
1,pre-C3,f64,realistic,step,64,256x256x256x10-b8192,1,10,82.5070,0
1,pre-C3,f64,realistic,step,64,256x256x256x10-b8192,2,10,82.4722,0.4338274716
1,pre-C3,f64,realistic,step,64,1024x1024x1024-b4096,0,2,578.6782,0
1,pre-C3,f64,realistic,step,64,1024x1024x1024-b4096,1,2,578.7550,0
1,pre-C3,f64,realistic,step,64,1024x1024x1024-b4096,2,2,578.7681,0.7211952463
1,C3,f64,realistic,step,64,64x64x32x16-b1024,0,200,0.9449,0
1,C3,f64,realistic,step,64,64x64x32x16-b1024,1,200,0.9041,0
1,C3,f64,realistic,step,64,64x64x32x16-b1024,2,200,0.8970,-1.142912131
1,C3,f64,realistic,step,64,16x24x8-b1024,0,200,0.2151,0
1,C3,f64,realistic,step,64,16x24x8-b1024,1,200,0.2152,0
1,C3,f64,realistic,step,64,16x24x8-b1024,2,200,0.2141,-0.2306190415
1,C3,f64,realistic,step,64,256x256x256x10-b8192,0,10,83.3654,0
1,C3,f64,realistic,step,64,256x256x256x10-b8192,1,10,82.4972,0
1,C3,f64,realistic,step,64,256x256x256x10-b8192,2,10,82.5457,0.4338274716
1,C3,f64,realistic,step,64,1024x1024x1024-b4096,0,2,579.3845,0
1,C3,f64,realistic,step,64,1024x1024x1024-b4096,1,2,578.9129,0
1,C3,f64,realistic,step,64,1024x1024x1024-b4096,2,2,578.7782,0.7211952463
2,C3,f32,matched,step,1,64x64x32x16-b1024,0,200,0.1694,0
2,C3,f32,matched,step,1,64x64x32x16-b1024,1,200,0.1688,0
2,C3,f32,matched,step,1,64x64x32x16-b1024,2,200,0.1691,-1.226915878
2,C3,f32,matched,step,1,16x24x8-b1024,0,200,0.0913,0
2,C3,f32,matched,step,1,16x24x8-b1024,1,200,0.0912,0
2,C3,f32,matched,step,1,16x24x8-b1024,2,200,0.0927,-0.2442426503
2,C3,f32,matched,step,1,256x256x256x10-b8192,0,50,2.8800,0
2,C3,f32,matched,step,1,256x256x256x10-b8192,1,50,2.9125,0
2,C3,f32,matched,step,1,256x256x256x10-b8192,2,50,2.9194,0.4215916786
2,C3,f32,matched,step,1,1024x1024x1024-b4096,0,20,14.6692,0
2,C3,f32,matched,step,1,1024x1024x1024-b4096,1,20,14.7316,0
2,C3,f32,matched,step,1,1024x1024x1024-b4096,2,20,14.9748,0.7699521593
2,pre-C3,f32,matched,step,1,64x64x32x16-b1024,0,200,0.1747,0
2,pre-C3,f32,matched,step,1,64x64x32x16-b1024,1,200,0.1751,0
2,pre-C3,f32,matched,step,1,64x64x32x16-b1024,2,200,0.1742,-1.226915878
2,pre-C3,f32,matched,step,1,16x24x8-b1024,0,200,0.0918,0
2,pre-C3,f32,matched,step,1,16x24x8-b1024,1,200,0.0911,0
2,pre-C3,f32,matched,step,1,16x24x8-b1024,2,200,0.0924,-0.2442426503
2,pre-C3,f32,matched,step,1,256x256x256x10-b8192,0,50,3.1086,0
2,pre-C3,f32,matched,step,1,256x256x256x10-b8192,1,50,3.1429,0
2,pre-C3,f32,matched,step,1,256x256x256x10-b8192,2,50,3.1543,0.4215916786
2,pre-C3,f32,matched,step,1,1024x1024x1024-b4096,0,20,14.9974,0
2,pre-C3,f32,matched,step,1,1024x1024x1024-b4096,1,20,15.0245,0
2,pre-C3,f32,matched,step,1,1024x1024x1024-b4096,2,20,15.2527,0.7699521593
2,C3,f32,matched,step,64,64x64x32x16-b1024,0,200,0.1260,0
2,C3,f32,matched,step,64,64x64x32x16-b1024,1,200,0.1263,0
2,C3,f32,matched,step,64,64x64x32x16-b1024,2,200,0.1262,-1.226915878
2,C3,f32,matched,step,64,16x24x8-b1024,0,200,0.0486,0
2,C3,f32,matched,step,64,16x24x8-b1024,1,200,0.0491,0
2,C3,f32,matched,step,64,16x24x8-b1024,2,200,0.0490,-0.2442426503
2,C3,f32,matched,step,64,256x256x256x10-b8192,0,50,2.8446,0
2,C3,f32,matched,step,64,256x256x256x10-b8192,1,50,2.8816,0
2,C3,f32,matched,step,64,256x256x256x10-b8192,2,50,2.8804,0.4215916786
2,C3,f32,matched,step,64,1024x1024x1024-b4096,0,20,14.7246,0
2,C3,f32,matched,step,64,1024x1024x1024-b4096,1,20,14.7725,0
2,C3,f32,matched,step,64,1024x1024x1024-b4096,2,20,14.9518,0.7699521593
2,pre-C3,f32,matched,step,64,64x64x32x16-b1024,0,200,0.1316,0
2,pre-C3,f32,matched,step,64,64x64x32x16-b1024,1,200,0.1318,0
2,pre-C3,f32,matched,step,64,64x64x32x16-b1024,2,200,0.1318,-1.226915878
2,pre-C3,f32,matched,step,64,16x24x8-b1024,0,200,0.0483,0
2,pre-C3,f32,matched,step,64,16x24x8-b1024,1,200,0.0483,0
2,pre-C3,f32,matched,step,64,16x24x8-b1024,2,200,0.0485,-0.2442426503
2,pre-C3,f32,matched,step,64,256x256x256x10-b8192,0,50,3.0760,0
2,pre-C3,f32,matched,step,64,256x256x256x10-b8192,1,50,3.0976,0
2,pre-C3,f32,matched,step,64,256x256x256x10-b8192,2,50,3.0972,0.4215916786
2,pre-C3,f32,matched,step,64,1024x1024x1024-b4096,0,20,14.9301,0
2,pre-C3,f32,matched,step,64,1024x1024x1024-b4096,1,20,14.9538,0
2,pre-C3,f32,matched,step,64,1024x1024x1024-b4096,2,20,15.2481,0.7699521593
2,C3,f32,realistic,step,1,64x64x32x16-b1024,0,200,0.3849,0
2,C3,f32,realistic,step,1,64x64x32x16-b1024,1,200,0.3846,0
2,C3,f32,realistic,step,1,64x64x32x16-b1024,2,200,0.3752,-1.142909274
2,C3,f32,realistic,step,1,16x24x8-b1024,0,200,0.1762,0
2,C3,f32,realistic,step,1,16x24x8-b1024,1,200,0.1799,0
2,C3,f32,realistic,step,1,16x24x8-b1024,2,200,0.1842,-0.2306182705
2,C3,f32,realistic,step,1,256x256x256x10-b8192,0,50,6.6276,0
2,C3,f32,realistic,step,1,256x256x256x10-b8192,1,50,6.6206,0
2,C3,f32,realistic,step,1,256x256x256x10-b8192,2,50,6.5462,0.4338269033
2,C3,f32,realistic,step,1,1024x1024x1024-b4096,0,20,20.8411,0
2,C3,f32,realistic,step,1,1024x1024x1024-b4096,1,20,20.7720,0
2,C3,f32,realistic,step,1,1024x1024x1024-b4096,2,20,20.8024,0.7254683808
2,pre-C3,f32,realistic,step,1,64x64x32x16-b1024,0,200,0.3823,0
2,pre-C3,f32,realistic,step,1,64x64x32x16-b1024,1,200,0.3837,0
2,pre-C3,f32,realistic,step,1,64x64x32x16-b1024,2,200,0.3804,-1.142909274
2,pre-C3,f32,realistic,step,1,16x24x8-b1024,0,200,0.1772,0
2,pre-C3,f32,realistic,step,1,16x24x8-b1024,1,200,0.1776,0
2,pre-C3,f32,realistic,step,1,16x24x8-b1024,2,200,0.1771,-0.2306182705
2,pre-C3,f32,realistic,step,1,256x256x256x10-b8192,0,50,6.8295,0
2,pre-C3,f32,realistic,step,1,256x256x256x10-b8192,1,50,6.8155,0
2,pre-C3,f32,realistic,step,1,256x256x256x10-b8192,2,50,6.7307,0.4338269033
2,pre-C3,f32,realistic,step,1,1024x1024x1024-b4096,0,20,21.0617,0
2,pre-C3,f32,realistic,step,1,1024x1024x1024-b4096,1,20,21.0679,0
2,pre-C3,f32,realistic,step,1,1024x1024x1024-b4096,2,20,21.0700,0.7254683808
2,C3,f32,realistic,step,64,64x64x32x16-b1024,0,200,0.1969,0
2,C3,f32,realistic,step,64,64x64x32x16-b1024,1,200,0.1822,0
2,C3,f32,realistic,step,64,64x64x32x16-b1024,2,200,0.1883,-1.142909274
2,C3,f32,realistic,step,64,16x24x8-b1024,0,200,0.0835,0
2,C3,f32,realistic,step,64,16x24x8-b1024,1,200,0.0807,0
2,C3,f32,realistic,step,64,16x24x8-b1024,2,200,0.0818,-0.2306182705
2,C3,f32,realistic,step,64,256x256x256x10-b8192,0,50,3.4478,0
2,C3,f32,realistic,step,64,256x256x256x10-b8192,1,50,3.4412,0
2,C3,f32,realistic,step,64,256x256x256x10-b8192,2,50,3.4161,0.4338269033
2,C3,f32,realistic,step,64,1024x1024x1024-b4096,0,20,15.1771,0
2,C3,f32,realistic,step,64,1024x1024x1024-b4096,1,20,15.1195,0
2,C3,f32,realistic,step,64,1024x1024x1024-b4096,2,20,15.3202,0.7254683808
2,pre-C3,f32,realistic,step,64,64x64x32x16-b1024,0,200,0.1937,0
2,pre-C3,f32,realistic,step,64,64x64x32x16-b1024,1,200,0.1953,0
2,pre-C3,f32,realistic,step,64,64x64x32x16-b1024,2,200,0.1949,-1.142909274
2,pre-C3,f32,realistic,step,64,16x24x8-b1024,0,200,0.0843,0
2,pre-C3,f32,realistic,step,64,16x24x8-b1024,1,200,0.0836,0
2,pre-C3,f32,realistic,step,64,16x24x8-b1024,2,200,0.0824,-0.2306182705
2,pre-C3,f32,realistic,step,64,256x256x256x10-b8192,0,50,3.5701,0
2,pre-C3,f32,realistic,step,64,256x256x256x10-b8192,1,50,3.5805,0
2,pre-C3,f32,realistic,step,64,256x256x256x10-b8192,2,50,3.5623,0.4338269033
2,pre-C3,f32,realistic,step,64,1024x1024x1024-b4096,0,20,15.3876,0
2,pre-C3,f32,realistic,step,64,1024x1024x1024-b4096,1,20,15.3735,0
2,pre-C3,f32,realistic,step,64,1024x1024x1024-b4096,2,20,15.6147,0.7254683808
2,C3,tf32,matched,step,1,64x64x32x16-b1024,0,200,0.1635,0
2,C3,tf32,matched,step,1,64x64x32x16-b1024,1,200,0.1622,0
2,C3,tf32,matched,step,1,64x64x32x16-b1024,2,200,0.1615,-1.226929678
2,C3,tf32,matched,step,1,16x24x8-b1024,0,200,0.0943,0
2,C3,tf32,matched,step,1,16x24x8-b1024,1,200,0.0953,0
2,C3,tf32,matched,step,1,16x24x8-b1024,2,200,0.0963,-0.2442426503
2,C3,tf32,matched,step,1,256x256x256x10-b8192,0,50,2.9252,0
2,C3,tf32,matched,step,1,256x256x256x10-b8192,1,50,2.8722,0
2,C3,tf32,matched,step,1,256x256x256x10-b8192,2,50,2.8375,0.4216276472
2,C3,tf32,matched,step,1,1024x1024x1024-b4096,0,20,9.9545,0
2,C3,tf32,matched,step,1,1024x1024x1024-b4096,1,20,9.8128,0
2,C3,tf32,matched,step,1,1024x1024x1024-b4096,2,20,9.8023,0.7698620722
2,pre-C3,tf32,matched,step,1,64x64x32x16-b1024,0,200,0.1671,0
2,pre-C3,tf32,matched,step,1,64x64x32x16-b1024,1,200,0.1669,0
2,pre-C3,tf32,matched,step,1,64x64x32x16-b1024,2,200,0.1666,-1.226929678
2,pre-C3,tf32,matched,step,1,16x24x8-b1024,0,200,0.0914,0
2,pre-C3,tf32,matched,step,1,16x24x8-b1024,1,200,0.0937,0
2,pre-C3,tf32,matched,step,1,16x24x8-b1024,2,200,0.0909,-0.2442426503
2,pre-C3,tf32,matched,step,1,256x256x256x10-b8192,0,50,3.2248,0
2,pre-C3,tf32,matched,step,1,256x256x256x10-b8192,1,50,3.2051,0
2,pre-C3,tf32,matched,step,1,256x256x256x10-b8192,2,50,3.1635,0.4216276472
2,pre-C3,tf32,matched,step,1,1024x1024x1024-b4096,0,20,10.3078,0
2,pre-C3,tf32,matched,step,1,1024x1024x1024-b4096,1,20,10.2626,0
2,pre-C3,tf32,matched,step,1,1024x1024x1024-b4096,2,20,10.1481,0.7698620722
2,C3,tf32,matched,step,64,64x64x32x16-b1024,0,200,0.1187,0
2,C3,tf32,matched,step,64,64x64x32x16-b1024,1,200,0.1183,0
2,C3,tf32,matched,step,64,64x64x32x16-b1024,2,200,0.1182,-1.226929678
2,C3,tf32,matched,step,64,16x24x8-b1024,0,200,0.0487,0
2,C3,tf32,matched,step,64,16x24x8-b1024,1,200,0.0487,0
2,C3,tf32,matched,step,64,16x24x8-b1024,2,200,0.0486,-0.2442426503
2,C3,tf32,matched,step,64,256x256x256x10-b8192,0,50,2.8730,0
2,C3,tf32,matched,step,64,256x256x256x10-b8192,1,50,2.8627,0
2,C3,tf32,matched,step,64,256x256x256x10-b8192,2,50,2.7685,0.4216276472
2,C3,tf32,matched,step,64,1024x1024x1024-b4096,0,20,9.8910,0
2,C3,tf32,matched,step,64,1024x1024x1024-b4096,1,20,9.8225,0
2,C3,tf32,matched,step,64,1024x1024x1024-b4096,2,20,9.7403,0.7698620722
2,pre-C3,tf32,matched,step,64,64x64x32x16-b1024,0,200,0.1232,0
2,pre-C3,tf32,matched,step,64,64x64x32x16-b1024,1,200,0.1234,0
2,pre-C3,tf32,matched,step,64,64x64x32x16-b1024,2,200,0.1230,-1.226929678
2,pre-C3,tf32,matched,step,64,16x24x8-b1024,0,200,0.0485,0
2,pre-C3,tf32,matched,step,64,16x24x8-b1024,1,200,0.0487,0
2,pre-C3,tf32,matched,step,64,16x24x8-b1024,2,200,0.0486,-0.2442426503
2,pre-C3,tf32,matched,step,64,256x256x256x10-b8192,0,50,3.1486,0
2,pre-C3,tf32,matched,step,64,256x256x256x10-b8192,1,50,3.1220,0
2,pre-C3,tf32,matched,step,64,256x256x256x10-b8192,2,50,3.0462,0.4216276472
2,pre-C3,tf32,matched,step,64,1024x1024x1024-b4096,0,20,10.2150,0
2,pre-C3,tf32,matched,step,64,1024x1024x1024-b4096,1,20,10.1143,0
2,pre-C3,tf32,matched,step,64,1024x1024x1024-b4096,2,20,10.0735,0.7698620722
2,C3,tf32,realistic,step,1,64x64x32x16-b1024,0,200,0.3742,0
2,C3,tf32,realistic,step,1,64x64x32x16-b1024,1,200,0.3708,0
2,C3,tf32,realistic,step,1,64x64x32x16-b1024,2,200,0.3745,-1.142910296
2,C3,tf32,realistic,step,1,16x24x8-b1024,0,200,0.1764,0
2,C3,tf32,realistic,step,1,16x24x8-b1024,1,200,0.1753,0
2,C3,tf32,realistic,step,1,16x24x8-b1024,2,200,0.1761,-0.2306182705
2,C3,tf32,realistic,step,1,256x256x256x10-b8192,0,50,6.8125,0
2,C3,tf32,realistic,step,1,256x256x256x10-b8192,1,50,6.7159,0
2,C3,tf32,realistic,step,1,256x256x256x10-b8192,2,50,6.7528,0.4338214097
2,C3,tf32,realistic,step,1,1024x1024x1024-b4096,0,20,18.2373,0
2,C3,tf32,realistic,step,1,1024x1024x1024-b4096,1,20,18.2594,0
2,C3,tf32,realistic,step,1,1024x1024x1024-b4096,2,20,18.1885,0.7254702604
2,pre-C3,tf32,realistic,step,1,64x64x32x16-b1024,0,200,0.3727,0
2,pre-C3,tf32,realistic,step,1,64x64x32x16-b1024,1,200,0.3729,0
2,pre-C3,tf32,realistic,step,1,64x64x32x16-b1024,2,200,0.3696,-1.142910296
2,pre-C3,tf32,realistic,step,1,16x24x8-b1024,0,200,0.1757,0
2,pre-C3,tf32,realistic,step,1,16x24x8-b1024,1,200,0.1799,0
2,pre-C3,tf32,realistic,step,1,16x24x8-b1024,2,200,0.1780,-0.2306182705
2,pre-C3,tf32,realistic,step,1,256x256x256x10-b8192,0,50,7.1501,0
2,pre-C3,tf32,realistic,step,1,256x256x256x10-b8192,1,50,7.1530,0
2,pre-C3,tf32,realistic,step,1,256x256x256x10-b8192,2,50,7.1109,0.4338214097
2,pre-C3,tf32,realistic,step,1,1024x1024x1024-b4096,0,20,18.2741,0
2,pre-C3,tf32,realistic,step,1,1024x1024x1024-b4096,1,20,18.2484,0
2,pre-C3,tf32,realistic,step,1,1024x1024x1024-b4096,2,20,18.4156,0.7254702604
2,C3,tf32,realistic,step,64,64x64x32x16-b1024,0,200,0.1895,0
2,C3,tf32,realistic,step,64,64x64x32x16-b1024,1,200,0.1915,0
2,C3,tf32,realistic,step,64,64x64x32x16-b1024,2,200,0.1951,-1.142910296
2,C3,tf32,realistic,step,64,16x24x8-b1024,0,200,0.0807,0
2,C3,tf32,realistic,step,64,16x24x8-b1024,1,200,0.1033,0
2,C3,tf32,realistic,step,64,16x24x8-b1024,2,200,0.0918,-0.2306182705
2,C3,tf32,realistic,step,64,256x256x256x10-b8192,0,50,3.5057,0
2,C3,tf32,realistic,step,64,256x256x256x10-b8192,1,50,3.4550,0
2,C3,tf32,realistic,step,64,256x256x256x10-b8192,2,50,3.3964,0.4338214097
2,C3,tf32,realistic,step,64,1024x1024x1024-b4096,0,20,10.7914,0
2,C3,tf32,realistic,step,64,1024x1024x1024-b4096,1,20,10.7816,0
2,C3,tf32,realistic,step,64,1024x1024x1024-b4096,2,20,10.7898,0.7254702604
2,pre-C3,tf32,realistic,step,64,64x64x32x16-b1024,0,200,0.1812,0
2,pre-C3,tf32,realistic,step,64,64x64x32x16-b1024,1,200,0.1805,0
2,pre-C3,tf32,realistic,step,64,64x64x32x16-b1024,2,200,0.1824,-1.142910296
2,pre-C3,tf32,realistic,step,64,16x24x8-b1024,0,200,0.0799,0
2,pre-C3,tf32,realistic,step,64,16x24x8-b1024,1,200,0.0809,0
2,pre-C3,tf32,realistic,step,64,16x24x8-b1024,2,200,0.0801,-0.2306182705
2,pre-C3,tf32,realistic,step,64,256x256x256x10-b8192,0,50,3.6556,0
2,pre-C3,tf32,realistic,step,64,256x256x256x10-b8192,1,50,3.5498,0
2,pre-C3,tf32,realistic,step,64,256x256x256x10-b8192,2,50,3.5412,0.4338214097
2,pre-C3,tf32,realistic,step,64,1024x1024x1024-b4096,0,20,10.8610,0
2,pre-C3,tf32,realistic,step,64,1024x1024x1024-b4096,1,20,10.7877,0
2,pre-C3,tf32,realistic,step,64,1024x1024x1024-b4096,2,20,10.7687,0.7254702604
2,C3,f64,matched,step,1,64x64x32x16-b1024,0,200,0.9560,0
2,C3,f64,matched,step,1,64x64x32x16-b1024,1,200,0.9514,0
2,C3,f64,matched,step,1,64x64x32x16-b1024,2,200,0.9518,-1.226909033
2,C3,f64,matched,step,1,16x24x8-b1024,0,200,0.2541,0
2,C3,f64,matched,step,1,16x24x8-b1024,1,200,0.2577,0
2,C3,f64,matched,step,1,16x24x8-b1024,2,200,0.2561,-0.2442397748
2,C3,f64,matched,step,1,256x256x256x10-b8192,0,10,82.3684,0
2,C3,f64,matched,step,1,256x256x256x10-b8192,1,10,81.8145,0
2,C3,f64,matched,step,1,256x256x256x10-b8192,2,10,81.8295,0.4256854954
2,C3,f64,matched,step,1,1024x1024x1024-b4096,0,2,571.9810,0
2,C3,f64,matched,step,1,1024x1024x1024-b4096,1,2,572.0006,0
2,C3,f64,matched,step,1,1024x1024x1024-b4096,2,2,571.9895,0.7205686199
2,pre-C3,f64,matched,step,1,64x64x32x16-b1024,0,200,0.9577,0
2,pre-C3,f64,matched,step,1,64x64x32x16-b1024,1,200,0.9515,0
2,pre-C3,f64,matched,step,1,64x64x32x16-b1024,2,200,0.9489,-1.226909033
2,pre-C3,f64,matched,step,1,16x24x8-b1024,0,200,0.2553,0
2,pre-C3,f64,matched,step,1,16x24x8-b1024,1,200,0.2657,0
2,pre-C3,f64,matched,step,1,16x24x8-b1024,2,200,0.2531,-0.2442397748
2,pre-C3,f64,matched,step,1,256x256x256x10-b8192,0,10,82.4794,0
2,pre-C3,f64,matched,step,1,256x256x256x10-b8192,1,10,81.7836,0
2,pre-C3,f64,matched,step,1,256x256x256x10-b8192,2,10,81.7892,0.4256854954
2,pre-C3,f64,matched,step,1,1024x1024x1024-b4096,0,2,571.9798,0
2,pre-C3,f64,matched,step,1,1024x1024x1024-b4096,1,2,571.9609,0
2,pre-C3,f64,matched,step,1,1024x1024x1024-b4096,2,2,571.9764,0.7205686199
2,C3,f64,matched,step,64,64x64x32x16-b1024,0,200,0.9052,0
2,C3,f64,matched,step,64,64x64x32x16-b1024,1,200,0.9043,0
2,C3,f64,matched,step,64,64x64x32x16-b1024,2,200,0.8676,-1.226909033
2,C3,f64,matched,step,64,16x24x8-b1024,0,200,0.2013,0
2,C3,f64,matched,step,64,16x24x8-b1024,1,200,0.2005,0
2,C3,f64,matched,step,64,16x24x8-b1024,2,200,0.2006,-0.2442397748
2,C3,f64,matched,step,64,256x256x256x10-b8192,0,10,82.3108,0
2,C3,f64,matched,step,64,256x256x256x10-b8192,1,10,81.7308,0
2,C3,f64,matched,step,64,256x256x256x10-b8192,2,10,81.7254,0.4256854954
2,C3,f64,matched,step,64,1024x1024x1024-b4096,0,2,571.9124,0
2,C3,f64,matched,step,64,1024x1024x1024-b4096,1,2,571.9241,0
2,C3,f64,matched,step,64,1024x1024x1024-b4096,2,2,571.9287,0.7205686199
2,pre-C3,f64,matched,step,64,64x64x32x16-b1024,0,200,0.9061,0
2,pre-C3,f64,matched,step,64,64x64x32x16-b1024,1,200,0.9026,0
2,pre-C3,f64,matched,step,64,64x64x32x16-b1024,2,200,0.8667,-1.226909033
2,pre-C3,f64,matched,step,64,16x24x8-b1024,0,200,0.2006,0
2,pre-C3,f64,matched,step,64,16x24x8-b1024,1,200,0.2009,0
2,pre-C3,f64,matched,step,64,16x24x8-b1024,2,200,0.2006,-0.2442397748
2,pre-C3,f64,matched,step,64,256x256x256x10-b8192,0,10,82.3133,0
2,pre-C3,f64,matched,step,64,256x256x256x10-b8192,1,10,81.7089,0
2,pre-C3,f64,matched,step,64,256x256x256x10-b8192,2,10,81.7109,0.4256854954
2,pre-C3,f64,matched,step,64,1024x1024x1024-b4096,0,2,571.8957,0
2,pre-C3,f64,matched,step,64,1024x1024x1024-b4096,1,2,571.9068,0
2,pre-C3,f64,matched,step,64,1024x1024x1024-b4096,2,2,571.8810,0.7205686199
2,C3,f64,realistic,step,1,64x64x32x16-b1024,0,200,1.2651,0
2,C3,f64,realistic,step,1,64x64x32x16-b1024,1,200,1.2668,0
2,C3,f64,realistic,step,1,64x64x32x16-b1024,2,200,1.2592,-1.142912131
2,C3,f64,realistic,step,1,16x24x8-b1024,0,200,0.3821,0
2,C3,f64,realistic,step,1,16x24x8-b1024,1,200,0.3785,0
2,C3,f64,realistic,step,1,16x24x8-b1024,2,200,0.3759,-0.2306190415
2,C3,f64,realistic,step,1,256x256x256x10-b8192,0,10,89.6713,0
2,C3,f64,realistic,step,1,256x256x256x10-b8192,1,10,88.7159,0
2,C3,f64,realistic,step,1,256x256x256x10-b8192,2,10,88.7582,0.4338274716
2,C3,f64,realistic,step,1,1024x1024x1024-b4096,0,2,585.3206,0
2,C3,f64,realistic,step,1,1024x1024x1024-b4096,1,2,585.3938,0
2,C3,f64,realistic,step,1,1024x1024x1024-b4096,2,2,585.7629,0.7211952463
2,pre-C3,f64,realistic,step,1,64x64x32x16-b1024,0,200,1.2697,0
2,pre-C3,f64,realistic,step,1,64x64x32x16-b1024,1,200,1.2671,0
2,pre-C3,f64,realistic,step,1,64x64x32x16-b1024,2,200,1.2610,-1.142912131
2,pre-C3,f64,realistic,step,1,16x24x8-b1024,0,200,0.3792,0
2,pre-C3,f64,realistic,step,1,16x24x8-b1024,1,200,0.3675,0
2,pre-C3,f64,realistic,step,1,16x24x8-b1024,2,200,0.3771,-0.2306190415
2,pre-C3,f64,realistic,step,1,256x256x256x10-b8192,0,10,89.1272,0
2,pre-C3,f64,realistic,step,1,256x256x256x10-b8192,1,10,88.8198,0
2,pre-C3,f64,realistic,step,1,256x256x256x10-b8192,2,10,88.7211,0.4338274716
2,pre-C3,f64,realistic,step,1,1024x1024x1024-b4096,0,2,585.3587,0
2,pre-C3,f64,realistic,step,1,1024x1024x1024-b4096,1,2,585.4283,0
2,pre-C3,f64,realistic,step,1,1024x1024x1024-b4096,2,2,585.4431,0.7211952463
2,C3,f64,realistic,step,64,64x64x32x16-b1024,0,200,0.9397,0
2,C3,f64,realistic,step,64,64x64x32x16-b1024,1,200,0.9203,0
2,C3,f64,realistic,step,64,64x64x32x16-b1024,2,200,0.8996,-1.142912131
2,C3,f64,realistic,step,64,16x24x8-b1024,0,200,0.2137,0
2,C3,f64,realistic,step,64,16x24x8-b1024,1,200,0.2131,0
2,C3,f64,realistic,step,64,16x24x8-b1024,2,200,0.2144,-0.2306190415
2,C3,f64,realistic,step,64,256x256x256x10-b8192,0,10,82.5129,0
2,C3,f64,realistic,step,64,256x256x256x10-b8192,1,10,82.4818,0
2,C3,f64,realistic,step,64,256x256x256x10-b8192,2,10,82.4719,0.4338274716
2,C3,f64,realistic,step,64,1024x1024x1024-b4096,0,2,578.9764,0
2,C3,f64,realistic,step,64,1024x1024x1024-b4096,1,2,578.8329,0
2,C3,f64,realistic,step,64,1024x1024x1024-b4096,2,2,578.9429,0.7211952463
2,pre-C3,f64,realistic,step,64,64x64x32x16-b1024,0,200,0.9391,0
2,pre-C3,f64,realistic,step,64,64x64x32x16-b1024,1,200,0.9402,0
2,pre-C3,f64,realistic,step,64,64x64x32x16-b1024,2,200,0.9008,-1.142912131
2,pre-C3,f64,realistic,step,64,16x24x8-b1024,0,200,0.2146,0
2,pre-C3,f64,realistic,step,64,16x24x8-b1024,1,200,0.2145,0
2,pre-C3,f64,realistic,step,64,16x24x8-b1024,2,200,0.2138,-0.2306190415
2,pre-C3,f64,realistic,step,64,256x256x256x10-b8192,0,10,82.9405,0
2,pre-C3,f64,realistic,step,64,256x256x256x10-b8192,1,10,82.4532,0
2,pre-C3,f64,realistic,step,64,256x256x256x10-b8192,2,10,82.4874,0.4338274716
2,pre-C3,f64,realistic,step,64,1024x1024x1024-b4096,0,2,578.7396,0
2,pre-C3,f64,realistic,step,64,1024x1024x1024-b4096,1,2,578.8613,0
2,pre-C3,f64,realistic,step,64,1024x1024x1024-b4096,2,2,578.7441,0.7211952463
3,pre-C3,f32,matched,step,1,64x64x32x16-b1024,0,200,0.1753,0
3,pre-C3,f32,matched,step,1,64x64x32x16-b1024,1,200,0.1837,0
3,pre-C3,f32,matched,step,1,64x64x32x16-b1024,2,200,0.1751,-1.226915878
3,pre-C3,f32,matched,step,1,16x24x8-b1024,0,200,0.0918,0
3,pre-C3,f32,matched,step,1,16x24x8-b1024,1,200,0.0987,0
3,pre-C3,f32,matched,step,1,16x24x8-b1024,2,200,0.0946,-0.2442426503
3,pre-C3,f32,matched,step,1,256x256x256x10-b8192,0,50,3.1223,0
3,pre-C3,f32,matched,step,1,256x256x256x10-b8192,1,50,3.1566,0
3,pre-C3,f32,matched,step,1,256x256x256x10-b8192,2,50,3.1481,0.4215916786
3,pre-C3,f32,matched,step,1,1024x1024x1024-b4096,0,20,14.9896,0
3,pre-C3,f32,matched,step,1,1024x1024x1024-b4096,1,20,15.0268,0
3,pre-C3,f32,matched,step,1,1024x1024x1024-b4096,2,20,15.2611,0.7699521593
3,C3,f32,matched,step,1,64x64x32x16-b1024,0,200,0.1695,0
3,C3,f32,matched,step,1,64x64x32x16-b1024,1,200,0.1703,0
3,C3,f32,matched,step,1,64x64x32x16-b1024,2,200,0.1740,-1.226915878
3,C3,f32,matched,step,1,16x24x8-b1024,0,200,0.0928,0
3,C3,f32,matched,step,1,16x24x8-b1024,1,200,0.0916,0
3,C3,f32,matched,step,1,16x24x8-b1024,2,200,0.0922,-0.2442426503
3,C3,f32,matched,step,1,256x256x256x10-b8192,0,50,2.9048,0
3,C3,f32,matched,step,1,256x256x256x10-b8192,1,50,2.9241,0
3,C3,f32,matched,step,1,256x256x256x10-b8192,2,50,2.9097,0.4215916786
3,C3,f32,matched,step,1,1024x1024x1024-b4096,0,20,14.6961,0
3,C3,f32,matched,step,1,1024x1024x1024-b4096,1,20,14.7726,0
3,C3,f32,matched,step,1,1024x1024x1024-b4096,2,20,15.0302,0.7699521593
3,pre-C3,f32,matched,step,64,64x64x32x16-b1024,0,200,0.1320,0
3,pre-C3,f32,matched,step,64,64x64x32x16-b1024,1,200,0.1319,0
3,pre-C3,f32,matched,step,64,64x64x32x16-b1024,2,200,0.1319,-1.226915878
3,pre-C3,f32,matched,step,64,16x24x8-b1024,0,200,0.0490,0
3,pre-C3,f32,matched,step,64,16x24x8-b1024,1,200,0.0485,0
3,pre-C3,f32,matched,step,64,16x24x8-b1024,2,200,0.0485,-0.2442426503
3,pre-C3,f32,matched,step,64,256x256x256x10-b8192,0,50,3.0889,0
3,pre-C3,f32,matched,step,64,256x256x256x10-b8192,1,50,3.1167,0
3,pre-C3,f32,matched,step,64,256x256x256x10-b8192,2,50,3.1172,0.4215916786
3,pre-C3,f32,matched,step,64,1024x1024x1024-b4096,0,20,14.9808,0
3,pre-C3,f32,matched,step,64,1024x1024x1024-b4096,1,20,14.9534,0
3,pre-C3,f32,matched,step,64,1024x1024x1024-b4096,2,20,15.2064,0.7699521593
3,C3,f32,matched,step,64,64x64x32x16-b1024,0,200,0.1260,0
3,C3,f32,matched,step,64,64x64x32x16-b1024,1,200,0.1259,0
3,C3,f32,matched,step,64,64x64x32x16-b1024,2,200,0.1260,-1.226915878
3,C3,f32,matched,step,64,16x24x8-b1024,0,200,0.0487,0
3,C3,f32,matched,step,64,16x24x8-b1024,1,200,0.0488,0
3,C3,f32,matched,step,64,16x24x8-b1024,2,200,0.0488,-0.2442426503
3,C3,f32,matched,step,64,256x256x256x10-b8192,0,50,2.8325,0
3,C3,f32,matched,step,64,256x256x256x10-b8192,1,50,2.8816,0
3,C3,f32,matched,step,64,256x256x256x10-b8192,2,50,2.8801,0.4215916786
3,C3,f32,matched,step,64,1024x1024x1024-b4096,0,20,14.7167,0
3,C3,f32,matched,step,64,1024x1024x1024-b4096,1,20,14.7442,0
3,C3,f32,matched,step,64,1024x1024x1024-b4096,2,20,14.9522,0.7699521593
3,pre-C3,f32,realistic,step,1,64x64x32x16-b1024,0,200,0.3828,0
3,pre-C3,f32,realistic,step,1,64x64x32x16-b1024,1,200,0.3823,0
3,pre-C3,f32,realistic,step,1,64x64x32x16-b1024,2,200,0.3818,-1.142909274
3,pre-C3,f32,realistic,step,1,16x24x8-b1024,0,200,0.1835,0
3,pre-C3,f32,realistic,step,1,16x24x8-b1024,1,200,0.1762,0
3,pre-C3,f32,realistic,step,1,16x24x8-b1024,2,200,0.1754,-0.2306182705
3,pre-C3,f32,realistic,step,1,256x256x256x10-b8192,0,50,6.8309,0
3,pre-C3,f32,realistic,step,1,256x256x256x10-b8192,1,50,6.8605,0
3,pre-C3,f32,realistic,step,1,256x256x256x10-b8192,2,50,6.8312,0.4338269033
3,pre-C3,f32,realistic,step,1,1024x1024x1024-b4096,0,20,21.0621,0
3,pre-C3,f32,realistic,step,1,1024x1024x1024-b4096,1,20,21.1628,0
3,pre-C3,f32,realistic,step,1,1024x1024x1024-b4096,2,20,21.1490,0.7254683808
3,C3,f32,realistic,step,1,64x64x32x16-b1024,0,200,0.3742,0
3,C3,f32,realistic,step,1,64x64x32x16-b1024,1,200,0.3775,0
3,C3,f32,realistic,step,1,64x64x32x16-b1024,2,200,0.3744,-1.142909274
3,C3,f32,realistic,step,1,16x24x8-b1024,0,200,0.1729,0
3,C3,f32,realistic,step,1,16x24x8-b1024,1,200,0.1751,0
3,C3,f32,realistic,step,1,16x24x8-b1024,2,200,0.1747,-0.2306182705
3,C3,f32,realistic,step,1,256x256x256x10-b8192,0,50,6.6082,0
3,C3,f32,realistic,step,1,256x256x256x10-b8192,1,50,6.6249,0
3,C3,f32,realistic,step,1,256x256x256x10-b8192,2,50,6.6253,0.4338269033
3,C3,f32,realistic,step,1,1024x1024x1024-b4096,0,20,20.7714,0
3,C3,f32,realistic,step,1,1024x1024x1024-b4096,1,20,20.6831,0
3,C3,f32,realistic,step,1,1024x1024x1024-b4096,2,20,20.7515,0.7254683808
3,pre-C3,f32,realistic,step,64,64x64x32x16-b1024,0,200,0.1879,0
3,pre-C3,f32,realistic,step,64,64x64x32x16-b1024,1,200,0.1864,0
3,pre-C3,f32,realistic,step,64,64x64x32x16-b1024,2,200,0.1876,-1.142909274
3,pre-C3,f32,realistic,step,64,16x24x8-b1024,0,200,0.0846,0
3,pre-C3,f32,realistic,step,64,16x24x8-b1024,1,200,0.0846,0
3,pre-C3,f32,realistic,step,64,16x24x8-b1024,2,200,0.0832,-0.2306182705
3,pre-C3,f32,realistic,step,64,256x256x256x10-b8192,0,50,3.5851,0
3,pre-C3,f32,realistic,step,64,256x256x256x10-b8192,1,50,3.5385,0
3,pre-C3,f32,realistic,step,64,256x256x256x10-b8192,2,50,3.5549,0.4338269033
3,pre-C3,f32,realistic,step,64,1024x1024x1024-b4096,0,20,15.3973,0
3,pre-C3,f32,realistic,step,64,1024x1024x1024-b4096,1,20,15.4093,0
3,pre-C3,f32,realistic,step,64,1024x1024x1024-b4096,2,20,15.6193,0.7254683808
3,C3,f32,realistic,step,64,64x64x32x16-b1024,0,200,0.1976,0
3,C3,f32,realistic,step,64,64x64x32x16-b1024,1,200,0.1856,0
3,C3,f32,realistic,step,64,64x64x32x16-b1024,2,200,0.1844,-1.142909274
3,C3,f32,realistic,step,64,16x24x8-b1024,0,200,0.0825,0
3,C3,f32,realistic,step,64,16x24x8-b1024,1,200,0.0804,0
3,C3,f32,realistic,step,64,16x24x8-b1024,2,200,0.0831,-0.2306182705
3,C3,f32,realistic,step,64,256x256x256x10-b8192,0,50,3.4818,0
3,C3,f32,realistic,step,64,256x256x256x10-b8192,1,50,3.4033,0
3,C3,f32,realistic,step,64,256x256x256x10-b8192,2,50,3.4104,0.4338269033
3,C3,f32,realistic,step,64,1024x1024x1024-b4096,0,20,15.1472,0
3,C3,f32,realistic,step,64,1024x1024x1024-b4096,1,20,15.1080,0
3,C3,f32,realistic,step,64,1024x1024x1024-b4096,2,20,15.2527,0.7254683808
3,pre-C3,tf32,matched,step,1,64x64x32x16-b1024,0,200,0.1671,0
3,pre-C3,tf32,matched,step,1,64x64x32x16-b1024,1,200,0.1792,0
3,pre-C3,tf32,matched,step,1,64x64x32x16-b1024,2,200,0.1649,-1.226929678
3,pre-C3,tf32,matched,step,1,16x24x8-b1024,0,200,0.1030,0
3,pre-C3,tf32,matched,step,1,16x24x8-b1024,1,200,0.0913,0
3,pre-C3,tf32,matched,step,1,16x24x8-b1024,2,200,0.0940,-0.2442426503
3,pre-C3,tf32,matched,step,1,256x256x256x10-b8192,0,50,3.1962,0
3,pre-C3,tf32,matched,step,1,256x256x256x10-b8192,1,50,3.2006,0
3,pre-C3,tf32,matched,step,1,256x256x256x10-b8192,2,50,3.1275,0.4216276472
3,pre-C3,tf32,matched,step,1,1024x1024x1024-b4096,0,20,10.2801,0
3,pre-C3,tf32,matched,step,1,1024x1024x1024-b4096,1,20,10.2190,0
3,pre-C3,tf32,matched,step,1,1024x1024x1024-b4096,2,20,10.1313,0.7698620722
3,C3,tf32,matched,step,1,64x64x32x16-b1024,0,200,0.1627,0
3,C3,tf32,matched,step,1,64x64x32x16-b1024,1,200,0.1631,0
3,C3,tf32,matched,step,1,64x64x32x16-b1024,2,200,0.1626,-1.226929678
3,C3,tf32,matched,step,1,16x24x8-b1024,0,200,0.0962,0
3,C3,tf32,matched,step,1,16x24x8-b1024,1,200,0.0995,0
3,C3,tf32,matched,step,1,16x24x8-b1024,2,200,0.0960,-0.2442426503
3,C3,tf32,matched,step,1,256x256x256x10-b8192,0,50,2.9371,0
3,C3,tf32,matched,step,1,256x256x256x10-b8192,1,50,2.8849,0
3,C3,tf32,matched,step,1,256x256x256x10-b8192,2,50,2.8480,0.4216276472
3,C3,tf32,matched,step,1,1024x1024x1024-b4096,0,20,9.9642,0
3,C3,tf32,matched,step,1,1024x1024x1024-b4096,1,20,9.8392,0
3,C3,tf32,matched,step,1,1024x1024x1024-b4096,2,20,9.8096,0.7698620722
3,pre-C3,tf32,matched,step,64,64x64x32x16-b1024,0,200,0.1231,0
3,pre-C3,tf32,matched,step,64,64x64x32x16-b1024,1,200,0.1231,0
3,pre-C3,tf32,matched,step,64,64x64x32x16-b1024,2,200,0.1232,-1.226929678
3,pre-C3,tf32,matched,step,64,16x24x8-b1024,0,200,0.0486,0
3,pre-C3,tf32,matched,step,64,16x24x8-b1024,1,200,0.0486,0
3,pre-C3,tf32,matched,step,64,16x24x8-b1024,2,200,0.0490,-0.2442426503
3,pre-C3,tf32,matched,step,64,256x256x256x10-b8192,0,50,3.1455,0
3,pre-C3,tf32,matched,step,64,256x256x256x10-b8192,1,50,3.0744,0
3,pre-C3,tf32,matched,step,64,256x256x256x10-b8192,2,50,3.0460,0.4216276472
3,pre-C3,tf32,matched,step,64,1024x1024x1024-b4096,0,20,10.2047,0
3,pre-C3,tf32,matched,step,64,1024x1024x1024-b4096,1,20,10.0723,0
3,pre-C3,tf32,matched,step,64,1024x1024x1024-b4096,2,20,10.0718,0.7698620722
3,C3,tf32,matched,step,64,64x64x32x16-b1024,0,200,0.1190,0
3,C3,tf32,matched,step,64,64x64x32x16-b1024,1,200,0.1190,0
3,C3,tf32,matched,step,64,64x64x32x16-b1024,2,200,0.1191,-1.226929678
3,C3,tf32,matched,step,64,16x24x8-b1024,0,200,0.0488,0
3,C3,tf32,matched,step,64,16x24x8-b1024,1,200,0.0488,0
3,C3,tf32,matched,step,64,16x24x8-b1024,2,200,0.0489,-0.2442426503
3,C3,tf32,matched,step,64,256x256x256x10-b8192,0,50,2.8746,0
3,C3,tf32,matched,step,64,256x256x256x10-b8192,1,50,2.8710,0
3,C3,tf32,matched,step,64,256x256x256x10-b8192,2,50,2.8219,0.4216276472
3,C3,tf32,matched,step,64,1024x1024x1024-b4096,0,20,9.8842,0
3,C3,tf32,matched,step,64,1024x1024x1024-b4096,1,20,9.7445,0
3,C3,tf32,matched,step,64,1024x1024x1024-b4096,2,20,9.7409,0.7698620722
3,pre-C3,tf32,realistic,step,1,64x64x32x16-b1024,0,200,0.3713,0
3,pre-C3,tf32,realistic,step,1,64x64x32x16-b1024,1,200,0.3714,0
3,pre-C3,tf32,realistic,step,1,64x64x32x16-b1024,2,200,0.3784,-1.142910296
3,pre-C3,tf32,realistic,step,1,16x24x8-b1024,0,200,0.1803,0
3,pre-C3,tf32,realistic,step,1,16x24x8-b1024,1,200,0.1774,0
3,pre-C3,tf32,realistic,step,1,16x24x8-b1024,2,200,0.1722,-0.2306182705
3,pre-C3,tf32,realistic,step,1,256x256x256x10-b8192,0,50,7.1599,0
3,pre-C3,tf32,realistic,step,1,256x256x256x10-b8192,1,50,6.9984,0
3,pre-C3,tf32,realistic,step,1,256x256x256x10-b8192,2,50,7.0945,0.4338214097
3,pre-C3,tf32,realistic,step,1,1024x1024x1024-b4096,0,20,18.2280,0
3,pre-C3,tf32,realistic,step,1,1024x1024x1024-b4096,1,20,18.1994,0
3,pre-C3,tf32,realistic,step,1,1024x1024x1024-b4096,2,20,18.3350,0.7254702604
3,C3,tf32,realistic,step,1,64x64x32x16-b1024,0,200,0.3698,0
3,C3,tf32,realistic,step,1,64x64x32x16-b1024,1,200,0.3684,0
3,C3,tf32,realistic,step,1,64x64x32x16-b1024,2,200,0.3680,-1.142910296
3,C3,tf32,realistic,step,1,16x24x8-b1024,0,200,0.1932,0
3,C3,tf32,realistic,step,1,16x24x8-b1024,1,200,0.1784,0
3,C3,tf32,realistic,step,1,16x24x8-b1024,2,200,0.1782,-0.2306182705
3,C3,tf32,realistic,step,1,256x256x256x10-b8192,0,50,6.8133,0
3,C3,tf32,realistic,step,1,256x256x256x10-b8192,1,50,6.8155,0
3,C3,tf32,realistic,step,1,256x256x256x10-b8192,2,50,6.7433,0.4338214097
3,C3,tf32,realistic,step,1,1024x1024x1024-b4096,0,20,18.2842,0
3,C3,tf32,realistic,step,1,1024x1024x1024-b4096,1,20,18.2516,0
3,C3,tf32,realistic,step,1,1024x1024x1024-b4096,2,20,18.3478,0.7254702604
3,pre-C3,tf32,realistic,step,64,64x64x32x16-b1024,0,200,0.1824,0
3,pre-C3,tf32,realistic,step,64,64x64x32x16-b1024,1,200,0.1821,0
3,pre-C3,tf32,realistic,step,64,64x64x32x16-b1024,2,200,0.1816,-1.142910296
3,pre-C3,tf32,realistic,step,64,16x24x8-b1024,0,200,0.0846,0
3,pre-C3,tf32,realistic,step,64,16x24x8-b1024,1,200,0.0840,0
3,pre-C3,tf32,realistic,step,64,16x24x8-b1024,2,200,0.0816,-0.2306182705
3,pre-C3,tf32,realistic,step,64,256x256x256x10-b8192,0,50,3.6512,0
3,pre-C3,tf32,realistic,step,64,256x256x256x10-b8192,1,50,3.5538,0
3,pre-C3,tf32,realistic,step,64,256x256x256x10-b8192,2,50,3.5382,0.4338214097
3,pre-C3,tf32,realistic,step,64,1024x1024x1024-b4096,0,20,10.8606,0
3,pre-C3,tf32,realistic,step,64,1024x1024x1024-b4096,1,20,10.7682,0
3,pre-C3,tf32,realistic,step,64,1024x1024x1024-b4096,2,20,10.7679,0.7254702604
3,C3,tf32,realistic,step,64,64x64x32x16-b1024,0,200,0.1824,0
3,C3,tf32,realistic,step,64,64x64x32x16-b1024,1,200,0.1998,0
3,C3,tf32,realistic,step,64,64x64x32x16-b1024,2,200,0.2179,-1.142910296
3,C3,tf32,realistic,step,64,16x24x8-b1024,0,200,0.0804,0
3,C3,tf32,realistic,step,64,16x24x8-b1024,1,200,0.0805,0
3,C3,tf32,realistic,step,64,16x24x8-b1024,2,200,0.0805,-0.2306182705
3,C3,tf32,realistic,step,64,256x256x256x10-b8192,0,50,3.4901,0
3,C3,tf32,realistic,step,64,256x256x256x10-b8192,1,50,3.4116,0
3,C3,tf32,realistic,step,64,256x256x256x10-b8192,2,50,3.3859,0.4338214097
3,C3,tf32,realistic,step,64,1024x1024x1024-b4096,0,20,10.8091,0
3,C3,tf32,realistic,step,64,1024x1024x1024-b4096,1,20,10.7589,0
3,C3,tf32,realistic,step,64,1024x1024x1024-b4096,2,20,10.7732,0.7254702604
3,pre-C3,f64,matched,step,1,64x64x32x16-b1024,0,200,0.9586,0
3,pre-C3,f64,matched,step,1,64x64x32x16-b1024,1,200,0.9537,0
3,pre-C3,f64,matched,step,1,64x64x32x16-b1024,2,200,0.9493,-1.226909033
3,pre-C3,f64,matched,step,1,16x24x8-b1024,0,200,0.2599,0
3,pre-C3,f64,matched,step,1,16x24x8-b1024,1,200,0.2577,0
3,pre-C3,f64,matched,step,1,16x24x8-b1024,2,200,0.2528,-0.2442397748
3,pre-C3,f64,matched,step,1,256x256x256x10-b8192,0,10,81.9524,0
3,pre-C3,f64,matched,step,1,256x256x256x10-b8192,1,10,81.7827,0
3,pre-C3,f64,matched,step,1,256x256x256x10-b8192,2,10,81.7916,0.4256854954
3,pre-C3,f64,matched,step,1,1024x1024x1024-b4096,0,2,571.9647,0
3,pre-C3,f64,matched,step,1,1024x1024x1024-b4096,1,2,571.9687,0
3,pre-C3,f64,matched,step,1,1024x1024x1024-b4096,2,2,571.9857,0.7205686199
3,C3,f64,matched,step,1,64x64x32x16-b1024,0,200,0.9541,0
3,C3,f64,matched,step,1,64x64x32x16-b1024,1,200,0.9550,0
3,C3,f64,matched,step,1,64x64x32x16-b1024,2,200,0.9492,-1.226909033
3,C3,f64,matched,step,1,16x24x8-b1024,0,200,0.2596,0
3,C3,f64,matched,step,1,16x24x8-b1024,1,200,0.2563,0
3,C3,f64,matched,step,1,16x24x8-b1024,2,200,0.2531,-0.2442397748
3,C3,f64,matched,step,1,256x256x256x10-b8192,0,10,81.9271,0
3,C3,f64,matched,step,1,256x256x256x10-b8192,1,10,81.8118,0
3,C3,f64,matched,step,1,256x256x256x10-b8192,2,10,81.8155,0.4256854954
3,C3,f64,matched,step,1,1024x1024x1024-b4096,0,2,572.0126,0
3,C3,f64,matched,step,1,1024x1024x1024-b4096,1,2,572.0065,0
3,C3,f64,matched,step,1,1024x1024x1024-b4096,2,2,571.9984,0.7205686199
3,pre-C3,f64,matched,step,64,64x64x32x16-b1024,0,200,0.9055,0
3,pre-C3,f64,matched,step,64,64x64x32x16-b1024,1,200,0.9036,0
3,pre-C3,f64,matched,step,64,64x64x32x16-b1024,2,200,0.8664,-1.226909033
3,pre-C3,f64,matched,step,64,16x24x8-b1024,0,200,0.2012,0
3,pre-C3,f64,matched,step,64,16x24x8-b1024,1,200,0.2007,0
3,pre-C3,f64,matched,step,64,16x24x8-b1024,2,200,0.2007,-0.2442397748
3,pre-C3,f64,matched,step,64,256x256x256x10-b8192,0,10,82.2356,0
3,pre-C3,f64,matched,step,64,256x256x256x10-b8192,1,10,81.7121,0
3,pre-C3,f64,matched,step,64,256x256x256x10-b8192,2,10,81.7059,0.4256854954
3,pre-C3,f64,matched,step,64,1024x1024x1024-b4096,0,2,571.9162,0
3,pre-C3,f64,matched,step,64,1024x1024x1024-b4096,1,2,571.9004,0
3,pre-C3,f64,matched,step,64,1024x1024x1024-b4096,2,2,571.8922,0.7205686199
3,C3,f64,matched,step,64,64x64x32x16-b1024,0,200,0.9055,0
3,C3,f64,matched,step,64,64x64x32x16-b1024,1,200,0.9023,0
3,C3,f64,matched,step,64,64x64x32x16-b1024,2,200,0.8659,-1.226909033
3,C3,f64,matched,step,64,16x24x8-b1024,0,200,0.2005,0
3,C3,f64,matched,step,64,16x24x8-b1024,1,200,0.2007,0
3,C3,f64,matched,step,64,16x24x8-b1024,2,200,0.2007,-0.2442397748
3,C3,f64,matched,step,64,256x256x256x10-b8192,0,10,82.1938,0
3,C3,f64,matched,step,64,256x256x256x10-b8192,1,10,81.7292,0
3,C3,f64,matched,step,64,256x256x256x10-b8192,2,10,81.7357,0.4256854954
3,C3,f64,matched,step,64,1024x1024x1024-b4096,0,2,571.9105,0
3,C3,f64,matched,step,64,1024x1024x1024-b4096,1,2,571.9678,0
3,C3,f64,matched,step,64,1024x1024x1024-b4096,2,2,571.9247,0.7205686199
3,pre-C3,f64,realistic,step,1,64x64x32x16-b1024,0,200,1.2661,0
3,pre-C3,f64,realistic,step,1,64x64x32x16-b1024,1,200,1.2696,0
3,pre-C3,f64,realistic,step,1,64x64x32x16-b1024,2,200,1.2662,-1.142912131
3,pre-C3,f64,realistic,step,1,16x24x8-b1024,0,200,0.3731,0
3,pre-C3,f64,realistic,step,1,16x24x8-b1024,1,200,0.3718,0
3,pre-C3,f64,realistic,step,1,16x24x8-b1024,2,200,0.3785,-0.2306190415
3,pre-C3,f64,realistic,step,1,256x256x256x10-b8192,0,10,89.7886,0
3,pre-C3,f64,realistic,step,1,256x256x256x10-b8192,1,10,88.7435,0
3,pre-C3,f64,realistic,step,1,256x256x256x10-b8192,2,10,88.7526,0.4338274716
3,pre-C3,f64,realistic,step,1,1024x1024x1024-b4096,0,2,585.7093,0
3,pre-C3,f64,realistic,step,1,1024x1024x1024-b4096,1,2,585.5607,0
3,pre-C3,f64,realistic,step,1,1024x1024x1024-b4096,2,2,585.4792,0.7211952463
3,C3,f64,realistic,step,1,64x64x32x16-b1024,0,200,1.2670,0
3,C3,f64,realistic,step,1,64x64x32x16-b1024,1,200,1.2650,0
3,C3,f64,realistic,step,1,64x64x32x16-b1024,2,200,1.2684,-1.142912131
3,C3,f64,realistic,step,1,16x24x8-b1024,0,200,0.3683,0
3,C3,f64,realistic,step,1,16x24x8-b1024,1,200,0.3797,0
3,C3,f64,realistic,step,1,16x24x8-b1024,2,200,0.3690,-0.2306190415
3,C3,f64,realistic,step,1,256x256x256x10-b8192,0,10,88.9904,0
3,C3,f64,realistic,step,1,256x256x256x10-b8192,1,10,88.7755,0
3,C3,f64,realistic,step,1,256x256x256x10-b8192,2,10,88.7331,0.4338274716
3,C3,f64,realistic,step,1,1024x1024x1024-b4096,0,2,585.5648,0
3,C3,f64,realistic,step,1,1024x1024x1024-b4096,1,2,585.5978,0
3,C3,f64,realistic,step,1,1024x1024x1024-b4096,2,2,585.4158,0.7211952463
3,pre-C3,f64,realistic,step,64,64x64x32x16-b1024,0,200,0.9433,0
3,pre-C3,f64,realistic,step,64,64x64x32x16-b1024,1,200,0.9209,0
3,pre-C3,f64,realistic,step,64,64x64x32x16-b1024,2,200,0.8985,-1.142912131
3,pre-C3,f64,realistic,step,64,16x24x8-b1024,0,200,0.2137,0
3,pre-C3,f64,realistic,step,64,16x24x8-b1024,1,200,0.2133,0
3,pre-C3,f64,realistic,step,64,16x24x8-b1024,2,200,0.2134,-0.2306190415
3,pre-C3,f64,realistic,step,64,256x256x256x10-b8192,0,10,82.4992,0
3,pre-C3,f64,realistic,step,64,256x256x256x10-b8192,1,10,82.5039,0
3,pre-C3,f64,realistic,step,64,256x256x256x10-b8192,2,10,82.4978,0.4338274716
3,pre-C3,f64,realistic,step,64,1024x1024x1024-b4096,0,2,578.7505,0
3,pre-C3,f64,realistic,step,64,1024x1024x1024-b4096,1,2,578.9277,0
3,pre-C3,f64,realistic,step,64,1024x1024x1024-b4096,2,2,578.8742,0.7211952463
3,C3,f64,realistic,step,64,64x64x32x16-b1024,0,200,0.9431,0
3,C3,f64,realistic,step,64,64x64x32x16-b1024,1,200,0.9347,0
3,C3,f64,realistic,step,64,64x64x32x16-b1024,2,200,0.9010,-1.142912131
3,C3,f64,realistic,step,64,16x24x8-b1024,0,200,0.2144,0
3,C3,f64,realistic,step,64,16x24x8-b1024,1,200,0.2144,0
3,C3,f64,realistic,step,64,16x24x8-b1024,2,200,0.2158,-0.2306190415
3,C3,f64,realistic,step,64,256x256x256x10-b8192,0,10,83.0011,0
3,C3,f64,realistic,step,64,256x256x256x10-b8192,1,10,82.4849,0
3,C3,f64,realistic,step,64,256x256x256x10-b8192,2,10,82.4750,0.4338274716
3,C3,f64,realistic,step,64,1024x1024x1024-b4096,0,2,578.7235,0
3,C3,f64,realistic,step,64,1024x1024x1024-b4096,1,2,578.9986,0
3,C3,f64,realistic,step,64,1024x1024x1024-b4096,2,2,578.7913,0.7211952463
