case,family,topology,batch,degrees,precision,backend,warmups,repeats,setup_ms,median_ms,iqr_ms,output_checksum,gradient_checksum,parameter_checksum,max_abs_error,workspace_allocations,samples_ms
0,rational_1_1,16x24x8,32,1/1,double,cpu_full,2,7,0.033300000000000003,2.6072000000000002,0.82865000000000055,-1.542470264976294,-1.1098906384492493,-0.080069082480807879,0,0,2.6072000000000002;3.2671000000000001;3.1255000000000002;2.3418000000000001;2.9199000000000002;2.0463;1.8616999999999999
0,rational_1_1,16x24x8,32,1/1,double,m4_resident_full,2,7,81.039100000000005,0.58050000000000002,0.029200000000000004,-1.542470264976294,-1.1098906384492495,-0.080069082480807879,8.6736173798840355e-19,2,0.57509999999999994;0.58050000000000002;1.0425;0.58979999999999999;0.60650000000000004;0.5585;0.56279999999999997
0,rational_1_1,16x24x8,32,1/1,double,m4_transfer_full,2,7,0.5151,0.67900000000000005,0.085350000000000037,-1.542470264976294,-1.1098906384492495,-0.080069082480807879,8.6736173798840355e-19,2,0.67100000000000004;0.67279999999999995;0.70030000000000003;0.67320000000000002;0.67900000000000005;0.81640000000000001;1.1561999999999999
1,rational_1_1,16x24x8,1024,1/1,double,cpu_full,2,7,0.021399999999999999,62.759300000000003,5.7302999999999926,-63.121522543563657,0.48579533404496122,-0.094430265532795335,0,0,65.925700000000006;66.373800000000003;61.9709;57.243400000000001;62.759300000000003;58.217100000000002;65.722899999999996
1,rational_1_1,16x24x8,1024,1/1,double,m4_resident_full,2,7,1.2869999999999999,1.0021,0.024649999999999839,-63.121522543563657,0.48579533404496122,-0.094430265532795335,3.4694469519536142e-18,2,0.99929999999999997;1.1893;1.0307999999999999;1.0021;1.0139;0.99609999999999999;0.99509999999999998
1,rational_1_1,16x24x8,1024,1/1,double,m4_transfer_full,2,7,1.1641999999999999,1.569,0.34989999999999988,-63.121522543563657,0.48579533404496122,-0.094430265532795335,3.4694469519536142e-18,2,1.7446999999999999;2.2098;1.4456;1.4545999999999999;1.4391;1.8552999999999999;1.569
2,rational_1_1,64x64x32x16,32,1/1,double,cpu_full,2,7,0.23899999999999999,20.483499999999999,1.6549499999999995,-2.1374750451453219,-2.3942016817058742,0.34933652173347013,0,0,31.993400000000001;20.315899999999999;21.7636;21.8977;20.035499999999999;20.483499999999999;19.738499999999998
2,rational_1_1,64x64x32x16,32,1/1,double,m4_resident_full,2,7,1.0376000000000001,1.9858,0.25864999999999982,-2.1374750451453219,-2.3942016817058738,0.34933652173347013,3.4694469519536142e-18,2,2.3643000000000001;1.9537;1.9319999999999999;1.9858;2.0579999999999998;2.7431999999999999;1.9513
2,rational_1_1,64x64x32x16,32,1/1,double,m4_transfer_full,2,7,0.83109999999999995,2.2873999999999999,0.35330000000000039,-2.1374750451453219,-2.3942016817058738,0.34933652173347013,3.4694469519536142e-18,2,2.2477999999999998;2.9241000000000001;2.2873999999999999;2.2650000000000001;3.2441;2.3109000000000002;2.2633999999999999
3,rational_1_1,64x64x32x16,1024,1/1,double,cpu_full,2,7,0.3503,793.08370000000002,28.844650000000001,-102.59849284793084,1.2225236674967874,0.31678583157371071,0,0,732.9991;793.43579999999997;864.60400000000004;770.99580000000003;784.37400000000002;819.62329999999997;793.08370000000002
3,rational_1_1,64x64x32x16,1024,1/1,double,m4_resident_full,2,7,10.2994,8.7848000000000006,30.388649999999998,-102.59849284793084,1.222523667496787,0.31678583157371071,3.4694469519536142e-18,2,58.799399999999999;67.433800000000005;17.902699999999999;8.7848000000000006;7.2971000000000004;8.6277000000000008;7.2271000000000001
3,rational_1_1,64x64x32x16,1024,1/1,double,m4_transfer_full,2,7,6.0437000000000003,9.2645,0.99569999999999936,-102.59849284793084,1.222523667496787,0.31678583157371071,3.4694469519536142e-18,2,8.7567000000000004;10.6622;9.2645;9.7627000000000006;9.6005000000000003;8.6151;8.2462
4,rational_3_2,16x24x8,32,3/2,double,cpu_full,2,7,0.045699999999999998,2.6629,0.38684999999999992,-2.3966148086620951,-1.1312411417922055,-0.15003552976833121,0,0,3.9820000000000002;2.6503000000000001;2.6511999999999998;2.6629;2.7025999999999999;2.6456;3.3725999999999998
4,rational_3_2,16x24x8,32,3/2,double,m4_resident_full,2,7,0.72840000000000005,0.72809999999999997,0.01915,-2.3966148086620951,-1.1312411417922055,-0.15003552976833121,3.4694469519536142e-18,2,0.7339;0.74450000000000005;0.7218;0.71830000000000005;1.0944;0.72809999999999997;0.7157
4,rational_3_2,16x24x8,32,3/2,double,m4_transfer_full,2,7,0.59530000000000005,0.82520000000000004,0.0064499999999998447,-2.3966148086620951,-1.1312411417922055,-0.15003552976833121,3.4694469519536142e-18,2,0.82689999999999997;0.82520000000000004;0.82330000000000003;0.82410000000000005;0.83340000000000003;1.232;0.8196
5,rational_3_2,16x24x8,1024,3/2,double,cpu_full,2,7,0.046399999999999997,108.7231,10.898449999999997,-90.060118905076862,0.49510729152253269,-0.16467267728965204,0,0,119.6317;115.194;105.2997;97.657899999999998;97.130499999999998;109.5605;108.7231
5,rational_3_2,16x24x8,1024,3/2,double,m4_resident_full,2,7,1.2875000000000001,1.3924000000000001,0.0082500000000000906,-90.060118905076862,0.49510729152253247,-0.16467267728965204,3.4694469519536142e-18,2,1.3957999999999999;1.7194;1.3952;1.3924000000000001;1.3824000000000001;1.3834;1.3911
5,rational_3_2,16x24x8,1024,3/2,double,m4_transfer_full,2,7,1.0397000000000001,1.9847999999999999,0.10234999999999994,-90.060118905076862,0.49510729152253247,-0.16467267728965204,3.4694469519536142e-18,2,1.9847999999999999;1.9613;2.2599999999999998;1.8581000000000001;1.8504;2.0225;2.0015999999999998
6,rational_3_2,64x64x32x16,32,3/2,double,cpu_full,2,7,0.55359999999999998,35.846299999999999,9.2199000000000026,-2.2220068075150028,-2.4078553171022867,0.41685915024593018,0,0,31.4998;33.454799999999999;35.846299999999999;30.519600000000001;45.345500000000001;44.180300000000003;39.214100000000002
6,rational_3_2,64x64x32x16,32,3/2,double,m4_resident_full,2,7,1.3217000000000001,2.6850999999999998,0.23030000000000017,-2.2220068075150028,-2.4078553171022867,0.41685915024593018,3.4694469519536142e-18,2,2.6539000000000001;2.9939;2.6657000000000002;2.6520999999999999;2.6850999999999998;4.1181000000000001;2.7863000000000002
6,rational_3_2,64x64x32x16,32,3/2,double,m4_transfer_full,2,7,1.2877000000000001,3.3771,0.40815000000000001,-2.2220068075150028,-2.4078553171022867,0.41685915024593018,3.4694469519536142e-18,2,3.3494999999999999;3.3771;4.2474999999999996;3.6960999999999999;3.2446999999999999;3.1614;3.7143999999999999
7,rational_3_2,64x64x32x16,1024,3/2,double,cpu_full,2,7,0.44900000000000001,1123.0274999999999,62.263149999999769,-105.45622867219704,1.2313298108879145,0.38410631825183894,0,0,1159.9572000000001;1116.2951;1123.0274999999999;1095.7602999999999;1203.1083000000001;1176.6244999999999;1067.2025000000001
7,rational_3_2,64x64x32x16,1024,3/2,double,m4_resident_full,2,7,18.956900000000001,13.2949,0.52115000000000045,-105.45622867219704,1.2313298108879147,0.38410631825183894,5.2041704279304213e-18,2,13.2949;12.457599999999999;13.5022;13.833;12.798999999999999;13.113200000000001;13.452299999999999
7,rational_3_2,64x64x32x16,1024,3/2,double,m4_transfer_full,2,7,5.5553999999999997,13.545,0.91169999999999973,-105.45622867219704,1.2313298108879147,0.38410631825183894,5.2041704279304213e-18,2,12.980499999999999;14.165699999999999;14.0244;13.747400000000001;12.9679;13.545;12.9123
8,rational_6_4,16x24x8,32,6/4,double,cpu_full,2,7,0.1237,4.1269999999999998,0.52654999999999941,-3.1307636994154731,-1.1279557165568763,-0.21356136812531901,0,0,3.9382000000000001;4.3510999999999997;4.1269999999999998;3.9801000000000002;3.9235000000000002;4.6997;4.6203000000000003
8,rational_6_4,16x24x8,32,6/4,double,m4_resident_full,2,7,0.66139999999999999,1.0603,0.00074999999999980638,-3.1307636994154731,-1.1279557165568763,-0.21356136812531901,3.4694469519536142e-18,2,1.0607;1.0600000000000001;1.0603;1.0607;1.0588;1.0599000000000001;1.069
8,rational_6_4,16x24x8,32,6/4,double,m4_transfer_full,2,7,0.4642,1.2221,0.14059999999999984,-3.1307636994154731,-1.1279557165568763,-0.21356136812531901,3.4694469519536142e-18,2,1.1935;1.4495;2.0167999999999999;1.2282999999999999;1.2031000000000001;1.1850000000000001;1.2221
9,rational_6_4,16x24x8,1024,6/4,double,cpu_full,2,7,0.0516,130.4068,2.6391500000000292,-113.51219655196445,0.49378186141756814,-0.2281570194769543,0,0,129.0085;129.49709999999999;128.47370000000001;144.42779999999999;132.71100000000001;131.0729;130.4068
9,rational_6_4,16x24x8,1024,6/4,double,m4_resident_full,2,7,1.8688,2.2734999999999999,0.47499999999999964,-113.51219655196445,0.49378186141756808,-0.2281570194769543,3.4694469519536142e-18,2,2.6516999999999999;2.2591000000000001;2.2597999999999998;2.2614999999999998;3.4900000000000002;2.2734999999999999;2.8195999999999999
9,rational_6_4,16x24x8,1024,6/4,double,m4_transfer_full,2,7,1.1160000000000001,2.9163999999999999,0.38335000000000008,-113.51219655196445,0.49378186141756808,-0.2281570194769543,3.4694469519536142e-18,2,3.0893000000000002;2.6453000000000002;2.6939000000000002;2.9163999999999999;3.3578999999999999;2.6680000000000001;3.0392999999999999
10,rational_6_4,64x64x32x16,32,6/4,double,cpu_full,2,7,0.77859999999999996,46.799599999999998,1.1912000000000091,-2.2910040998232253,-2.4108423277562774,0.38896242838390388,0,0,46.159599999999998;47.439100000000003;46.164700000000003;45.999000000000002;46.799599999999998;47.267600000000002;50.776000000000003
10,rational_6_4,64x64x32x16,32,6/4,double,m4_resident_full,2,7,1.6547000000000001,4.4980000000000002,0.41405000000000047,-2.2910040998232253,-2.4108423277562769,0.38896242838390388,3.4694469519536142e-18,2,4.6367000000000003;4.1257000000000001;4.4980000000000002;4.1712999999999996;4.6210000000000004;4.149;4.5274000000000001
10,rational_6_4,64x64x32x16,32,6/4,double,m4_transfer_full,2,7,1.8435999999999999,5.8190999999999997,0.53995000000000015,-2.2910040998232253,-2.4108423277562769,0.38896242838390388,3.4694469519536142e-18,2,5.5286999999999997;6.0606;5.6863000000000001;6.2343000000000002;5.8190999999999997;5.3223000000000003;6.3738999999999999
11,rational_6_4,64x64x32x16,1024,6/4,double,cpu_full,2,7,1.2742,1632.9078999999999,69.009000000000015,-107.55413977560571,1.2321757646047427,0.35617509961871413,0,0,1599.1041;1654.8554999999999;1714.4060999999999;1699.5572;1632.9078999999999;1617.2906;1553.3344999999999
11,rational_6_4,64x64x32x16,1024,6/4,double,m4_resident_full,2,7,18.2011,22.785599999999999,0.93140000000000001,-107.55413977560571,1.2321757646047429,0.35617509961871407,3.4694469519536142e-18,2,22.785599999999999;22.8751;21.710799999999999;21.9132;23.060500000000001;22.139199999999999;23.040099999999999
11,rational_6_4,64x64x32x16,1024,6/4,double,m4_transfer_full,2,7,6.5274000000000001,22.366099999999999,0.93890000000000384,-107.55413977560571,1.2321757646047429,0.35617509961871407,3.4694469519536142e-18,2,23.1691;22.0623;22.366099999999999;22.904299999999999;21.6174;21.785599999999999;22.821400000000001
