1,kan-preC9,f32,matched,eager,1,64x64x32x16-b1024,0,200,0.3804,0
1,kan-preC9,f32,matched,eager,1,64x64x32x16-b1024,1,200,0.3351,0
1,kan-preC9,f32,matched,eager,1,64x64x32x16-b1024,2,200,0.3316,-1.226915878
1,kan-preC9,f32,matched,eager,1,16x24x8-b1024,0,200,0.2366,0
1,kan-preC9,f32,matched,eager,1,16x24x8-b1024,1,200,0.2509,0
1,kan-preC9,f32,matched,eager,1,16x24x8-b1024,2,200,0.2163,-0.2442426503
1,kan-preC9,f32,matched,eager,1,256x256x256x10-b8192,0,50,4.0818,0
1,kan-preC9,f32,matched,eager,1,256x256x256x10-b8192,1,50,3.9321,0
1,kan-preC9,f32,matched,eager,1,256x256x256x10-b8192,2,50,3.9075,0.4215916786
1,kan-preC9,f32,matched,eager,1,1024x1024x1024-b4096,0,20,18.5678,0
1,kan-preC9,f32,matched,eager,1,1024x1024x1024-b4096,1,20,18.4428,0
1,kan-preC9,f32,matched,eager,1,1024x1024x1024-b4096,2,20,19.5345,0.7699521593
1,kan,f32,matched,step,1,64x64x32x16-b1024,0,200,0.1795,0
1,kan,f32,matched,step,1,64x64x32x16-b1024,1,200,0.1811,0
1,kan,f32,matched,step,1,64x64x32x16-b1024,2,200,0.1803,-1.226915878
1,kan,f32,matched,step,1,16x24x8-b1024,0,200,0.0890,0
1,kan,f32,matched,step,1,16x24x8-b1024,1,200,0.0929,0
1,kan,f32,matched,step,1,16x24x8-b1024,2,200,0.0935,-0.2442426503
1,kan,f32,matched,step,1,256x256x256x10-b8192,0,50,3.3241,0
1,kan,f32,matched,step,1,256x256x256x10-b8192,1,50,3.3304,0
1,kan,f32,matched,step,1,256x256x256x10-b8192,2,50,3.3676,0.4215916786
1,kan,f32,matched,step,1,1024x1024x1024-b4096,0,20,15.1865,0
1,kan,f32,matched,step,1,1024x1024x1024-b4096,1,20,14.9488,0
1,kan,f32,matched,step,1,1024x1024x1024-b4096,2,20,15.3370,0.7699521593
1,kan,f32,matched,step,64,64x64x32x16-b1024,0,200,0.1375,0
1,kan,f32,matched,step,64,64x64x32x16-b1024,1,200,0.1359,0
1,kan,f32,matched,step,64,64x64x32x16-b1024,2,200,0.1357,-1.226915878
1,kan,f32,matched,step,64,16x24x8-b1024,0,200,0.0498,0
1,kan,f32,matched,step,64,16x24x8-b1024,1,200,0.0508,0
1,kan,f32,matched,step,64,16x24x8-b1024,2,200,0.0496,-0.2442426503
1,kan,f32,matched,step,64,256x256x256x10-b8192,0,50,3.1104,0
1,kan,f32,matched,step,64,256x256x256x10-b8192,1,50,3.1801,0
1,kan,f32,matched,step,64,256x256x256x10-b8192,2,50,3.2031,0.4215916786
1,kan,f32,matched,step,64,1024x1024x1024-b4096,0,20,15.8910,0
1,kan,f32,matched,step,64,1024x1024x1024-b4096,1,20,15.7965,0
1,kan,f32,matched,step,64,1024x1024x1024-b4096,2,20,16.1317,0.7699521593
1,torch,f32,matched,eager,0,64x64x32x16-b1024,0,200,3.3356,0
1,torch,f32,matched,eager,0,64x64x32x16-b1024,1,200,3.0862,0
1,torch,f32,matched,eager,0,64x64x32x16-b1024,2,200,3.2354,-0.5147642642
1,torch,f32,matched,eager,0,16x24x8-b1024,0,200,1.8855,0
1,torch,f32,matched,eager,0,16x24x8-b1024,1,200,2.0210,0
1,torch,f32,matched,eager,0,16x24x8-b1024,2,200,2.0832,-0.1546109915
1,torch,f32,matched,eager,0,256x256x256x10-b8192,0,50,8.9526,0
1,torch,f32,matched,eager,0,256x256x256x10-b8192,1,50,8.9394,0
1,torch,f32,matched,eager,0,256x256x256x10-b8192,2,50,8.9297,-2.437047839
1,torch,f32,matched,eager,0,1024x1024x1024-b4096,0,20,21.3860,0
1,torch,f32,matched,eager,0,1024x1024x1024-b4096,1,20,21.7846,0
1,torch,f32,matched,eager,0,1024x1024x1024-b4096,2,20,21.9542,3.78585124
1,torch,f32,matched,graph,0,64x64x32x16-b1024,0,200,0.3519,0
1,torch,f32,matched,graph,0,64x64x32x16-b1024,1,200,0.3524,0
1,torch,f32,matched,graph,0,64x64x32x16-b1024,2,200,0.3589,-0.5147730112
1,torch,f32,matched,graph,0,16x24x8-b1024,0,200,0.1772,0
1,torch,f32,matched,graph,0,16x24x8-b1024,1,200,0.1743,0
1,torch,f32,matched,graph,0,16x24x8-b1024,2,200,0.1762,-0.1546118259
1,torch,f32,matched,graph,0,256x256x256x10-b8192,0,50,8.9545,0
1,torch,f32,matched,graph,0,256x256x256x10-b8192,1,50,8.8958,0
1,torch,f32,matched,graph,0,256x256x256x10-b8192,2,50,8.8680,-2.437160403
1,torch,f32,matched,graph,0,1024x1024x1024-b4096,0,20,21.7549,0
1,torch,f32,matched,graph,0,1024x1024x1024-b4096,1,20,22.0191,0
1,torch,f32,matched,graph,0,1024x1024x1024-b4096,2,20,21.9175,3.760215402
1,torch,f32,matched,compile-cudagraphs,0,64x64x32x16-b1024,0,200,0.8376,0
1,torch,f32,matched,compile-cudagraphs,0,64x64x32x16-b1024,1,200,0.8699,0
1,torch,f32,matched,compile-cudagraphs,0,64x64x32x16-b1024,2,200,0.8736,-0.5147642642
1,torch,f32,matched,compile-cudagraphs,0,16x24x8-b1024,0,200,0.7606,0
1,torch,f32,matched,compile-cudagraphs,0,16x24x8-b1024,1,200,0.7589,0
1,torch,f32,matched,compile-cudagraphs,0,16x24x8-b1024,2,200,0.7856,-0.1546109915
1,torch,f32,matched,compile-cudagraphs,0,256x256x256x10-b8192,0,50,9.0412,0
1,torch,f32,matched,compile-cudagraphs,0,256x256x256x10-b8192,1,50,9.0211,0
1,torch,f32,matched,compile-cudagraphs,0,256x256x256x10-b8192,2,50,8.9838,-2.437047839
1,torch,f32,matched,compile-cudagraphs,0,1024x1024x1024-b4096,0,20,42.4102,0
1,torch,f32,matched,compile-cudagraphs,0,1024x1024x1024-b4096,1,20,37.0641,0
1,torch,f32,matched,compile-cudagraphs,0,1024x1024x1024-b4096,2,20,27.8999,3.78585124
1,kan-preC9,f32,realistic,eager,1,64x64x32x16-b1024,0,200,0.6194,0
1,kan-preC9,f32,realistic,eager,1,64x64x32x16-b1024,1,200,0.6027,0
1,kan-preC9,f32,realistic,eager,1,64x64x32x16-b1024,2,200,0.6282,-1.142909287
1,kan-preC9,f32,realistic,eager,1,16x24x8-b1024,0,200,0.3074,0
1,kan-preC9,f32,realistic,eager,1,16x24x8-b1024,1,200,0.3289,0
1,kan-preC9,f32,realistic,eager,1,16x24x8-b1024,2,200,0.3121,-0.2306182518
1,kan-preC9,f32,realistic,eager,1,256x256x256x10-b8192,0,50,9.3336,0
1,kan-preC9,f32,realistic,eager,1,256x256x256x10-b8192,1,50,9.3035,0
1,kan-preC9,f32,realistic,eager,1,256x256x256x10-b8192,2,50,9.2219,0.4338269142
1,kan-preC9,f32,realistic,eager,1,1024x1024x1024-b4096,0,20,63.7666,0
1,kan-preC9,f32,realistic,eager,1,1024x1024x1024-b4096,1,20,65.3101,0
1,kan-preC9,f32,realistic,eager,1,1024x1024x1024-b4096,2,20,77.9554,0.7254682892
1,kan,f32,realistic,step,1,64x64x32x16-b1024,0,200,0.3899,0
1,kan,f32,realistic,step,1,64x64x32x16-b1024,1,200,0.3911,0
1,kan,f32,realistic,step,1,64x64x32x16-b1024,2,200,0.3872,-1.142909274
1,kan,f32,realistic,step,1,16x24x8-b1024,0,200,0.1752,0
1,kan,f32,realistic,step,1,16x24x8-b1024,1,200,0.1700,0
1,kan,f32,realistic,step,1,16x24x8-b1024,2,200,0.1818,-0.2306182705
1,kan,f32,realistic,step,1,256x256x256x10-b8192,0,50,7.1773,0
1,kan,f32,realistic,step,1,256x256x256x10-b8192,1,50,7.1288,0
1,kan,f32,realistic,step,1,256x256x256x10-b8192,2,50,7.1534,0.4338269033
1,kan,f32,realistic,step,1,1024x1024x1024-b4096,0,20,22.9560,0
1,kan,f32,realistic,step,1,1024x1024x1024-b4096,1,20,23.5990,0
1,kan,f32,realistic,step,1,1024x1024x1024-b4096,2,20,23.1043,0.7254683808
1,kan,f32,realistic,step,64,64x64x32x16-b1024,0,200,0.1985,0
1,kan,f32,realistic,step,64,64x64x32x16-b1024,1,200,0.2021,0
1,kan,f32,realistic,step,64,64x64x32x16-b1024,2,200,0.2006,-1.142909274
1,kan,f32,realistic,step,64,16x24x8-b1024,0,200,0.0832,0
1,kan,f32,realistic,step,64,16x24x8-b1024,1,200,0.0801,0
1,kan,f32,realistic,step,64,16x24x8-b1024,2,200,0.0798,-0.2306182705
1,kan,f32,realistic,step,64,256x256x256x10-b8192,0,50,4.0968,0
1,kan,f32,realistic,step,64,256x256x256x10-b8192,1,50,4.0296,0
1,kan,f32,realistic,step,64,256x256x256x10-b8192,2,50,4.0153,0.4338269033
1,kan,f32,realistic,step,64,1024x1024x1024-b4096,0,20,16.8354,0
1,kan,f32,realistic,step,64,1024x1024x1024-b4096,1,20,16.6555,0
1,kan,f32,realistic,step,64,1024x1024x1024-b4096,2,20,16.7998,0.7254683808
1,torch,f32,realistic,eager,0,64x64x32x16-b1024,0,200,3.4118,0
1,torch,f32,realistic,eager,0,64x64x32x16-b1024,1,200,3.5385,0
1,torch,f32,realistic,eager,0,64x64x32x16-b1024,2,200,3.5152,-0.5116628855
1,torch,f32,realistic,eager,0,16x24x8-b1024,0,200,2.2958,0
1,torch,f32,realistic,eager,0,16x24x8-b1024,1,200,2.2318,0
1,torch,f32,realistic,eager,0,16x24x8-b1024,2,200,2.3935,-0.1508975029
1,torch,f32,realistic,eager,0,256x256x256x10-b8192,0,50,12.2961,0
1,torch,f32,realistic,eager,0,256x256x256x10-b8192,1,50,12.4516,0
1,torch,f32,realistic,eager,0,256x256x256x10-b8192,2,50,12.3207,-2.430287927
1,torch,f32,realistic,eager,0,1024x1024x1024-b4096,0,20,33.0886,0
1,torch,f32,realistic,eager,0,1024x1024x1024-b4096,1,20,32.3895,0
1,torch,f32,realistic,eager,0,1024x1024x1024-b4096,2,20,32.7889,4.026550889
1,torch,f32,realistic,graph,0,64x64x32x16-b1024,0,200,0.5188,0
1,torch,f32,realistic,graph,0,64x64x32x16-b1024,1,200,0.5271,0
1,torch,f32,realistic,graph,0,64x64x32x16-b1024,2,200,0.5201,-0.5116591156
1,torch,f32,realistic,graph,0,16x24x8-b1024,0,200,0.2853,0
1,torch,f32,realistic,graph,0,16x24x8-b1024,1,200,0.2798,0
1,torch,f32,realistic,graph,0,16x24x8-b1024,2,200,0.2811,-0.1509083509
1,torch,f32,realistic,graph,0,256x256x256x10-b8192,0,50,11.7827,0
1,torch,f32,realistic,graph,0,256x256x256x10-b8192,1,50,11.8619,0
1,torch,f32,realistic,graph,0,256x256x256x10-b8192,2,50,11.8211,-2.430277079
1,torch,f32,realistic,graph,0,1024x1024x1024-b4096,0,20,32.4458,0
1,torch,f32,realistic,graph,0,1024x1024x1024-b4096,1,20,32.5784,0
1,torch,f32,realistic,graph,0,1024x1024x1024-b4096,2,20,32.4305,4.025994897
1,torch,f32,realistic,compile-cudagraphs,0,64x64x32x16-b1024,0,200,1.1227,0
1,torch,f32,realistic,compile-cudagraphs,0,64x64x32x16-b1024,1,200,1.0996,0
1,torch,f32,realistic,compile-cudagraphs,0,64x64x32x16-b1024,2,200,1.1362,-0.5116628855
1,torch,f32,realistic,compile-cudagraphs,0,16x24x8-b1024,0,200,1.0498,0
1,torch,f32,realistic,compile-cudagraphs,0,16x24x8-b1024,1,200,1.0653,0
1,torch,f32,realistic,compile-cudagraphs,0,16x24x8-b1024,2,200,1.0402,-0.1508975029
1,torch,f32,realistic,compile-cudagraphs,0,256x256x256x10-b8192,0,50,11.9593,0
1,torch,f32,realistic,compile-cudagraphs,0,256x256x256x10-b8192,1,50,11.9778,0
1,torch,f32,realistic,compile-cudagraphs,0,256x256x256x10-b8192,2,50,12.0659,-2.430287927
1,torch,f32,realistic,compile-cudagraphs,0,1024x1024x1024-b4096,0,20,53.8482,0
1,torch,f32,realistic,compile-cudagraphs,0,1024x1024x1024-b4096,1,20,45.8704,0
1,torch,f32,realistic,compile-cudagraphs,0,1024x1024x1024-b4096,2,20,36.0126,4.026550889
1,kan-preC9,tf32,matched,eager,1,64x64x32x16-b1024,0,200,0.3205,0
1,kan-preC9,tf32,matched,eager,1,64x64x32x16-b1024,1,200,0.3164,0
1,kan-preC9,tf32,matched,eager,1,64x64x32x16-b1024,2,200,0.3213,-1.226929678
1,kan-preC9,tf32,matched,eager,1,16x24x8-b1024,0,200,0.1919,0
1,kan-preC9,tf32,matched,eager,1,16x24x8-b1024,1,200,0.1818,0
1,kan-preC9,tf32,matched,eager,1,16x24x8-b1024,2,200,0.1837,-0.2442426503
1,kan-preC9,tf32,matched,eager,1,256x256x256x10-b8192,0,50,4.0397,0
1,kan-preC9,tf32,matched,eager,1,256x256x256x10-b8192,1,50,4.0431,0
1,kan-preC9,tf32,matched,eager,1,256x256x256x10-b8192,2,50,4.0282,0.4216276472
1,kan-preC9,tf32,matched,eager,1,1024x1024x1024-b4096,0,20,13.3234,0
1,kan-preC9,tf32,matched,eager,1,1024x1024x1024-b4096,1,20,12.9815,0
1,kan-preC9,tf32,matched,eager,1,1024x1024x1024-b4096,2,20,12.9902,0.7698620722
1,kan,tf32,matched,step,1,64x64x32x16-b1024,0,200,0.1660,0
1,kan,tf32,matched,step,1,64x64x32x16-b1024,1,200,0.1713,0
1,kan,tf32,matched,step,1,64x64x32x16-b1024,2,200,0.1727,-1.226929678
1,kan,tf32,matched,step,1,16x24x8-b1024,0,200,0.0895,0
1,kan,tf32,matched,step,1,16x24x8-b1024,1,200,0.0875,0
1,kan,tf32,matched,step,1,16x24x8-b1024,2,200,0.0865,-0.2442426503
1,kan,tf32,matched,step,1,256x256x256x10-b8192,0,50,3.4169,0
1,kan,tf32,matched,step,1,256x256x256x10-b8192,1,50,3.4210,0
1,kan,tf32,matched,step,1,256x256x256x10-b8192,2,50,3.3640,0.4216276472
1,kan,tf32,matched,step,1,1024x1024x1024-b4096,0,20,11.1498,0
1,kan,tf32,matched,step,1,1024x1024x1024-b4096,1,20,10.7752,0
1,kan,tf32,matched,step,1,1024x1024x1024-b4096,2,20,10.8183,0.7698620722
1,kan,tf32,matched,step,64,64x64x32x16-b1024,0,200,0.1352,0
1,kan,tf32,matched,step,64,64x64x32x16-b1024,1,200,0.1338,0
1,kan,tf32,matched,step,64,64x64x32x16-b1024,2,200,0.1342,-1.226929678
1,kan,tf32,matched,step,64,16x24x8-b1024,0,200,0.0524,0
1,kan,tf32,matched,step,64,16x24x8-b1024,1,200,0.0513,0
1,kan,tf32,matched,step,64,16x24x8-b1024,2,200,0.0554,-0.2442426503
1,kan,tf32,matched,step,64,256x256x256x10-b8192,0,50,3.4274,0
1,kan,tf32,matched,step,64,256x256x256x10-b8192,1,50,3.3849,0
1,kan,tf32,matched,step,64,256x256x256x10-b8192,2,50,3.2713,0.4216276472
1,kan,tf32,matched,step,64,1024x1024x1024-b4096,0,20,11.1549,0
1,kan,tf32,matched,step,64,1024x1024x1024-b4096,1,20,10.6465,0
1,kan,tf32,matched,step,64,1024x1024x1024-b4096,2,20,10.6153,0.7698620722
1,torch,tf32,matched,eager,0,64x64x32x16-b1024,0,200,3.2323,0
1,torch,tf32,matched,eager,0,64x64x32x16-b1024,1,200,3.2369,0
1,torch,tf32,matched,eager,0,64x64x32x16-b1024,2,200,3.2072,-0.5147226527
1,torch,tf32,matched,eager,0,16x24x8-b1024,0,200,1.7571,0
1,torch,tf32,matched,eager,0,16x24x8-b1024,1,200,1.7464,0
1,torch,tf32,matched,eager,0,16x24x8-b1024,2,200,1.9744,-0.1546101868
1,torch,tf32,matched,eager,0,256x256x256x10-b8192,0,50,9.4746,0
1,torch,tf32,matched,eager,0,256x256x256x10-b8192,1,50,9.3141,0
1,torch,tf32,matched,eager,0,256x256x256x10-b8192,2,50,9.3297,-2.437035263
1,torch,tf32,matched,eager,0,1024x1024x1024-b4096,0,20,18.2787,0
1,torch,tf32,matched,eager,0,1024x1024x1024-b4096,1,20,17.8626,0
1,torch,tf32,matched,eager,0,1024x1024x1024-b4096,2,20,17.6518,3.786538839
1,torch,tf32,matched,graph,0,64x64x32x16-b1024,0,200,0.3420,0
1,torch,tf32,matched,graph,0,64x64x32x16-b1024,1,200,0.3425,0
1,torch,tf32,matched,graph,0,64x64x32x16-b1024,2,200,0.3465,-0.5147321746
1,torch,tf32,matched,graph,0,16x24x8-b1024,0,200,0.1626,0
1,torch,tf32,matched,graph,0,16x24x8-b1024,1,200,0.1648,0
1,torch,tf32,matched,graph,0,16x24x8-b1024,2,200,0.1632,-0.1546111107
1,torch,tf32,matched,graph,0,256x256x256x10-b8192,0,50,9.2457,0
1,torch,tf32,matched,graph,0,256x256x256x10-b8192,1,50,9.0584,0
1,torch,tf32,matched,graph,0,256x256x256x10-b8192,2,50,9.0160,-2.437146336
1,torch,tf32,matched,graph,0,1024x1024x1024-b4096,0,20,17.9963,0
1,torch,tf32,matched,graph,0,1024x1024x1024-b4096,1,20,17.4990,0
1,torch,tf32,matched,graph,0,1024x1024x1024-b4096,2,20,17.5982,3.760900974
1,torch,tf32,matched,compile-cudagraphs,0,64x64x32x16-b1024,0,200,0.8500,0
1,torch,tf32,matched,compile-cudagraphs,0,64x64x32x16-b1024,1,200,0.8640,0
1,torch,tf32,matched,compile-cudagraphs,0,64x64x32x16-b1024,2,200,0.8795,-0.5147226527
1,torch,tf32,matched,compile-cudagraphs,0,16x24x8-b1024,0,200,0.8025,0
1,torch,tf32,matched,compile-cudagraphs,0,16x24x8-b1024,1,200,0.7658,0
1,torch,tf32,matched,compile-cudagraphs,0,16x24x8-b1024,2,200,0.7939,-0.1546101868
1,torch,tf32,matched,compile-cudagraphs,0,256x256x256x10-b8192,0,50,9.3766,0
1,torch,tf32,matched,compile-cudagraphs,0,256x256x256x10-b8192,1,50,9.1681,0
1,torch,tf32,matched,compile-cudagraphs,0,256x256x256x10-b8192,2,50,9.1243,-2.437035263
1,torch,tf32,matched,compile-cudagraphs,0,1024x1024x1024-b4096,0,20,38.1004,0
1,torch,tf32,matched,compile-cudagraphs,0,1024x1024x1024-b4096,1,20,33.9016,0
1,torch,tf32,matched,compile-cudagraphs,0,1024x1024x1024-b4096,2,20,29.1352,3.786538839
1,kan-preC9,tf32,realistic,eager,1,64x64x32x16-b1024,0,200,0.6332,0
1,kan-preC9,tf32,realistic,eager,1,64x64x32x16-b1024,1,200,0.6026,0
1,kan-preC9,tf32,realistic,eager,1,64x64x32x16-b1024,2,200,0.6334,-1.142910354
1,kan-preC9,tf32,realistic,eager,1,16x24x8-b1024,0,200,0.3071,0
1,kan-preC9,tf32,realistic,eager,1,16x24x8-b1024,1,200,0.3086,0
1,kan-preC9,tf32,realistic,eager,1,16x24x8-b1024,2,200,0.3357,-0.2306182518
1,kan-preC9,tf32,realistic,eager,1,256x256x256x10-b8192,0,50,9.5225,0
1,kan-preC9,tf32,realistic,eager,1,256x256x256x10-b8192,1,50,9.6137,0
1,kan-preC9,tf32,realistic,eager,1,256x256x256x10-b8192,2,50,9.5344,0.4338215889
1,kan-preC9,tf32,realistic,eager,1,1024x1024x1024-b4096,0,20,58.8742,0
1,kan-preC9,tf32,realistic,eager,1,1024x1024x1024-b4096,1,20,59.0558,0
1,kan-preC9,tf32,realistic,eager,1,1024x1024x1024-b4096,2,20,67.8829,0.7254703662
1,kan,tf32,realistic,step,1,64x64x32x16-b1024,0,200,0.3710,0
1,kan,tf32,realistic,step,1,64x64x32x16-b1024,1,200,0.3738,0
1,kan,tf32,realistic,step,1,64x64x32x16-b1024,2,200,0.3767,-1.142910296
1,kan,tf32,realistic,step,1,16x24x8-b1024,0,200,0.1892,0
1,kan,tf32,realistic,step,1,16x24x8-b1024,1,200,0.1673,0
1,kan,tf32,realistic,step,1,16x24x8-b1024,2,200,0.1688,-0.2306182705
1,kan,tf32,realistic,step,1,256x256x256x10-b8192,0,50,7.3990,0
1,kan,tf32,realistic,step,1,256x256x256x10-b8192,1,50,7.3294,0
1,kan,tf32,realistic,step,1,256x256x256x10-b8192,2,50,7.3872,0.4338214097
1,kan,tf32,realistic,step,1,1024x1024x1024-b4096,0,20,19.4876,0
1,kan,tf32,realistic,step,1,1024x1024x1024-b4096,1,20,20.3845,0
1,kan,tf32,realistic,step,1,1024x1024x1024-b4096,2,20,20.8440,0.7254702604
1,kan,tf32,realistic,step,64,64x64x32x16-b1024,0,200,0.1986,0
1,kan,tf32,realistic,step,64,64x64x32x16-b1024,1,200,0.1912,0
1,kan,tf32,realistic,step,64,64x64x32x16-b1024,2,200,0.1956,-1.142910296
1,kan,tf32,realistic,step,64,16x24x8-b1024,0,200,0.0821,0
1,kan,tf32,realistic,step,64,16x24x8-b1024,1,200,0.0807,0
1,kan,tf32,realistic,step,64,16x24x8-b1024,2,200,0.0819,-0.2306182705
1,kan,tf32,realistic,step,64,256x256x256x10-b8192,0,50,4.0717,0
1,kan,tf32,realistic,step,64,256x256x256x10-b8192,1,50,4.0132,0
1,kan,tf32,realistic,step,64,256x256x256x10-b8192,2,50,4.0829,0.4338214097
1,kan,tf32,realistic,step,64,1024x1024x1024-b4096,0,20,13.2282,0
1,kan,tf32,realistic,step,64,1024x1024x1024-b4096,1,20,12.7749,0
1,kan,tf32,realistic,step,64,1024x1024x1024-b4096,2,20,12.4558,0.7254702604
1,torch,tf32,realistic,eager,0,64x64x32x16-b1024,0,200,3.6216,0
1,torch,tf32,realistic,eager,0,64x64x32x16-b1024,1,200,3.6656,0
1,torch,tf32,realistic,eager,0,64x64x32x16-b1024,2,200,3.5805,-0.51166711
1,torch,tf32,realistic,eager,0,16x24x8-b1024,0,200,1.9649,0
1,torch,tf32,realistic,eager,0,16x24x8-b1024,1,200,2.3817,0
1,torch,tf32,realistic,eager,0,16x24x8-b1024,2,200,2.3536,-0.1508976817
1,torch,tf32,realistic,eager,0,256x256x256x10-b8192,0,50,12.3055,0
1,torch,tf32,realistic,eager,0,256x256x256x10-b8192,1,50,12.1091,0
1,torch,tf32,realistic,eager,0,256x256x256x10-b8192,2,50,12.2013,-2.430291355
1,torch,tf32,realistic,eager,0,1024x1024x1024-b4096,0,20,28.7596,0
1,torch,tf32,realistic,eager,0,1024x1024x1024-b4096,1,20,28.0273,0
1,torch,tf32,realistic,eager,0,1024x1024x1024-b4096,2,20,28.1223,4.02655077
1,torch,tf32,realistic,graph,0,64x64x32x16-b1024,0,200,0.5067,0
1,torch,tf32,realistic,graph,0,64x64x32x16-b1024,1,200,0.5101,0
1,torch,tf32,realistic,graph,0,64x64x32x16-b1024,2,200,0.5071,-0.5116611421
1,torch,tf32,realistic,graph,0,16x24x8-b1024,0,200,0.2654,0
1,torch,tf32,realistic,graph,0,16x24x8-b1024,1,200,0.2610,0
1,torch,tf32,realistic,graph,0,16x24x8-b1024,2,200,0.2601,-0.1509082317
1,torch,tf32,realistic,graph,0,256x256x256x10-b8192,0,50,11.9948,0
1,torch,tf32,realistic,graph,0,256x256x256x10-b8192,1,50,11.8069,0
1,torch,tf32,realistic,graph,0,256x256x256x10-b8192,2,50,11.8412,-2.430277705
1,torch,tf32,realistic,graph,0,1024x1024x1024-b4096,0,20,28.2694,0
1,torch,tf32,realistic,graph,0,1024x1024x1024-b4096,1,20,27.9475,0
1,torch,tf32,realistic,graph,0,1024x1024x1024-b4096,2,20,28.1901,4.025995493
1,torch,tf32,realistic,compile-cudagraphs,0,64x64x32x16-b1024,0,200,1.1133,0
1,torch,tf32,realistic,compile-cudagraphs,0,64x64x32x16-b1024,1,200,1.0726,0
1,torch,tf32,realistic,compile-cudagraphs,0,64x64x32x16-b1024,2,200,1.0760,-0.51166711
1,torch,tf32,realistic,compile-cudagraphs,0,16x24x8-b1024,0,200,1.0693,0
1,torch,tf32,realistic,compile-cudagraphs,0,16x24x8-b1024,1,200,1.0177,0
1,torch,tf32,realistic,compile-cudagraphs,0,16x24x8-b1024,2,200,1.0430,-0.1508976817
1,torch,tf32,realistic,compile-cudagraphs,0,256x256x256x10-b8192,0,50,12.3268,0
1,torch,tf32,realistic,compile-cudagraphs,0,256x256x256x10-b8192,1,50,12.0259,0
1,torch,tf32,realistic,compile-cudagraphs,0,256x256x256x10-b8192,2,50,11.9841,-2.430291355
1,torch,tf32,realistic,compile-cudagraphs,0,1024x1024x1024-b4096,0,20,48.2281,0
1,torch,tf32,realistic,compile-cudagraphs,0,1024x1024x1024-b4096,1,20,43.3406,0
1,torch,tf32,realistic,compile-cudagraphs,0,1024x1024x1024-b4096,2,20,32.8545,4.02655077
1,kan-preC9,f64,matched,eager,1,64x64x32x16-b1024,0,200,1.2833,0
1,kan-preC9,f64,matched,eager,1,64x64x32x16-b1024,1,200,1.2701,0
1,kan-preC9,f64,matched,eager,1,64x64x32x16-b1024,2,200,1.2725,-1.226909033
1,kan-preC9,f64,matched,eager,1,16x24x8-b1024,0,200,0.3714,0
1,kan-preC9,f64,matched,eager,1,16x24x8-b1024,1,200,0.3805,0
1,kan-preC9,f64,matched,eager,1,16x24x8-b1024,2,200,0.3776,-0.2442397748
1,kan-preC9,f64,matched,eager,1,256x256x256x10-b8192,0,10,101.3137,0
1,kan-preC9,f64,matched,eager,1,256x256x256x10-b8192,1,10,99.8892,0
1,kan-preC9,f64,matched,eager,1,256x256x256x10-b8192,2,10,99.9885,0.4256854954
1,kan-preC9,f64,matched,eager,1,1024x1024x1024-b4096,0,2,702.3418,0
1,kan-preC9,f64,matched,eager,1,1024x1024x1024-b4096,1,2,705.7284,0
1,kan-preC9,f64,matched,eager,1,1024x1024x1024-b4096,2,2,702.9556,0.7205686199
1,kan,f64,matched,step,1,64x64x32x16-b1024,0,200,1.0303,0
1,kan,f64,matched,step,1,64x64x32x16-b1024,1,200,1.0173,0
1,kan,f64,matched,step,1,64x64x32x16-b1024,2,200,1.0093,-1.226909033
1,kan,f64,matched,step,1,16x24x8-b1024,0,200,0.2538,0
1,kan,f64,matched,step,1,16x24x8-b1024,1,200,0.2647,0
1,kan,f64,matched,step,1,16x24x8-b1024,2,200,0.2624,-0.2442397748
1,kan,f64,matched,step,1,256x256x256x10-b8192,0,10,85.5614,0
1,kan,f64,matched,step,1,256x256x256x10-b8192,1,10,84.4304,0
1,kan,f64,matched,step,1,256x256x256x10-b8192,2,10,83.9693,0.4256854954
1,kan,f64,matched,step,1,1024x1024x1024-b4096,0,2,586.2410,0
1,kan,f64,matched,step,1,1024x1024x1024-b4096,1,2,586.1558,0
1,kan,f64,matched,step,1,1024x1024x1024-b4096,2,2,588.3178,0.7205686199
1,kan,f64,matched,step,64,64x64x32x16-b1024,0,200,0.9930,0
1,kan,f64,matched,step,64,64x64x32x16-b1024,1,200,0.9461,0
1,kan,f64,matched,step,64,64x64x32x16-b1024,2,200,0.9044,-1.226909033
1,kan,f64,matched,step,64,16x24x8-b1024,0,200,0.2052,0
1,kan,f64,matched,step,64,16x24x8-b1024,1,200,0.2075,0
1,kan,f64,matched,step,64,16x24x8-b1024,2,200,0.2026,-0.2442397748
1,kan,f64,matched,step,64,256x256x256x10-b8192,0,10,86.0544,0
1,kan,f64,matched,step,64,256x256x256x10-b8192,1,10,83.9137,0
1,kan,f64,matched,step,64,256x256x256x10-b8192,2,10,84.6068,0.4256854954
1,kan,f64,matched,step,64,1024x1024x1024-b4096,0,2,586.9096,0
1,kan,f64,matched,step,64,1024x1024x1024-b4096,1,2,588.1073,0
1,kan,f64,matched,step,64,1024x1024x1024-b4096,2,2,589.4339,0.7205686199
1,torch,f64,matched,eager,0,64x64x32x16-b1024,0,200,3.0282,0
1,torch,f64,matched,eager,0,64x64x32x16-b1024,1,200,2.8910,0
1,torch,f64,matched,eager,0,64x64x32x16-b1024,2,200,2.9996,-1.804676247
1,torch,f64,matched,eager,0,16x24x8-b1024,0,200,1.6452,0
1,torch,f64,matched,eager,0,16x24x8-b1024,1,200,1.7002,0
1,torch,f64,matched,eager,0,16x24x8-b1024,2,200,1.7491,0.1230307438
1,torch,f64,matched,eager,0,256x256x256x10-b8192,0,10,90.4436,0
1,torch,f64,matched,eager,0,256x256x256x10-b8192,1,10,88.2320,0
1,torch,f64,matched,eager,0,256x256x256x10-b8192,2,10,88.8193,-1.675433916
1,torch,f64,matched,eager,0,1024x1024x1024-b4096,0,2,591.8556,0
1,torch,f64,matched,eager,0,1024x1024x1024-b4096,1,2,595.0494,0
1,torch,f64,matched,eager,0,1024x1024x1024-b4096,2,2,591.8304,-5.176149138
1,torch,f64,matched,graph,0,64x64x32x16-b1024,0,200,1.2764,0
1,torch,f64,matched,graph,0,64x64x32x16-b1024,1,200,1.1989,0
1,torch,f64,matched,graph,0,64x64x32x16-b1024,2,200,1.1578,-1.804929746
1,torch,f64,matched,graph,0,16x24x8-b1024,0,200,0.6079,0
1,torch,f64,matched,graph,0,16x24x8-b1024,1,200,0.6127,0
1,torch,f64,matched,graph,0,16x24x8-b1024,2,200,0.6073,0.1229015589
1,torch,f64,matched,graph,0,256x256x256x10-b8192,0,10,88.0198,0
1,torch,f64,matched,graph,0,256x256x256x10-b8192,1,10,88.0622,0
1,torch,f64,matched,graph,0,256x256x256x10-b8192,2,10,88.4392,-1.675524996
1,torch,f64,matched,graph,0,1024x1024x1024-b4096,0,2,591.8104,0
1,torch,f64,matched,graph,0,1024x1024x1024-b4096,1,2,591.1274,0
1,torch,f64,matched,graph,0,1024x1024x1024-b4096,2,2,593.1624,-5.192438187
1,torch,f64,matched,compile-cudagraphs,0,64x64x32x16-b1024,0,200,1.3821,0
1,torch,f64,matched,compile-cudagraphs,0,64x64x32x16-b1024,1,200,1.3239,0
1,torch,f64,matched,compile-cudagraphs,0,64x64x32x16-b1024,2,200,1.2828,-1.804676247
1,torch,f64,matched,compile-cudagraphs,0,16x24x8-b1024,0,200,0.7172,0
1,torch,f64,matched,compile-cudagraphs,0,16x24x8-b1024,1,200,0.7241,0
1,torch,f64,matched,compile-cudagraphs,0,16x24x8-b1024,2,200,0.7169,0.1230307438
1,torch,f64,matched,compile-cudagraphs,0,256x256x256x10-b8192,0,10,91.4028,0
1,torch,f64,matched,compile-cudagraphs,0,256x256x256x10-b8192,1,10,88.4169,0
1,torch,f64,matched,compile-cudagraphs,0,256x256x256x10-b8192,2,10,88.1780,-1.675433916
1,torch,f64,matched,compile-cudagraphs,0,1024x1024x1024-b4096,0,2,625.8718,0
1,torch,f64,matched,compile-cudagraphs,0,1024x1024x1024-b4096,1,2,596.1900,0
1,torch,f64,matched,compile-cudagraphs,0,1024x1024x1024-b4096,2,2,592.1901,-5.176149138
1,kan-preC9,f64,realistic,eager,1,64x64x32x16-b1024,0,200,1.6644,0
1,kan-preC9,f64,realistic,eager,1,64x64x32x16-b1024,1,200,1.6938,0
1,kan-preC9,f64,realistic,eager,1,64x64x32x16-b1024,2,200,1.7121,-1.142912131
1,kan-preC9,f64,realistic,eager,1,16x24x8-b1024,0,200,0.5547,0
1,kan-preC9,f64,realistic,eager,1,16x24x8-b1024,1,200,0.5492,0
1,kan-preC9,f64,realistic,eager,1,16x24x8-b1024,2,200,0.5432,-0.2306190415
1,kan-preC9,f64,realistic,eager,1,256x256x256x10-b8192,0,10,108.8971,0
1,kan-preC9,f64,realistic,eager,1,256x256x256x10-b8192,1,10,108.2545,0
1,kan-preC9,f64,realistic,eager,1,256x256x256x10-b8192,2,10,108.5554,0.4338274716
1,kan-preC9,f64,realistic,eager,1,1024x1024x1024-b4096,0,2,757.7417,0
1,kan-preC9,f64,realistic,eager,1,1024x1024x1024-b4096,1,2,758.9427,0
1,kan-preC9,f64,realistic,eager,1,1024x1024x1024-b4096,2,2,761.5606,0.7211952463
1,kan,f64,realistic,step,1,64x64x32x16-b1024,0,200,1.3753,0
1,kan,f64,realistic,step,1,64x64x32x16-b1024,1,200,1.3534,0
1,kan,f64,realistic,step,1,64x64x32x16-b1024,2,200,1.3494,-1.142912131
1,kan,f64,realistic,step,1,16x24x8-b1024,0,200,0.3740,0
1,kan,f64,realistic,step,1,16x24x8-b1024,1,200,0.3769,0
1,kan,f64,realistic,step,1,16x24x8-b1024,2,200,0.3760,-0.2306190415
1,kan,f64,realistic,step,1,256x256x256x10-b8192,0,10,93.7411,0
1,kan,f64,realistic,step,1,256x256x256x10-b8192,1,10,91.5655,0
1,kan,f64,realistic,step,1,256x256x256x10-b8192,2,10,92.2739,0.4338274716
1,kan,f64,realistic,step,1,1024x1024x1024-b4096,0,2,601.4298,0
1,kan,f64,realistic,step,1,1024x1024x1024-b4096,1,2,599.6612,0
1,kan,f64,realistic,step,1,1024x1024x1024-b4096,2,2,598.4852,0.7211952463
1,kan,f64,realistic,step,64,64x64x32x16-b1024,0,200,1.0361,0
1,kan,f64,realistic,step,64,64x64x32x16-b1024,1,200,1.0194,0
1,kan,f64,realistic,step,64,64x64x32x16-b1024,2,200,0.9796,-1.142912131
1,kan,f64,realistic,step,64,16x24x8-b1024,0,200,0.2241,0
1,kan,f64,realistic,step,64,16x24x8-b1024,1,200,0.2206,0
1,kan,f64,realistic,step,64,16x24x8-b1024,2,200,0.2147,-0.2306190415
1,kan,f64,realistic,step,64,256x256x256x10-b8192,0,10,86.0169,0
1,kan,f64,realistic,step,64,256x256x256x10-b8192,1,10,84.6646,0
1,kan,f64,realistic,step,64,256x256x256x10-b8192,2,10,84.9775,0.4338274716
1,kan,f64,realistic,step,64,1024x1024x1024-b4096,0,2,595.2227,0
1,kan,f64,realistic,step,64,1024x1024x1024-b4096,1,2,596.4088,0
1,kan,f64,realistic,step,64,1024x1024x1024-b4096,2,2,597.4248,0.7211952463
1,torch,f64,realistic,eager,0,64x64x32x16-b1024,0,200,3.2304,0
1,torch,f64,realistic,eager,0,64x64x32x16-b1024,1,200,3.1456,0
1,torch,f64,realistic,eager,0,64x64x32x16-b1024,2,200,3.1045,-1.771861534
1,torch,f64,realistic,eager,0,16x24x8-b1024,0,200,1.8665,0
1,torch,f64,realistic,eager,0,16x24x8-b1024,1,200,2.1553,0
1,torch,f64,realistic,eager,0,16x24x8-b1024,2,200,2.0681,0.129543859
1,torch,f64,realistic,eager,0,256x256x256x10-b8192,0,10,95.0511,0
1,torch,f64,realistic,eager,0,256x256x256x10-b8192,1,10,94.3713,0
1,torch,f64,realistic,eager,0,256x256x256x10-b8192,2,10,93.8928,-1.677019691
1,torch,f64,realistic,eager,0,1024x1024x1024-b4096,0,2,621.5035,0
1,torch,f64,realistic,eager,0,1024x1024x1024-b4096,1,2,611.0012,0
1,torch,f64,realistic,eager,0,1024x1024x1024-b4096,2,2,613.8441,-5.13267718
1,torch,f64,realistic,graph,0,64x64x32x16-b1024,0,200,1.5432,0
1,torch,f64,realistic,graph,0,64x64x32x16-b1024,1,200,1.5078,0
1,torch,f64,realistic,graph,0,64x64x32x16-b1024,2,200,1.4856,-1.771861052
1,torch,f64,realistic,graph,0,16x24x8-b1024,0,200,0.7888,0
1,torch,f64,realistic,graph,0,16x24x8-b1024,1,200,0.7942,0
1,torch,f64,realistic,graph,0,16x24x8-b1024,2,200,0.8005,0.1295402085
1,torch,f64,realistic,graph,0,256x256x256x10-b8192,0,10,93.6608,0
1,torch,f64,realistic,graph,0,256x256x256x10-b8192,1,10,93.4349,0
1,torch,f64,realistic,graph,0,256x256x256x10-b8192,2,10,93.4069,-1.677003494
1,torch,f64,realistic,graph,0,1024x1024x1024-b4096,0,2,613.0273,0
1,torch,f64,realistic,graph,0,1024x1024x1024-b4096,1,2,611.5958,0
1,torch,f64,realistic,graph,0,1024x1024x1024-b4096,2,2,611.5532,-5.13357985
1,torch,f64,realistic,compile-cudagraphs,0,64x64x32x16-b1024,0,200,1.6679,0
1,torch,f64,realistic,compile-cudagraphs,0,64x64x32x16-b1024,1,200,1.6512,0
1,torch,f64,realistic,compile-cudagraphs,0,64x64x32x16-b1024,2,200,1.6559,-1.771861534
1,torch,f64,realistic,compile-cudagraphs,0,16x24x8-b1024,0,200,0.8908,0
1,torch,f64,realistic,compile-cudagraphs,0,16x24x8-b1024,1,200,0.9217,0
1,torch,f64,realistic,compile-cudagraphs,0,16x24x8-b1024,2,200,0.8829,0.129543859
1,torch,f64,realistic,compile-cudagraphs,0,256x256x256x10-b8192,0,10,94.7873,0
1,torch,f64,realistic,compile-cudagraphs,0,256x256x256x10-b8192,1,10,93.3535,0
1,torch,f64,realistic,compile-cudagraphs,0,256x256x256x10-b8192,2,10,93.2033,-1.677019691
1,torch,f64,realistic,compile-cudagraphs,0,1024x1024x1024-b4096,0,2,637.5134,0
1,torch,f64,realistic,compile-cudagraphs,0,1024x1024x1024-b4096,1,2,608.7921,0
1,torch,f64,realistic,compile-cudagraphs,0,1024x1024x1024-b4096,2,2,610.5574,-5.13267718
2,torch,f32,matched,eager,0,64x64x32x16-b1024,0,200,3.3316,0
2,torch,f32,matched,eager,0,64x64x32x16-b1024,1,200,3.1731,0
2,torch,f32,matched,eager,0,64x64x32x16-b1024,2,200,3.0325,-0.5147642642
2,torch,f32,matched,eager,0,16x24x8-b1024,0,200,1.8186,0
2,torch,f32,matched,eager,0,16x24x8-b1024,1,200,1.9899,0
2,torch,f32,matched,eager,0,16x24x8-b1024,2,200,1.9517,-0.1546109915
2,torch,f32,matched,eager,0,256x256x256x10-b8192,0,50,9.1651,0
2,torch,f32,matched,eager,0,256x256x256x10-b8192,1,50,9.2066,0
2,torch,f32,matched,eager,0,256x256x256x10-b8192,2,50,9.1581,-2.437047839
2,torch,f32,matched,eager,0,1024x1024x1024-b4096,0,20,21.9112,0
2,torch,f32,matched,eager,0,1024x1024x1024-b4096,1,20,22.0153,0
2,torch,f32,matched,eager,0,1024x1024x1024-b4096,2,20,22.0457,3.78585124
2,torch,f32,matched,graph,0,64x64x32x16-b1024,0,200,0.3524,0
2,torch,f32,matched,graph,0,64x64x32x16-b1024,1,200,0.3542,0
2,torch,f32,matched,graph,0,64x64x32x16-b1024,2,200,0.3540,-0.5147730112
2,torch,f32,matched,graph,0,16x24x8-b1024,0,200,0.1785,0
2,torch,f32,matched,graph,0,16x24x8-b1024,1,200,0.1784,0
2,torch,f32,matched,graph,0,16x24x8-b1024,2,200,0.1722,-0.1546118259
2,torch,f32,matched,graph,0,256x256x256x10-b8192,0,50,8.9309,0
2,torch,f32,matched,graph,0,256x256x256x10-b8192,1,50,8.9418,0
2,torch,f32,matched,graph,0,256x256x256x10-b8192,2,50,8.9003,-2.437160403
2,torch,f32,matched,graph,0,1024x1024x1024-b4096,0,20,21.9838,0
2,torch,f32,matched,graph,0,1024x1024x1024-b4096,1,20,21.9647,0
2,torch,f32,matched,graph,0,1024x1024x1024-b4096,2,20,22.1656,3.760215402
2,torch,f32,matched,compile-cudagraphs,0,64x64x32x16-b1024,0,200,0.8367,0
2,torch,f32,matched,compile-cudagraphs,0,64x64x32x16-b1024,1,200,0.8065,0
2,torch,f32,matched,compile-cudagraphs,0,64x64x32x16-b1024,2,200,0.8418,-0.5147642642
2,torch,f32,matched,compile-cudagraphs,0,16x24x8-b1024,0,200,0.7090,0
2,torch,f32,matched,compile-cudagraphs,0,16x24x8-b1024,1,200,0.8041,0
2,torch,f32,matched,compile-cudagraphs,0,16x24x8-b1024,2,200,0.7659,-0.1546109915
2,torch,f32,matched,compile-cudagraphs,0,256x256x256x10-b8192,0,50,9.0758,0
2,torch,f32,matched,compile-cudagraphs,0,256x256x256x10-b8192,1,50,9.0105,0
2,torch,f32,matched,compile-cudagraphs,0,256x256x256x10-b8192,2,50,9.1051,-2.437047839
2,torch,f32,matched,compile-cudagraphs,0,1024x1024x1024-b4096,0,20,43.7548,0
2,torch,f32,matched,compile-cudagraphs,0,1024x1024x1024-b4096,1,20,37.6374,0
2,torch,f32,matched,compile-cudagraphs,0,1024x1024x1024-b4096,2,20,28.3692,3.78585124
2,kan-preC9,f32,matched,eager,1,64x64x32x16-b1024,0,200,0.3334,0
2,kan-preC9,f32,matched,eager,1,64x64x32x16-b1024,1,200,0.3392,0
2,kan-preC9,f32,matched,eager,1,64x64x32x16-b1024,2,200,0.3292,-1.226915878
2,kan-preC9,f32,matched,eager,1,16x24x8-b1024,0,200,0.1918,0
2,kan-preC9,f32,matched,eager,1,16x24x8-b1024,1,200,0.1808,0
2,kan-preC9,f32,matched,eager,1,16x24x8-b1024,2,200,0.1829,-0.2442426503
2,kan-preC9,f32,matched,eager,1,256x256x256x10-b8192,0,50,3.9736,0
2,kan-preC9,f32,matched,eager,1,256x256x256x10-b8192,1,50,4.0257,0
2,kan-preC9,f32,matched,eager,1,256x256x256x10-b8192,2,50,4.1547,0.4215916786
2,kan-preC9,f32,matched,eager,1,1024x1024x1024-b4096,0,20,18.9383,0
2,kan-preC9,f32,matched,eager,1,1024x1024x1024-b4096,1,20,18.7809,0
2,kan-preC9,f32,matched,eager,1,1024x1024x1024-b4096,2,20,19.5165,0.7699521593
2,kan,f32,matched,step,1,64x64x32x16-b1024,0,200,0.1860,0
2,kan,f32,matched,step,1,64x64x32x16-b1024,1,200,0.1756,0
2,kan,f32,matched,step,1,64x64x32x16-b1024,2,200,0.1815,-1.226915878
2,kan,f32,matched,step,1,16x24x8-b1024,0,200,0.0875,0
2,kan,f32,matched,step,1,16x24x8-b1024,1,200,0.0861,0
2,kan,f32,matched,step,1,16x24x8-b1024,2,200,0.0921,-0.2442426503
2,kan,f32,matched,step,1,256x256x256x10-b8192,0,50,3.3477,0
2,kan,f32,matched,step,1,256x256x256x10-b8192,1,50,3.3451,0
2,kan,f32,matched,step,1,256x256x256x10-b8192,2,50,3.3770,0.4215916786
2,kan,f32,matched,step,1,1024x1024x1024-b4096,0,20,16.1727,0
2,kan,f32,matched,step,1,1024x1024x1024-b4096,1,20,16.2278,0
2,kan,f32,matched,step,1,1024x1024x1024-b4096,2,20,16.7289,0.7699521593
2,kan,f32,matched,step,64,64x64x32x16-b1024,0,200,0.1426,0
2,kan,f32,matched,step,64,64x64x32x16-b1024,1,200,0.1442,0
2,kan,f32,matched,step,64,64x64x32x16-b1024,2,200,0.1376,-1.226915878
2,kan,f32,matched,step,64,16x24x8-b1024,0,200,0.0495,0
2,kan,f32,matched,step,64,16x24x8-b1024,1,200,0.0541,0
2,kan,f32,matched,step,64,16x24x8-b1024,2,200,0.0516,-0.2442426503
2,kan,f32,matched,step,64,256x256x256x10-b8192,0,50,3.2765,0
2,kan,f32,matched,step,64,256x256x256x10-b8192,1,50,3.2570,0
2,kan,f32,matched,step,64,256x256x256x10-b8192,2,50,3.3159,0.4215916786
2,kan,f32,matched,step,64,1024x1024x1024-b4096,0,20,15.8426,0
2,kan,f32,matched,step,64,1024x1024x1024-b4096,1,20,15.7912,0
2,kan,f32,matched,step,64,1024x1024x1024-b4096,2,20,16.2883,0.7699521593
2,torch,f32,realistic,eager,0,64x64x32x16-b1024,0,200,3.6079,0
2,torch,f32,realistic,eager,0,64x64x32x16-b1024,1,200,3.6819,0
2,torch,f32,realistic,eager,0,64x64x32x16-b1024,2,200,3.3953,-0.5116628855
2,torch,f32,realistic,eager,0,16x24x8-b1024,0,200,1.9740,0
2,torch,f32,realistic,eager,0,16x24x8-b1024,1,200,2.2675,0
2,torch,f32,realistic,eager,0,16x24x8-b1024,2,200,2.1807,-0.1508975029
2,torch,f32,realistic,eager,0,256x256x256x10-b8192,0,50,12.1800,0
2,torch,f32,realistic,eager,0,256x256x256x10-b8192,1,50,12.2092,0
2,torch,f32,realistic,eager,0,256x256x256x10-b8192,2,50,12.1526,-2.430287927
2,torch,f32,realistic,eager,0,1024x1024x1024-b4096,0,20,32.4633,0
2,torch,f32,realistic,eager,0,1024x1024x1024-b4096,1,20,32.4424,0
2,torch,f32,realistic,eager,0,1024x1024x1024-b4096,2,20,32.2954,4.026550889
2,torch,f32,realistic,graph,0,64x64x32x16-b1024,0,200,0.5213,0
2,torch,f32,realistic,graph,0,64x64x32x16-b1024,1,200,0.5153,0
2,torch,f32,realistic,graph,0,64x64x32x16-b1024,2,200,0.5078,-0.5116591156
2,torch,f32,realistic,graph,0,16x24x8-b1024,0,200,0.2716,0
2,torch,f32,realistic,graph,0,16x24x8-b1024,1,200,0.2676,0
2,torch,f32,realistic,graph,0,16x24x8-b1024,2,200,0.2798,-0.1509083509
2,torch,f32,realistic,graph,0,256x256x256x10-b8192,0,50,11.8043,0
2,torch,f32,realistic,graph,0,256x256x256x10-b8192,1,50,11.7302,0
2,torch,f32,realistic,graph,0,256x256x256x10-b8192,2,50,11.7115,-2.430277079
2,torch,f32,realistic,graph,0,1024x1024x1024-b4096,0,20,33.0987,0
2,torch,f32,realistic,graph,0,1024x1024x1024-b4096,1,20,32.4189,0
2,torch,f32,realistic,graph,0,1024x1024x1024-b4096,2,20,32.2788,4.025994897
2,torch,f32,realistic,compile-cudagraphs,0,64x64x32x16-b1024,0,200,0.9553,0
2,torch,f32,realistic,compile-cudagraphs,0,64x64x32x16-b1024,1,200,1.1369,0
2,torch,f32,realistic,compile-cudagraphs,0,64x64x32x16-b1024,2,200,1.0265,-0.5116628855
2,torch,f32,realistic,compile-cudagraphs,0,16x24x8-b1024,0,200,0.9937,0
2,torch,f32,realistic,compile-cudagraphs,0,16x24x8-b1024,1,200,0.9836,0
2,torch,f32,realistic,compile-cudagraphs,0,16x24x8-b1024,2,200,1.0549,-0.1508975029
2,torch,f32,realistic,compile-cudagraphs,0,256x256x256x10-b8192,0,50,11.9696,0
2,torch,f32,realistic,compile-cudagraphs,0,256x256x256x10-b8192,1,50,11.8880,0
2,torch,f32,realistic,compile-cudagraphs,0,256x256x256x10-b8192,2,50,11.9014,-2.430287927
2,torch,f32,realistic,compile-cudagraphs,0,1024x1024x1024-b4096,0,20,54.2939,0
2,torch,f32,realistic,compile-cudagraphs,0,1024x1024x1024-b4096,1,20,46.7566,0
2,torch,f32,realistic,compile-cudagraphs,0,1024x1024x1024-b4096,2,20,36.0280,4.026550889
2,kan-preC9,f32,realistic,eager,1,64x64x32x16-b1024,0,200,0.6168,0
2,kan-preC9,f32,realistic,eager,1,64x64x32x16-b1024,1,200,0.6322,0
2,kan-preC9,f32,realistic,eager,1,64x64x32x16-b1024,2,200,0.6229,-1.142909287
2,kan-preC9,f32,realistic,eager,1,16x24x8-b1024,0,200,0.3063,0
2,kan-preC9,f32,realistic,eager,1,16x24x8-b1024,1,200,0.3017,0
2,kan-preC9,f32,realistic,eager,1,16x24x8-b1024,2,200,0.3095,-0.2306182518
2,kan-preC9,f32,realistic,eager,1,256x256x256x10-b8192,0,50,9.2798,0
2,kan-preC9,f32,realistic,eager,1,256x256x256x10-b8192,1,50,9.2565,0
2,kan-preC9,f32,realistic,eager,1,256x256x256x10-b8192,2,50,9.4293,0.4338269142
2,kan-preC9,f32,realistic,eager,1,1024x1024x1024-b4096,0,20,63.9616,0
2,kan-preC9,f32,realistic,eager,1,1024x1024x1024-b4096,1,20,63.5971,0
2,kan-preC9,f32,realistic,eager,1,1024x1024x1024-b4096,2,20,76.1578,0.7254682892
2,kan,f32,realistic,step,1,64x64x32x16-b1024,0,200,0.3719,0
2,kan,f32,realistic,step,1,64x64x32x16-b1024,1,200,0.3753,0
2,kan,f32,realistic,step,1,64x64x32x16-b1024,2,200,0.3844,-1.142909274
2,kan,f32,realistic,step,1,16x24x8-b1024,0,200,0.1680,0
2,kan,f32,realistic,step,1,16x24x8-b1024,1,200,0.1636,0
2,kan,f32,realistic,step,1,16x24x8-b1024,2,200,0.1600,-0.2306182705
2,kan,f32,realistic,step,1,256x256x256x10-b8192,0,50,6.9260,0
2,kan,f32,realistic,step,1,256x256x256x10-b8192,1,50,7.0543,0
2,kan,f32,realistic,step,1,256x256x256x10-b8192,2,50,7.0158,0.4338269033
2,kan,f32,realistic,step,1,1024x1024x1024-b4096,0,20,22.0707,0
2,kan,f32,realistic,step,1,1024x1024x1024-b4096,1,20,22.5755,0
2,kan,f32,realistic,step,1,1024x1024x1024-b4096,2,20,22.8955,0.7254683808
2,kan,f32,realistic,step,64,64x64x32x16-b1024,0,200,0.2141,0
2,kan,f32,realistic,step,64,64x64x32x16-b1024,1,200,0.1985,0
2,kan,f32,realistic,step,64,64x64x32x16-b1024,2,200,0.1876,-1.142909274
2,kan,f32,realistic,step,64,16x24x8-b1024,0,200,0.0764,0
2,kan,f32,realistic,step,64,16x24x8-b1024,1,200,0.0795,0
2,kan,f32,realistic,step,64,16x24x8-b1024,2,200,0.0773,-0.2306182705
2,kan,f32,realistic,step,64,256x256x256x10-b8192,0,50,4.2024,0
2,kan,f32,realistic,step,64,256x256x256x10-b8192,1,50,4.2913,0
2,kan,f32,realistic,step,64,256x256x256x10-b8192,2,50,3.7494,0.4338269033
2,kan,f32,realistic,step,64,1024x1024x1024-b4096,0,20,16.0500,0
2,kan,f32,realistic,step,64,1024x1024x1024-b4096,1,20,16.2265,0
2,kan,f32,realistic,step,64,1024x1024x1024-b4096,2,20,16.8203,0.7254683808
2,torch,tf32,matched,eager,0,64x64x32x16-b1024,0,200,3.3607,0
2,torch,tf32,matched,eager,0,64x64x32x16-b1024,1,200,3.1431,0
2,torch,tf32,matched,eager,0,64x64x32x16-b1024,2,200,3.0614,-0.5147226527
2,torch,tf32,matched,eager,0,16x24x8-b1024,0,200,1.8841,0
2,torch,tf32,matched,eager,0,16x24x8-b1024,1,200,1.9373,0
2,torch,tf32,matched,eager,0,16x24x8-b1024,2,200,1.8866,-0.1546101868
2,torch,tf32,matched,eager,0,256x256x256x10-b8192,0,50,9.1050,0
2,torch,tf32,matched,eager,0,256x256x256x10-b8192,1,50,9.0832,0
2,torch,tf32,matched,eager,0,256x256x256x10-b8192,2,50,9.0933,-2.437035263
2,torch,tf32,matched,eager,0,1024x1024x1024-b4096,0,20,17.4975,0
2,torch,tf32,matched,eager,0,1024x1024x1024-b4096,1,20,17.3461,0
2,torch,tf32,matched,eager,0,1024x1024x1024-b4096,2,20,16.9037,3.786538839
2,torch,tf32,matched,graph,0,64x64x32x16-b1024,0,200,0.3301,0
2,torch,tf32,matched,graph,0,64x64x32x16-b1024,1,200,0.3324,0
2,torch,tf32,matched,graph,0,64x64x32x16-b1024,2,200,0.3334,-0.5147321746
2,torch,tf32,matched,graph,0,16x24x8-b1024,0,200,0.1569,0
2,torch,tf32,matched,graph,0,16x24x8-b1024,1,200,0.1573,0
2,torch,tf32,matched,graph,0,16x24x8-b1024,2,200,0.1506,-0.1546111107
2,torch,tf32,matched,graph,0,256x256x256x10-b8192,0,50,8.7104,0
2,torch,tf32,matched,graph,0,256x256x256x10-b8192,1,50,8.7624,0
2,torch,tf32,matched,graph,0,256x256x256x10-b8192,2,50,8.8554,-2.437146336
2,torch,tf32,matched,graph,0,1024x1024x1024-b4096,0,20,17.0787,0
2,torch,tf32,matched,graph,0,1024x1024x1024-b4096,1,20,16.6606,0
2,torch,tf32,matched,graph,0,1024x1024x1024-b4096,2,20,16.6235,3.760900974
2,torch,tf32,matched,compile-cudagraphs,0,64x64x32x16-b1024,0,200,0.8067,0
2,torch,tf32,matched,compile-cudagraphs,0,64x64x32x16-b1024,1,200,0.8126,0
2,torch,tf32,matched,compile-cudagraphs,0,64x64x32x16-b1024,2,200,0.8324,-0.5147226527
2,torch,tf32,matched,compile-cudagraphs,0,16x24x8-b1024,0,200,0.7122,0
2,torch,tf32,matched,compile-cudagraphs,0,16x24x8-b1024,1,200,0.7497,0
2,torch,tf32,matched,compile-cudagraphs,0,16x24x8-b1024,2,200,0.7318,-0.1546101868
2,torch,tf32,matched,compile-cudagraphs,0,256x256x256x10-b8192,0,50,8.8652,0
2,torch,tf32,matched,compile-cudagraphs,0,256x256x256x10-b8192,1,50,8.7403,0
2,torch,tf32,matched,compile-cudagraphs,0,256x256x256x10-b8192,2,50,8.6935,-2.437035263
2,torch,tf32,matched,compile-cudagraphs,0,1024x1024x1024-b4096,0,20,34.6044,0
2,torch,tf32,matched,compile-cudagraphs,0,1024x1024x1024-b4096,1,20,31.4896,0
2,torch,tf32,matched,compile-cudagraphs,0,1024x1024x1024-b4096,2,20,28.9039,3.786538839
2,kan-preC9,tf32,matched,eager,1,64x64x32x16-b1024,0,200,0.3180,0
2,kan-preC9,tf32,matched,eager,1,64x64x32x16-b1024,1,200,0.3161,0
2,kan-preC9,tf32,matched,eager,1,64x64x32x16-b1024,2,200,0.3082,-1.226929678
2,kan-preC9,tf32,matched,eager,1,16x24x8-b1024,0,200,0.1722,0
2,kan-preC9,tf32,matched,eager,1,16x24x8-b1024,1,200,0.1765,0
2,kan-preC9,tf32,matched,eager,1,16x24x8-b1024,2,200,0.1848,-0.2442426503
2,kan-preC9,tf32,matched,eager,1,256x256x256x10-b8192,0,50,3.8670,0
2,kan-preC9,tf32,matched,eager,1,256x256x256x10-b8192,1,50,3.9029,0
2,kan-preC9,tf32,matched,eager,1,256x256x256x10-b8192,2,50,3.8973,0.4216276472
2,kan-preC9,tf32,matched,eager,1,1024x1024x1024-b4096,0,20,13.2834,0
2,kan-preC9,tf32,matched,eager,1,1024x1024x1024-b4096,1,20,12.8614,0
2,kan-preC9,tf32,matched,eager,1,1024x1024x1024-b4096,2,20,12.7324,0.7698620722
2,kan,tf32,matched,step,1,64x64x32x16-b1024,0,200,0.1618,0
2,kan,tf32,matched,step,1,64x64x32x16-b1024,1,200,0.1584,0
2,kan,tf32,matched,step,1,64x64x32x16-b1024,2,200,0.1608,-1.226929678
2,kan,tf32,matched,step,1,16x24x8-b1024,0,200,0.0855,0
2,kan,tf32,matched,step,1,16x24x8-b1024,1,200,0.0834,0
2,kan,tf32,matched,step,1,16x24x8-b1024,2,200,0.0846,-0.2442426503
2,kan,tf32,matched,step,1,256x256x256x10-b8192,0,50,3.2864,0
2,kan,tf32,matched,step,1,256x256x256x10-b8192,1,50,3.2759,0
2,kan,tf32,matched,step,1,256x256x256x10-b8192,2,50,3.2599,0.4216276472
2,kan,tf32,matched,step,1,1024x1024x1024-b4096,0,20,10.6982,0
2,kan,tf32,matched,step,1,1024x1024x1024-b4096,1,20,10.4435,0
2,kan,tf32,matched,step,1,1024x1024x1024-b4096,2,20,10.3452,0.7698620722
2,kan,tf32,matched,step,64,64x64x32x16-b1024,0,200,0.1269,0
2,kan,tf32,matched,step,64,64x64x32x16-b1024,1,200,0.1263,0
2,kan,tf32,matched,step,64,64x64x32x16-b1024,2,200,0.1265,-1.226929678
2,kan,tf32,matched,step,64,16x24x8-b1024,0,200,0.0495,0
2,kan,tf32,matched,step,64,16x24x8-b1024,1,200,0.0500,0
2,kan,tf32,matched,step,64,16x24x8-b1024,2,200,0.0508,-0.2442426503
2,kan,tf32,matched,step,64,256x256x256x10-b8192,0,50,3.2393,0
2,kan,tf32,matched,step,64,256x256x256x10-b8192,1,50,3.1471,0
2,kan,tf32,matched,step,64,256x256x256x10-b8192,2,50,3.1104,0.4216276472
2,kan,tf32,matched,step,64,1024x1024x1024-b4096,0,20,10.6893,0
2,kan,tf32,matched,step,64,1024x1024x1024-b4096,1,20,10.4282,0
2,kan,tf32,matched,step,64,1024x1024x1024-b4096,2,20,10.2395,0.7698620722
2,torch,tf32,realistic,eager,0,64x64x32x16-b1024,0,200,3.5887,0
2,torch,tf32,realistic,eager,0,64x64x32x16-b1024,1,200,3.6403,0
2,torch,tf32,realistic,eager,0,64x64x32x16-b1024,2,200,3.6151,-0.51166711
2,torch,tf32,realistic,eager,0,16x24x8-b1024,0,200,1.9207,0
2,torch,tf32,realistic,eager,0,16x24x8-b1024,1,200,2.3429,0
2,torch,tf32,realistic,eager,0,16x24x8-b1024,2,200,2.4351,-0.1508976817
2,torch,tf32,realistic,eager,0,256x256x256x10-b8192,0,50,11.7761,0
2,torch,tf32,realistic,eager,0,256x256x256x10-b8192,1,50,11.7835,0
2,torch,tf32,realistic,eager,0,256x256x256x10-b8192,2,50,11.8165,-2.430291355
2,torch,tf32,realistic,eager,0,1024x1024x1024-b4096,0,20,28.0763,0
2,torch,tf32,realistic,eager,0,1024x1024x1024-b4096,1,20,27.3297,0
2,torch,tf32,realistic,eager,0,1024x1024x1024-b4096,2,20,27.8393,4.02655077
2,torch,tf32,realistic,graph,0,64x64x32x16-b1024,0,200,0.4958,0
2,torch,tf32,realistic,graph,0,64x64x32x16-b1024,1,200,0.4962,0
2,torch,tf32,realistic,graph,0,64x64x32x16-b1024,2,200,0.5004,-0.5116611421
2,torch,tf32,realistic,graph,0,16x24x8-b1024,0,200,0.2552,0
2,torch,tf32,realistic,graph,0,16x24x8-b1024,1,200,0.2540,0
2,torch,tf32,realistic,graph,0,16x24x8-b1024,2,200,0.2554,-0.1509082317
2,torch,tf32,realistic,graph,0,256x256x256x10-b8192,0,50,11.5627,0
2,torch,tf32,realistic,graph,0,256x256x256x10-b8192,1,50,11.6298,0
2,torch,tf32,realistic,graph,0,256x256x256x10-b8192,2,50,11.6230,-2.430277705
2,torch,tf32,realistic,graph,0,1024x1024x1024-b4096,0,20,27.9215,0
2,torch,tf32,realistic,graph,0,1024x1024x1024-b4096,1,20,27.9327,0
2,torch,tf32,realistic,graph,0,1024x1024x1024-b4096,2,20,27.8500,4.025995493
2,torch,tf32,realistic,compile-cudagraphs,0,64x64x32x16-b1024,0,200,1.0758,0
2,torch,tf32,realistic,compile-cudagraphs,0,64x64x32x16-b1024,1,200,1.0344,0
2,torch,tf32,realistic,compile-cudagraphs,0,64x64x32x16-b1024,2,200,1.0490,-0.51166711
2,torch,tf32,realistic,compile-cudagraphs,0,16x24x8-b1024,0,200,0.9723,0
2,torch,tf32,realistic,compile-cudagraphs,0,16x24x8-b1024,1,200,1.0232,0
2,torch,tf32,realistic,compile-cudagraphs,0,16x24x8-b1024,2,200,0.9624,-0.1508976817
2,torch,tf32,realistic,compile-cudagraphs,0,256x256x256x10-b8192,0,50,11.6657,0
2,torch,tf32,realistic,compile-cudagraphs,0,256x256x256x10-b8192,1,50,11.5121,0
2,torch,tf32,realistic,compile-cudagraphs,0,256x256x256x10-b8192,2,50,11.8241,-2.430291355
2,torch,tf32,realistic,compile-cudagraphs,0,1024x1024x1024-b4096,0,20,45.0275,0
2,torch,tf32,realistic,compile-cudagraphs,0,1024x1024x1024-b4096,1,20,41.4602,0
2,torch,tf32,realistic,compile-cudagraphs,0,1024x1024x1024-b4096,2,20,32.9797,4.02655077
2,kan-preC9,tf32,realistic,eager,1,64x64x32x16-b1024,0,200,0.6063,0
2,kan-preC9,tf32,realistic,eager,1,64x64x32x16-b1024,1,200,0.5739,0
2,kan-preC9,tf32,realistic,eager,1,64x64x32x16-b1024,2,200,0.6011,-1.142910354
2,kan-preC9,tf32,realistic,eager,1,16x24x8-b1024,0,200,0.3098,0
2,kan-preC9,tf32,realistic,eager,1,16x24x8-b1024,1,200,0.3057,0
2,kan-preC9,tf32,realistic,eager,1,16x24x8-b1024,2,200,0.3089,-0.2306182518
2,kan-preC9,tf32,realistic,eager,1,256x256x256x10-b8192,0,50,9.1727,0
2,kan-preC9,tf32,realistic,eager,1,256x256x256x10-b8192,1,50,9.1524,0
2,kan-preC9,tf32,realistic,eager,1,256x256x256x10-b8192,2,50,9.1673,0.4338215889
2,kan-preC9,tf32,realistic,eager,1,1024x1024x1024-b4096,0,20,58.0143,0
2,kan-preC9,tf32,realistic,eager,1,1024x1024x1024-b4096,1,20,59.3504,0
2,kan-preC9,tf32,realistic,eager,1,1024x1024x1024-b4096,2,20,64.7562,0.7254703662
2,kan,tf32,realistic,step,1,64x64x32x16-b1024,0,200,0.3810,0
2,kan,tf32,realistic,step,1,64x64x32x16-b1024,1,200,0.3777,0
2,kan,tf32,realistic,step,1,64x64x32x16-b1024,2,200,0.3721,-1.142910296
2,kan,tf32,realistic,step,1,16x24x8-b1024,0,200,0.1717,0
2,kan,tf32,realistic,step,1,16x24x8-b1024,1,200,0.1673,0
2,kan,tf32,realistic,step,1,16x24x8-b1024,2,200,0.1670,-0.2306182705
2,kan,tf32,realistic,step,1,256x256x256x10-b8192,0,50,7.2881,0
2,kan,tf32,realistic,step,1,256x256x256x10-b8192,1,50,7.2726,0
2,kan,tf32,realistic,step,1,256x256x256x10-b8192,2,50,7.2497,0.4338214097
2,kan,tf32,realistic,step,1,1024x1024x1024-b4096,0,20,19.0044,0
2,kan,tf32,realistic,step,1,1024x1024x1024-b4096,1,20,19.5494,0
2,kan,tf32,realistic,step,1,1024x1024x1024-b4096,2,20,19.7722,0.7254702604
2,kan,tf32,realistic,step,64,64x64x32x16-b1024,0,200,0.1875,0
2,kan,tf32,realistic,step,64,64x64x32x16-b1024,1,200,0.1884,0
2,kan,tf32,realistic,step,64,64x64x32x16-b1024,2,200,0.1884,-1.142910296
2,kan,tf32,realistic,step,64,16x24x8-b1024,0,200,0.0790,0
2,kan,tf32,realistic,step,64,16x24x8-b1024,1,200,0.0788,0
2,kan,tf32,realistic,step,64,16x24x8-b1024,2,200,0.0792,-0.2306182705
2,kan,tf32,realistic,step,64,256x256x256x10-b8192,0,50,3.7980,0
2,kan,tf32,realistic,step,64,256x256x256x10-b8192,1,50,3.7726,0
2,kan,tf32,realistic,step,64,256x256x256x10-b8192,2,50,3.7438,0.4338214097
2,kan,tf32,realistic,step,64,1024x1024x1024-b4096,0,20,12.3393,0
2,kan,tf32,realistic,step,64,1024x1024x1024-b4096,1,20,12.0863,0
2,kan,tf32,realistic,step,64,1024x1024x1024-b4096,2,20,11.6094,0.7254702604
2,torch,f64,matched,eager,0,64x64x32x16-b1024,0,200,3.0127,0
2,torch,f64,matched,eager,0,64x64x32x16-b1024,1,200,2.7306,0
2,torch,f64,matched,eager,0,64x64x32x16-b1024,2,200,3.0750,-1.804676247
2,torch,f64,matched,eager,0,16x24x8-b1024,0,200,1.9396,0
2,torch,f64,matched,eager,0,16x24x8-b1024,1,200,1.9144,0
2,torch,f64,matched,eager,0,16x24x8-b1024,2,200,1.7396,0.1230307438
2,torch,f64,matched,eager,0,256x256x256x10-b8192,0,10,89.1385,0
2,torch,f64,matched,eager,0,256x256x256x10-b8192,1,10,88.7532,0
2,torch,f64,matched,eager,0,256x256x256x10-b8192,2,10,88.6382,-1.675433916
2,torch,f64,matched,eager,0,1024x1024x1024-b4096,0,2,614.0195,0
2,torch,f64,matched,eager,0,1024x1024x1024-b4096,1,2,589.4297,0
2,torch,f64,matched,eager,0,1024x1024x1024-b4096,2,2,593.0171,-5.176149138
2,torch,f64,matched,graph,0,64x64x32x16-b1024,0,200,1.2409,0
2,torch,f64,matched,graph,0,64x64x32x16-b1024,1,200,1.1855,0
2,torch,f64,matched,graph,0,64x64x32x16-b1024,2,200,1.1346,-1.804929746
2,torch,f64,matched,graph,0,16x24x8-b1024,0,200,0.5900,0
2,torch,f64,matched,graph,0,16x24x8-b1024,1,200,0.5914,0
2,torch,f64,matched,graph,0,16x24x8-b1024,2,200,0.5924,0.1229015589
2,torch,f64,matched,graph,0,256x256x256x10-b8192,0,10,86.7462,0
2,torch,f64,matched,graph,0,256x256x256x10-b8192,1,10,86.2780,0
2,torch,f64,matched,graph,0,256x256x256x10-b8192,2,10,85.7480,-1.675524996
2,torch,f64,matched,graph,0,1024x1024x1024-b4096,0,2,576.4043,0
2,torch,f64,matched,graph,0,1024x1024x1024-b4096,1,2,580.6710,0
2,torch,f64,matched,graph,0,1024x1024x1024-b4096,2,2,587.4047,-5.192438187
2,torch,f64,matched,compile-cudagraphs,0,64x64x32x16-b1024,0,200,1.3360,0
2,torch,f64,matched,compile-cudagraphs,0,64x64x32x16-b1024,1,200,1.2986,0
2,torch,f64,matched,compile-cudagraphs,0,64x64x32x16-b1024,2,200,1.2811,-1.804676247
2,torch,f64,matched,compile-cudagraphs,0,16x24x8-b1024,0,200,0.6927,0
2,torch,f64,matched,compile-cudagraphs,0,16x24x8-b1024,1,200,0.6954,0
2,torch,f64,matched,compile-cudagraphs,0,16x24x8-b1024,2,200,0.6908,0.1230307438
2,torch,f64,matched,compile-cudagraphs,0,256x256x256x10-b8192,0,10,87.8310,0
2,torch,f64,matched,compile-cudagraphs,0,256x256x256x10-b8192,1,10,85.5769,0
2,torch,f64,matched,compile-cudagraphs,0,256x256x256x10-b8192,2,10,86.3472,-1.675433916
2,torch,f64,matched,compile-cudagraphs,0,1024x1024x1024-b4096,0,2,608.0523,0
2,torch,f64,matched,compile-cudagraphs,0,1024x1024x1024-b4096,1,2,576.8170,0
2,torch,f64,matched,compile-cudagraphs,0,1024x1024x1024-b4096,2,2,572.4951,-5.176149138
2,kan-preC9,f64,matched,eager,1,64x64x32x16-b1024,0,200,1.2566,0
2,kan-preC9,f64,matched,eager,1,64x64x32x16-b1024,1,200,1.2546,0
2,kan-preC9,f64,matched,eager,1,64x64x32x16-b1024,2,200,1.2622,-1.226909033
2,kan-preC9,f64,matched,eager,1,16x24x8-b1024,0,200,0.3648,0
2,kan-preC9,f64,matched,eager,1,16x24x8-b1024,1,200,0.3806,0
2,kan-preC9,f64,matched,eager,1,16x24x8-b1024,2,200,0.3788,-0.2442397748
2,kan-preC9,f64,matched,eager,1,256x256x256x10-b8192,0,10,98.1703,0
2,kan-preC9,f64,matched,eager,1,256x256x256x10-b8192,1,10,95.8254,0
2,kan-preC9,f64,matched,eager,1,256x256x256x10-b8192,2,10,95.9797,0.4256854954
2,kan-preC9,f64,matched,eager,1,1024x1024x1024-b4096,0,2,678.7041,0
2,kan-preC9,f64,matched,eager,1,1024x1024x1024-b4096,1,2,676.4149,0
2,kan-preC9,f64,matched,eager,1,1024x1024x1024-b4096,2,2,675.1571,0.7205686199
2,kan,f64,matched,step,1,64x64x32x16-b1024,0,200,1.0311,0
2,kan,f64,matched,step,1,64x64x32x16-b1024,1,200,0.9833,0
2,kan,f64,matched,step,1,64x64x32x16-b1024,2,200,0.9982,-1.226909033
2,kan,f64,matched,step,1,16x24x8-b1024,0,200,0.2618,0
2,kan,f64,matched,step,1,16x24x8-b1024,1,200,0.2670,0
2,kan,f64,matched,step,1,16x24x8-b1024,2,200,0.2833,-0.2442397748
2,kan,f64,matched,step,1,256x256x256x10-b8192,0,10,85.3088,0
2,kan,f64,matched,step,1,256x256x256x10-b8192,1,10,82.5808,0
2,kan,f64,matched,step,1,256x256x256x10-b8192,2,10,82.4680,0.4256854954
2,kan,f64,matched,step,1,1024x1024x1024-b4096,0,2,566.8418,0
2,kan,f64,matched,step,1,1024x1024x1024-b4096,1,2,569.9899,0
2,kan,f64,matched,step,1,1024x1024x1024-b4096,2,2,562.6530,0.7205686199
2,kan,f64,matched,step,64,64x64x32x16-b1024,0,200,0.9392,0
2,kan,f64,matched,step,64,64x64x32x16-b1024,1,200,0.9287,0
2,kan,f64,matched,step,64,64x64x32x16-b1024,2,200,0.8935,-1.226909033
2,kan,f64,matched,step,64,16x24x8-b1024,0,200,0.2040,0
2,kan,f64,matched,step,64,16x24x8-b1024,1,200,0.2071,0
2,kan,f64,matched,step,64,16x24x8-b1024,2,200,0.2071,-0.2442397748
2,kan,f64,matched,step,64,256x256x256x10-b8192,0,10,84.0834,0
2,kan,f64,matched,step,64,256x256x256x10-b8192,1,10,81.8218,0
2,kan,f64,matched,step,64,256x256x256x10-b8192,2,10,82.4321,0.4256854954
2,kan,f64,matched,step,64,1024x1024x1024-b4096,0,2,562.5421,0
2,kan,f64,matched,step,64,1024x1024x1024-b4096,1,2,568.9067,0
2,kan,f64,matched,step,64,1024x1024x1024-b4096,2,2,567.9160,0.7205686199
2,torch,f64,realistic,eager,0,64x64x32x16-b1024,0,200,3.2369,0
2,torch,f64,realistic,eager,0,64x64x32x16-b1024,1,200,3.1906,0
2,torch,f64,realistic,eager,0,64x64x32x16-b1024,2,200,3.2241,-1.771861534
2,torch,f64,realistic,eager,0,16x24x8-b1024,0,200,2.1886,0
2,torch,f64,realistic,eager,0,16x24x8-b1024,1,200,2.3149,0
2,torch,f64,realistic,eager,0,16x24x8-b1024,2,200,2.2817,0.129543859
2,torch,f64,realistic,eager,0,256x256x256x10-b8192,0,10,93.0245,0
2,torch,f64,realistic,eager,0,256x256x256x10-b8192,1,10,90.9861,0
2,torch,f64,realistic,eager,0,256x256x256x10-b8192,2,10,91.2266,-1.677019691
2,torch,f64,realistic,eager,0,1024x1024x1024-b4096,0,2,617.3944,0
2,torch,f64,realistic,eager,0,1024x1024x1024-b4096,1,2,595.0633,0
2,torch,f64,realistic,eager,0,1024x1024x1024-b4096,2,2,594.2843,-5.13267718
2,torch,f64,realistic,graph,0,64x64x32x16-b1024,0,200,1.5272,0
2,torch,f64,realistic,graph,0,64x64x32x16-b1024,1,200,1.5014,0
2,torch,f64,realistic,graph,0,64x64x32x16-b1024,2,200,1.4889,-1.771861052
2,torch,f64,realistic,graph,0,16x24x8-b1024,0,200,0.7733,0
2,torch,f64,realistic,graph,0,16x24x8-b1024,1,200,1.0148,0
2,torch,f64,realistic,graph,0,16x24x8-b1024,2,200,0.8465,0.1295402085
2,torch,f64,realistic,graph,0,256x256x256x10-b8192,0,10,120.0312,0
2,torch,f64,realistic,graph,0,256x256x256x10-b8192,1,10,138.5182,0
2,torch,f64,realistic,graph,0,256x256x256x10-b8192,2,10,144.7971,-1.677003494
2,torch,f64,realistic,graph,0,1024x1024x1024-b4096,0,2,596.3563,0
2,torch,f64,realistic,graph,0,1024x1024x1024-b4096,1,2,600.3610,0
2,torch,f64,realistic,graph,0,1024x1024x1024-b4096,2,2,607.3999,-5.13357985
2,torch,f64,realistic,compile-cudagraphs,0,64x64x32x16-b1024,0,200,1.6250,0
2,torch,f64,realistic,compile-cudagraphs,0,64x64x32x16-b1024,1,200,1.6306,0
2,torch,f64,realistic,compile-cudagraphs,0,64x64x32x16-b1024,2,200,1.6249,-1.771861534
2,torch,f64,realistic,compile-cudagraphs,0,16x24x8-b1024,0,200,0.9645,0
2,torch,f64,realistic,compile-cudagraphs,0,16x24x8-b1024,1,200,0.9402,0
2,torch,f64,realistic,compile-cudagraphs,0,16x24x8-b1024,2,200,0.9488,0.129543859
2,torch,f64,realistic,compile-cudagraphs,0,256x256x256x10-b8192,0,10,93.2190,0
2,torch,f64,realistic,compile-cudagraphs,0,256x256x256x10-b8192,1,10,89.7438,0
2,torch,f64,realistic,compile-cudagraphs,0,256x256x256x10-b8192,2,10,89.9856,-1.677019691
2,torch,f64,realistic,compile-cudagraphs,0,1024x1024x1024-b4096,0,2,650.3751,0
2,torch,f64,realistic,compile-cudagraphs,0,1024x1024x1024-b4096,1,2,598.2049,0
2,torch,f64,realistic,compile-cudagraphs,0,1024x1024x1024-b4096,2,2,595.6246,-5.13267718
2,kan-preC9,f64,realistic,eager,1,64x64x32x16-b1024,0,200,1.6662,0
2,kan-preC9,f64,realistic,eager,1,64x64x32x16-b1024,1,200,1.6556,0
2,kan-preC9,f64,realistic,eager,1,64x64x32x16-b1024,2,200,1.6590,-1.142912131
2,kan-preC9,f64,realistic,eager,1,16x24x8-b1024,0,200,0.5285,0
2,kan-preC9,f64,realistic,eager,1,16x24x8-b1024,1,200,0.5265,0
2,kan-preC9,f64,realistic,eager,1,16x24x8-b1024,2,200,0.5388,-0.2306190415
2,kan-preC9,f64,realistic,eager,1,256x256x256x10-b8192,0,10,106.0907,0
2,kan-preC9,f64,realistic,eager,1,256x256x256x10-b8192,1,10,105.9623,0
2,kan-preC9,f64,realistic,eager,1,256x256x256x10-b8192,2,10,108.5536,0.4338274716
2,kan-preC9,f64,realistic,eager,1,1024x1024x1024-b4096,0,2,767.1451,0
2,kan-preC9,f64,realistic,eager,1,1024x1024x1024-b4096,1,2,765.7281,0
2,kan-preC9,f64,realistic,eager,1,1024x1024x1024-b4096,2,2,763.5070,0.7211952463
2,kan,f64,realistic,step,1,64x64x32x16-b1024,0,200,1.3615,0
2,kan,f64,realistic,step,1,64x64x32x16-b1024,1,200,1.3757,0
2,kan,f64,realistic,step,1,64x64x32x16-b1024,2,200,1.3637,-1.142912131
2,kan,f64,realistic,step,1,16x24x8-b1024,0,200,0.3761,0
2,kan,f64,realistic,step,1,16x24x8-b1024,1,200,0.3841,0
2,kan,f64,realistic,step,1,16x24x8-b1024,2,200,0.3829,-0.2306190415
2,kan,f64,realistic,step,1,256x256x256x10-b8192,0,10,93.2859,0
2,kan,f64,realistic,step,1,256x256x256x10-b8192,1,10,91.9155,0
2,kan,f64,realistic,step,1,256x256x256x10-b8192,2,10,92.3195,0.4338274716
2,kan,f64,realistic,step,1,1024x1024x1024-b4096,0,2,603.9546,0
2,kan,f64,realistic,step,1,1024x1024x1024-b4096,1,2,602.8556,0
2,kan,f64,realistic,step,1,1024x1024x1024-b4096,2,2,602.8399,0.7211952463
2,kan,f64,realistic,step,64,64x64x32x16-b1024,0,200,1.0164,0
2,kan,f64,realistic,step,64,64x64x32x16-b1024,1,200,0.9599,0
2,kan,f64,realistic,step,64,64x64x32x16-b1024,2,200,0.9254,-1.142912131
2,kan,f64,realistic,step,64,16x24x8-b1024,0,200,0.2137,0
2,kan,f64,realistic,step,64,16x24x8-b1024,1,200,0.2104,0
2,kan,f64,realistic,step,64,16x24x8-b1024,2,200,0.2116,-0.2306190415
2,kan,f64,realistic,step,64,256x256x256x10-b8192,0,10,85.6263,0
2,kan,f64,realistic,step,64,256x256x256x10-b8192,1,10,82.9767,0
2,kan,f64,realistic,step,64,256x256x256x10-b8192,2,10,82.9862,0.4338274716
2,kan,f64,realistic,step,64,1024x1024x1024-b4096,0,2,577.8849,0
2,kan,f64,realistic,step,64,1024x1024x1024-b4096,1,2,579.7387,0
2,kan,f64,realistic,step,64,1024x1024x1024-b4096,2,2,576.2219,0.7211952463
3,kan-preC9,f32,matched,eager,1,64x64x32x16-b1024,0,200,0.3569,0
3,kan-preC9,f32,matched,eager,1,64x64x32x16-b1024,1,200,0.3246,0
3,kan-preC9,f32,matched,eager,1,64x64x32x16-b1024,2,200,0.3166,-1.226915878
3,kan-preC9,f32,matched,eager,1,16x24x8-b1024,0,200,0.1805,0
3,kan-preC9,f32,matched,eager,1,16x24x8-b1024,1,200,0.1757,0
3,kan-preC9,f32,matched,eager,1,16x24x8-b1024,2,200,0.1755,-0.2442426503
3,kan-preC9,f32,matched,eager,1,256x256x256x10-b8192,0,50,3.8558,0
3,kan-preC9,f32,matched,eager,1,256x256x256x10-b8192,1,50,3.8415,0
3,kan-preC9,f32,matched,eager,1,256x256x256x10-b8192,2,50,3.8512,0.4215916786
3,kan-preC9,f32,matched,eager,1,1024x1024x1024-b4096,0,20,18.4145,0
3,kan-preC9,f32,matched,eager,1,1024x1024x1024-b4096,1,20,18.3904,0
3,kan-preC9,f32,matched,eager,1,1024x1024x1024-b4096,2,20,18.7306,0.7699521593
3,kan,f32,matched,step,1,64x64x32x16-b1024,0,200,0.1744,0
3,kan,f32,matched,step,1,64x64x32x16-b1024,1,200,0.1682,0
3,kan,f32,matched,step,1,64x64x32x16-b1024,2,200,0.1762,-1.226915878
3,kan,f32,matched,step,1,16x24x8-b1024,0,200,0.0876,0
3,kan,f32,matched,step,1,16x24x8-b1024,1,200,0.0875,0
3,kan,f32,matched,step,1,16x24x8-b1024,2,200,0.0857,-0.2442426503
3,kan,f32,matched,step,1,256x256x256x10-b8192,0,50,3.3633,0
3,kan,f32,matched,step,1,256x256x256x10-b8192,1,50,3.2458,0
3,kan,f32,matched,step,1,256x256x256x10-b8192,2,50,3.1855,0.4215916786
3,kan,f32,matched,step,1,1024x1024x1024-b4096,0,20,15.4504,0
3,kan,f32,matched,step,1,1024x1024x1024-b4096,1,20,15.6416,0
3,kan,f32,matched,step,1,1024x1024x1024-b4096,2,20,15.8878,0.7699521593
3,kan,f32,matched,step,64,64x64x32x16-b1024,0,200,0.1402,0
3,kan,f32,matched,step,64,64x64x32x16-b1024,1,200,0.1389,0
3,kan,f32,matched,step,64,64x64x32x16-b1024,2,200,0.1418,-1.226915878
3,kan,f32,matched,step,64,16x24x8-b1024,0,200,0.0545,0
3,kan,f32,matched,step,64,16x24x8-b1024,1,200,0.0533,0
3,kan,f32,matched,step,64,16x24x8-b1024,2,200,0.0507,-0.2442426503
3,kan,f32,matched,step,64,256x256x256x10-b8192,0,50,3.1465,0
3,kan,f32,matched,step,64,256x256x256x10-b8192,1,50,3.2047,0
3,kan,f32,matched,step,64,256x256x256x10-b8192,2,50,3.1657,0.4215916786
3,kan,f32,matched,step,64,1024x1024x1024-b4096,0,20,15.2017,0
3,kan,f32,matched,step,64,1024x1024x1024-b4096,1,20,15.2867,0
3,kan,f32,matched,step,64,1024x1024x1024-b4096,2,20,15.5531,0.7699521593
3,torch,f32,matched,eager,0,64x64x32x16-b1024,0,200,3.2219,0
3,torch,f32,matched,eager,0,64x64x32x16-b1024,1,200,2.9698,0
3,torch,f32,matched,eager,0,64x64x32x16-b1024,2,200,2.9841,-0.5147642642
3,torch,f32,matched,eager,0,16x24x8-b1024,0,200,1.8625,0
3,torch,f32,matched,eager,0,16x24x8-b1024,1,200,2.0806,0
3,torch,f32,matched,eager,0,16x24x8-b1024,2,200,2.1374,-0.1546109915
3,torch,f32,matched,eager,0,256x256x256x10-b8192,0,50,8.9457,0
3,torch,f32,matched,eager,0,256x256x256x10-b8192,1,50,8.9141,0
3,torch,f32,matched,eager,0,256x256x256x10-b8192,2,50,8.9630,-2.437047839
3,torch,f32,matched,eager,0,1024x1024x1024-b4096,0,20,21.8531,0
3,torch,f32,matched,eager,0,1024x1024x1024-b4096,1,20,21.4991,0
3,torch,f32,matched,eager,0,1024x1024x1024-b4096,2,20,23.0802,3.78585124
3,torch,f32,matched,graph,0,64x64x32x16-b1024,0,200,0.3506,0
3,torch,f32,matched,graph,0,64x64x32x16-b1024,1,200,0.3526,0
3,torch,f32,matched,graph,0,64x64x32x16-b1024,2,200,0.3502,-0.5147730112
3,torch,f32,matched,graph,0,16x24x8-b1024,0,200,0.1796,0
3,torch,f32,matched,graph,0,16x24x8-b1024,1,200,0.1782,0
3,torch,f32,matched,graph,0,16x24x8-b1024,2,200,0.1744,-0.1546118259
3,torch,f32,matched,graph,0,256x256x256x10-b8192,0,50,8.8136,0
3,torch,f32,matched,graph,0,256x256x256x10-b8192,1,50,8.7825,0
3,torch,f32,matched,graph,0,256x256x256x10-b8192,2,50,8.8034,-2.437160403
3,torch,f32,matched,graph,0,1024x1024x1024-b4096,0,20,21.8491,0
3,torch,f32,matched,graph,0,1024x1024x1024-b4096,1,20,22.1308,0
3,torch,f32,matched,graph,0,1024x1024x1024-b4096,2,20,21.9236,3.760215402
3,torch,f32,matched,compile-cudagraphs,0,64x64x32x16-b1024,0,200,0.8566,0
3,torch,f32,matched,compile-cudagraphs,0,64x64x32x16-b1024,1,200,0.8582,0
3,torch,f32,matched,compile-cudagraphs,0,64x64x32x16-b1024,2,200,0.8788,-0.5147642642
3,torch,f32,matched,compile-cudagraphs,0,16x24x8-b1024,0,200,0.7746,0
3,torch,f32,matched,compile-cudagraphs,0,16x24x8-b1024,1,200,0.8598,0
3,torch,f32,matched,compile-cudagraphs,0,16x24x8-b1024,2,200,0.7896,-0.1546109915
3,torch,f32,matched,compile-cudagraphs,0,256x256x256x10-b8192,0,50,9.7244,0
3,torch,f32,matched,compile-cudagraphs,0,256x256x256x10-b8192,1,50,9.5969,0
3,torch,f32,matched,compile-cudagraphs,0,256x256x256x10-b8192,2,50,8.9282,-2.437047839
3,torch,f32,matched,compile-cudagraphs,0,1024x1024x1024-b4096,0,20,41.0832,0
3,torch,f32,matched,compile-cudagraphs,0,1024x1024x1024-b4096,1,20,36.5197,0
3,torch,f32,matched,compile-cudagraphs,0,1024x1024x1024-b4096,2,20,29.3165,3.78585124
3,kan-preC9,f32,realistic,eager,1,64x64x32x16-b1024,0,200,0.5992,0
3,kan-preC9,f32,realistic,eager,1,64x64x32x16-b1024,1,200,0.6132,0
3,kan-preC9,f32,realistic,eager,1,64x64x32x16-b1024,2,200,0.6054,-1.142909287
3,kan-preC9,f32,realistic,eager,1,16x24x8-b1024,0,200,0.3124,0
3,kan-preC9,f32,realistic,eager,1,16x24x8-b1024,1,200,0.3217,0
3,kan-preC9,f32,realistic,eager,1,16x24x8-b1024,2,200,0.3469,-0.2306182518
3,kan-preC9,f32,realistic,eager,1,256x256x256x10-b8192,0,50,9.0752,0
3,kan-preC9,f32,realistic,eager,1,256x256x256x10-b8192,1,50,9.1673,0
3,kan-preC9,f32,realistic,eager,1,256x256x256x10-b8192,2,50,9.0658,0.4338269142
3,kan-preC9,f32,realistic,eager,1,1024x1024x1024-b4096,0,20,60.5188,0
3,kan-preC9,f32,realistic,eager,1,1024x1024x1024-b4096,1,20,61.0427,0
3,kan-preC9,f32,realistic,eager,1,1024x1024x1024-b4096,2,20,67.6117,0.7254682892
3,kan,f32,realistic,step,1,64x64x32x16-b1024,0,200,0.3832,0
3,kan,f32,realistic,step,1,64x64x32x16-b1024,1,200,0.3768,0
3,kan,f32,realistic,step,1,64x64x32x16-b1024,2,200,0.3735,-1.142909274
3,kan,f32,realistic,step,1,16x24x8-b1024,0,200,0.1624,0
3,kan,f32,realistic,step,1,16x24x8-b1024,1,200,0.1652,0
3,kan,f32,realistic,step,1,16x24x8-b1024,2,200,0.1667,-0.2306182705
3,kan,f32,realistic,step,1,256x256x256x10-b8192,0,50,6.9336,0
3,kan,f32,realistic,step,1,256x256x256x10-b8192,1,50,6.8877,0
3,kan,f32,realistic,step,1,256x256x256x10-b8192,2,50,6.8602,0.4338269033
3,kan,f32,realistic,step,1,1024x1024x1024-b4096,0,20,21.6410,0
3,kan,f32,realistic,step,1,1024x1024x1024-b4096,1,20,22.3869,0
3,kan,f32,realistic,step,1,1024x1024x1024-b4096,2,20,22.6744,0.7254683808
3,kan,f32,realistic,step,64,64x64x32x16-b1024,0,200,0.1923,0
3,kan,f32,realistic,step,64,64x64x32x16-b1024,1,200,0.1925,0
3,kan,f32,realistic,step,64,64x64x32x16-b1024,2,200,0.1993,-1.142909274
3,kan,f32,realistic,step,64,16x24x8-b1024,0,200,0.0766,0
3,kan,f32,realistic,step,64,16x24x8-b1024,1,200,0.0752,0
3,kan,f32,realistic,step,64,16x24x8-b1024,2,200,0.0785,-0.2306182705
3,kan,f32,realistic,step,64,256x256x256x10-b8192,0,50,3.6683,0
3,kan,f32,realistic,step,64,256x256x256x10-b8192,1,50,3.6187,0
3,kan,f32,realistic,step,64,256x256x256x10-b8192,2,50,3.6376,0.4338269033
3,kan,f32,realistic,step,64,1024x1024x1024-b4096,0,20,15.7283,0
3,kan,f32,realistic,step,64,1024x1024x1024-b4096,1,20,15.6508,0
3,kan,f32,realistic,step,64,1024x1024x1024-b4096,2,20,16.0321,0.7254683808
3,torch,f32,realistic,eager,0,64x64x32x16-b1024,0,200,3.3297,0
3,torch,f32,realistic,eager,0,64x64x32x16-b1024,1,200,3.3561,0
3,torch,f32,realistic,eager,0,64x64x32x16-b1024,2,200,3.3286,-0.5116628855
3,torch,f32,realistic,eager,0,16x24x8-b1024,0,200,2.0903,0
3,torch,f32,realistic,eager,0,16x24x8-b1024,1,200,2.2978,0
3,torch,f32,realistic,eager,0,16x24x8-b1024,2,200,2.3817,-0.1508975029
3,torch,f32,realistic,eager,0,256x256x256x10-b8192,0,50,11.5507,0
3,torch,f32,realistic,eager,0,256x256x256x10-b8192,1,50,11.5154,0
3,torch,f32,realistic,eager,0,256x256x256x10-b8192,2,50,11.5084,-2.430287927
3,torch,f32,realistic,eager,0,1024x1024x1024-b4096,0,20,31.0524,0
3,torch,f32,realistic,eager,0,1024x1024x1024-b4096,1,20,31.2584,0
3,torch,f32,realistic,eager,0,1024x1024x1024-b4096,2,20,31.2077,4.026550889
3,torch,f32,realistic,graph,0,64x64x32x16-b1024,0,200,0.5042,0
3,torch,f32,realistic,graph,0,64x64x32x16-b1024,1,200,0.5006,0
3,torch,f32,realistic,graph,0,64x64x32x16-b1024,2,200,0.5025,-0.5116591156
3,torch,f32,realistic,graph,0,16x24x8-b1024,0,200,0.2646,0
3,torch,f32,realistic,graph,0,16x24x8-b1024,1,200,0.2621,0
3,torch,f32,realistic,graph,0,16x24x8-b1024,2,200,0.2638,-0.1509083509
3,torch,f32,realistic,graph,0,256x256x256x10-b8192,0,50,11.2879,0
3,torch,f32,realistic,graph,0,256x256x256x10-b8192,1,50,11.2966,0
3,torch,f32,realistic,graph,0,256x256x256x10-b8192,2,50,11.2575,-2.430277079
3,torch,f32,realistic,graph,0,1024x1024x1024-b4096,0,20,31.0478,0
3,torch,f32,realistic,graph,0,1024x1024x1024-b4096,1,20,30.9452,0
3,torch,f32,realistic,graph,0,1024x1024x1024-b4096,2,20,30.9655,4.025994897
3,torch,f32,realistic,compile-cudagraphs,0,64x64x32x16-b1024,0,200,1.1099,0
3,torch,f32,realistic,compile-cudagraphs,0,64x64x32x16-b1024,1,200,1.0500,0
3,torch,f32,realistic,compile-cudagraphs,0,64x64x32x16-b1024,2,200,1.0653,-0.5116628855
3,torch,f32,realistic,compile-cudagraphs,0,16x24x8-b1024,0,200,1.1187,0
3,torch,f32,realistic,compile-cudagraphs,0,16x24x8-b1024,1,200,0.9603,0
3,torch,f32,realistic,compile-cudagraphs,0,16x24x8-b1024,2,200,0.9965,-0.1508975029
3,torch,f32,realistic,compile-cudagraphs,0,256x256x256x10-b8192,0,50,11.3975,0
3,torch,f32,realistic,compile-cudagraphs,0,256x256x256x10-b8192,1,50,11.3465,0
3,torch,f32,realistic,compile-cudagraphs,0,256x256x256x10-b8192,2,50,11.3690,-2.430287927
3,torch,f32,realistic,compile-cudagraphs,0,1024x1024x1024-b4096,0,20,50.4387,0
3,torch,f32,realistic,compile-cudagraphs,0,1024x1024x1024-b4096,1,20,45.6520,0
3,torch,f32,realistic,compile-cudagraphs,0,1024x1024x1024-b4096,2,20,35.1474,4.026550889
3,kan-preC9,tf32,matched,eager,1,64x64x32x16-b1024,0,200,0.3069,0
3,kan-preC9,tf32,matched,eager,1,64x64x32x16-b1024,1,200,0.3111,0
3,kan-preC9,tf32,matched,eager,1,64x64x32x16-b1024,2,200,0.3088,-1.226929678
3,kan-preC9,tf32,matched,eager,1,16x24x8-b1024,0,200,0.1757,0
3,kan-preC9,tf32,matched,eager,1,16x24x8-b1024,1,200,0.1783,0
3,kan-preC9,tf32,matched,eager,1,16x24x8-b1024,2,200,0.2060,-0.2442426503
3,kan-preC9,tf32,matched,eager,1,256x256x256x10-b8192,0,50,3.8680,0
3,kan-preC9,tf32,matched,eager,1,256x256x256x10-b8192,1,50,3.8065,0
3,kan-preC9,tf32,matched,eager,1,256x256x256x10-b8192,2,50,3.7839,0.4216276472
3,kan-preC9,tf32,matched,eager,1,1024x1024x1024-b4096,0,20,12.8831,0
3,kan-preC9,tf32,matched,eager,1,1024x1024x1024-b4096,1,20,12.5982,0
3,kan-preC9,tf32,matched,eager,1,1024x1024x1024-b4096,2,20,12.4163,0.7698620722
3,kan,tf32,matched,step,1,64x64x32x16-b1024,0,200,0.1588,0
3,kan,tf32,matched,step,1,64x64x32x16-b1024,1,200,0.1587,0
3,kan,tf32,matched,step,1,64x64x32x16-b1024,2,200,0.1593,-1.226929678
3,kan,tf32,matched,step,1,16x24x8-b1024,0,200,0.0834,0
3,kan,tf32,matched,step,1,16x24x8-b1024,1,200,0.0827,0
3,kan,tf32,matched,step,1,16x24x8-b1024,2,200,0.0838,-0.2442426503
3,kan,tf32,matched,step,1,256x256x256x10-b8192,0,50,3.3238,0
3,kan,tf32,matched,step,1,256x256x256x10-b8192,1,50,3.2818,0
3,kan,tf32,matched,step,1,256x256x256x10-b8192,2,50,3.2227,0.4216276472
3,kan,tf32,matched,step,1,1024x1024x1024-b4096,0,20,10.6624,0
3,kan,tf32,matched,step,1,1024x1024x1024-b4096,1,20,10.3725,0
3,kan,tf32,matched,step,1,1024x1024x1024-b4096,2,20,10.3043,0.7698620722
3,kan,tf32,matched,step,64,64x64x32x16-b1024,0,200,0.1262,0
3,kan,tf32,matched,step,64,64x64x32x16-b1024,1,200,0.1266,0
3,kan,tf32,matched,step,64,64x64x32x16-b1024,2,200,0.1264,-1.226929678
3,kan,tf32,matched,step,64,16x24x8-b1024,0,200,0.0498,0
3,kan,tf32,matched,step,64,16x24x8-b1024,1,200,0.0497,0
3,kan,tf32,matched,step,64,16x24x8-b1024,2,200,0.0495,-0.2442426503
3,kan,tf32,matched,step,64,256x256x256x10-b8192,0,50,3.2472,0
3,kan,tf32,matched,step,64,256x256x256x10-b8192,1,50,3.2360,0
3,kan,tf32,matched,step,64,256x256x256x10-b8192,2,50,3.1597,0.4216276472
3,kan,tf32,matched,step,64,1024x1024x1024-b4096,0,20,10.5585,0
3,kan,tf32,matched,step,64,1024x1024x1024-b4096,1,20,10.5317,0
3,kan,tf32,matched,step,64,1024x1024x1024-b4096,2,20,10.3219,0.7698620722
3,torch,tf32,matched,eager,0,64x64x32x16-b1024,0,200,3.2290,0
3,torch,tf32,matched,eager,0,64x64x32x16-b1024,1,200,3.2146,0
3,torch,tf32,matched,eager,0,64x64x32x16-b1024,2,200,2.9666,-0.5147226527
3,torch,tf32,matched,eager,0,16x24x8-b1024,0,200,1.8401,0
3,torch,tf32,matched,eager,0,16x24x8-b1024,1,200,2.1152,0
3,torch,tf32,matched,eager,0,16x24x8-b1024,2,200,2.1753,-0.1546101868
3,torch,tf32,matched,eager,0,256x256x256x10-b8192,0,50,9.0245,0
3,torch,tf32,matched,eager,0,256x256x256x10-b8192,1,50,8.8661,0
3,torch,tf32,matched,eager,0,256x256x256x10-b8192,2,50,8.8566,-2.437035263
3,torch,tf32,matched,eager,0,1024x1024x1024-b4096,0,20,17.3473,0
3,torch,tf32,matched,eager,0,1024x1024x1024-b4096,1,20,16.9504,0
3,torch,tf32,matched,eager,0,1024x1024x1024-b4096,2,20,16.8930,3.786538839
3,torch,tf32,matched,graph,0,64x64x32x16-b1024,0,200,0.3295,0
3,torch,tf32,matched,graph,0,64x64x32x16-b1024,1,200,0.3302,0
3,torch,tf32,matched,graph,0,64x64x32x16-b1024,2,200,0.3301,-0.5147321746
3,torch,tf32,matched,graph,0,16x24x8-b1024,0,200,0.1556,0
3,torch,tf32,matched,graph,0,16x24x8-b1024,1,200,0.1487,0
3,torch,tf32,matched,graph,0,16x24x8-b1024,2,200,0.1499,-0.1546111107
3,torch,tf32,matched,graph,0,256x256x256x10-b8192,0,50,8.7153,0
3,torch,tf32,matched,graph,0,256x256x256x10-b8192,1,50,8.5946,0
3,torch,tf32,matched,graph,0,256x256x256x10-b8192,2,50,8.6352,-2.437146336
3,torch,tf32,matched,graph,0,1024x1024x1024-b4096,0,20,17.2104,0
3,torch,tf32,matched,graph,0,1024x1024x1024-b4096,1,20,16.8051,0
3,torch,tf32,matched,graph,0,1024x1024x1024-b4096,2,20,16.7229,3.760900974
3,torch,tf32,matched,compile-cudagraphs,0,64x64x32x16-b1024,0,200,0.7788,0
3,torch,tf32,matched,compile-cudagraphs,0,64x64x32x16-b1024,1,200,0.8360,0
3,torch,tf32,matched,compile-cudagraphs,0,64x64x32x16-b1024,2,200,0.8204,-0.5147226527
3,torch,tf32,matched,compile-cudagraphs,0,16x24x8-b1024,0,200,0.7309,0
3,torch,tf32,matched,compile-cudagraphs,0,16x24x8-b1024,1,200,0.7621,0
3,torch,tf32,matched,compile-cudagraphs,0,16x24x8-b1024,2,200,0.7506,-0.1546101868
3,torch,tf32,matched,compile-cudagraphs,0,256x256x256x10-b8192,0,50,8.9227,0
3,torch,tf32,matched,compile-cudagraphs,0,256x256x256x10-b8192,1,50,8.7639,0
3,torch,tf32,matched,compile-cudagraphs,0,256x256x256x10-b8192,2,50,8.7345,-2.437035263
3,torch,tf32,matched,compile-cudagraphs,0,1024x1024x1024-b4096,0,20,32.2048,0
3,torch,tf32,matched,compile-cudagraphs,0,1024x1024x1024-b4096,1,20,28.5756,0
3,torch,tf32,matched,compile-cudagraphs,0,1024x1024x1024-b4096,2,20,20.5808,3.786538839
3,kan-preC9,tf32,realistic,eager,1,64x64x32x16-b1024,0,200,0.5902,0
3,kan-preC9,tf32,realistic,eager,1,64x64x32x16-b1024,1,200,0.5780,0
3,kan-preC9,tf32,realistic,eager,1,64x64x32x16-b1024,2,200,0.6093,-1.142910354
3,kan-preC9,tf32,realistic,eager,1,16x24x8-b1024,0,200,0.2870,0
3,kan-preC9,tf32,realistic,eager,1,16x24x8-b1024,1,200,0.3298,0
3,kan-preC9,tf32,realistic,eager,1,16x24x8-b1024,2,200,0.3145,-0.2306182518
3,kan-preC9,tf32,realistic,eager,1,256x256x256x10-b8192,0,50,9.1757,0
3,kan-preC9,tf32,realistic,eager,1,256x256x256x10-b8192,1,50,9.3764,0
3,kan-preC9,tf32,realistic,eager,1,256x256x256x10-b8192,2,50,9.1612,0.4338215889
3,kan-preC9,tf32,realistic,eager,1,1024x1024x1024-b4096,0,20,58.9882,0
3,kan-preC9,tf32,realistic,eager,1,1024x1024x1024-b4096,1,20,59.7814,0
3,kan-preC9,tf32,realistic,eager,1,1024x1024x1024-b4096,2,20,59.9984,0.7254703662
3,kan,tf32,realistic,step,1,64x64x32x16-b1024,0,200,0.3621,0
3,kan,tf32,realistic,step,1,64x64x32x16-b1024,1,200,0.3751,0
3,kan,tf32,realistic,step,1,64x64x32x16-b1024,2,200,0.3671,-1.142910296
3,kan,tf32,realistic,step,1,16x24x8-b1024,0,200,0.1635,0
3,kan,tf32,realistic,step,1,16x24x8-b1024,1,200,0.1658,0
3,kan,tf32,realistic,step,1,16x24x8-b1024,2,200,0.1693,-0.2306182705
3,kan,tf32,realistic,step,1,256x256x256x10-b8192,0,50,7.2197,0
3,kan,tf32,realistic,step,1,256x256x256x10-b8192,1,50,7.2052,0
3,kan,tf32,realistic,step,1,256x256x256x10-b8192,2,50,7.1298,0.4338214097
3,kan,tf32,realistic,step,1,1024x1024x1024-b4096,0,20,18.6032,0
3,kan,tf32,realistic,step,1,1024x1024x1024-b4096,1,20,19.6004,0
3,kan,tf32,realistic,step,1,1024x1024x1024-b4096,2,20,19.9744,0.7254702604
3,kan,tf32,realistic,step,64,64x64x32x16-b1024,0,200,0.1877,0
3,kan,tf32,realistic,step,64,64x64x32x16-b1024,1,200,0.1834,0
3,kan,tf32,realistic,step,64,64x64x32x16-b1024,2,200,0.1842,-1.142910296
3,kan,tf32,realistic,step,64,16x24x8-b1024,0,200,0.0812,0
3,kan,tf32,realistic,step,64,16x24x8-b1024,1,200,0.0776,0
3,kan,tf32,realistic,step,64,16x24x8-b1024,2,200,0.0796,-0.2306182705
3,kan,tf32,realistic,step,64,256x256x256x10-b8192,0,50,3.7806,0
3,kan,tf32,realistic,step,64,256x256x256x10-b8192,1,50,3.7742,0
3,kan,tf32,realistic,step,64,256x256x256x10-b8192,2,50,3.7053,0.4338214097
3,kan,tf32,realistic,step,64,1024x1024x1024-b4096,0,20,11.3573,0
3,kan,tf32,realistic,step,64,1024x1024x1024-b4096,1,20,10.9991,0
3,kan,tf32,realistic,step,64,1024x1024x1024-b4096,2,20,11.0164,0.7254702604
3,torch,tf32,realistic,eager,0,64x64x32x16-b1024,0,200,3.5151,0
3,torch,tf32,realistic,eager,0,64x64x32x16-b1024,1,200,3.4711,0
3,torch,tf32,realistic,eager,0,64x64x32x16-b1024,2,200,3.5966,-0.51166711
3,torch,tf32,realistic,eager,0,16x24x8-b1024,0,200,2.1938,0
3,torch,tf32,realistic,eager,0,16x24x8-b1024,1,200,2.3224,0
3,torch,tf32,realistic,eager,0,16x24x8-b1024,2,200,2.3509,-0.1508976817
3,torch,tf32,realistic,eager,0,256x256x256x10-b8192,0,50,11.7964,0
3,torch,tf32,realistic,eager,0,256x256x256x10-b8192,1,50,11.6761,0
3,torch,tf32,realistic,eager,0,256x256x256x10-b8192,2,50,11.6430,-2.430291355
3,torch,tf32,realistic,eager,0,1024x1024x1024-b4096,0,20,27.7467,0
3,torch,tf32,realistic,eager,0,1024x1024x1024-b4096,1,20,27.1179,0
3,torch,tf32,realistic,eager,0,1024x1024x1024-b4096,2,20,27.1374,4.02655077
3,torch,tf32,realistic,graph,0,64x64x32x16-b1024,0,200,0.4918,0
3,torch,tf32,realistic,graph,0,64x64x32x16-b1024,1,200,0.4923,0
3,torch,tf32,realistic,graph,0,64x64x32x16-b1024,2,200,0.4895,-0.5116611421
3,torch,tf32,realistic,graph,0,16x24x8-b1024,0,200,0.2474,0
3,torch,tf32,realistic,graph,0,16x24x8-b1024,1,200,0.2444,0
3,torch,tf32,realistic,graph,0,16x24x8-b1024,2,200,0.2509,-0.1509082317
3,torch,tf32,realistic,graph,0,256x256x256x10-b8192,0,50,11.4480,0
3,torch,tf32,realistic,graph,0,256x256x256x10-b8192,1,50,11.3191,0
3,torch,tf32,realistic,graph,0,256x256x256x10-b8192,2,50,11.3268,-2.430277705
3,torch,tf32,realistic,graph,0,1024x1024x1024-b4096,0,20,27.6118,0
3,torch,tf32,realistic,graph,0,1024x1024x1024-b4096,1,20,27.1441,0
3,torch,tf32,realistic,graph,0,1024x1024x1024-b4096,2,20,27.0004,4.025995493
3,torch,tf32,realistic,compile-cudagraphs,0,64x64x32x16-b1024,0,200,0.9692,0
3,torch,tf32,realistic,compile-cudagraphs,0,64x64x32x16-b1024,1,200,1.0564,0
3,torch,tf32,realistic,compile-cudagraphs,0,64x64x32x16-b1024,2,200,0.9958,-0.51166711
3,torch,tf32,realistic,compile-cudagraphs,0,16x24x8-b1024,0,200,0.9649,0
3,torch,tf32,realistic,compile-cudagraphs,0,16x24x8-b1024,1,200,0.9621,0
3,torch,tf32,realistic,compile-cudagraphs,0,16x24x8-b1024,2,200,0.9713,-0.1508976817
3,torch,tf32,realistic,compile-cudagraphs,0,256x256x256x10-b8192,0,50,11.7143,0
3,torch,tf32,realistic,compile-cudagraphs,0,256x256x256x10-b8192,1,50,11.4851,0
3,torch,tf32,realistic,compile-cudagraphs,0,256x256x256x10-b8192,2,50,11.4467,-2.430291355
3,torch,tf32,realistic,compile-cudagraphs,0,1024x1024x1024-b4096,0,20,44.8242,0
3,torch,tf32,realistic,compile-cudagraphs,0,1024x1024x1024-b4096,1,20,41.6121,0
3,torch,tf32,realistic,compile-cudagraphs,0,1024x1024x1024-b4096,2,20,31.8010,4.02655077
3,kan-preC9,f64,matched,eager,1,64x64x32x16-b1024,0,200,1.2218,0
3,kan-preC9,f64,matched,eager,1,64x64x32x16-b1024,1,200,1.2297,0
3,kan-preC9,f64,matched,eager,1,64x64x32x16-b1024,2,200,1.2266,-1.226909033
3,kan-preC9,f64,matched,eager,1,16x24x8-b1024,0,200,0.3690,0
3,kan-preC9,f64,matched,eager,1,16x24x8-b1024,1,200,0.3745,0
3,kan-preC9,f64,matched,eager,1,16x24x8-b1024,2,200,0.3622,-0.2442397748
3,kan-preC9,f64,matched,eager,1,256x256x256x10-b8192,0,10,96.9332,0
3,kan-preC9,f64,matched,eager,1,256x256x256x10-b8192,1,10,95.5032,0
3,kan-preC9,f64,matched,eager,1,256x256x256x10-b8192,2,10,95.4270,0.4256854954
3,kan-preC9,f64,matched,eager,1,1024x1024x1024-b4096,0,2,675.7100,0
3,kan-preC9,f64,matched,eager,1,1024x1024x1024-b4096,1,2,677.0259,0
3,kan-preC9,f64,matched,eager,1,1024x1024x1024-b4096,2,2,677.0213,0.7205686199
3,kan,f64,matched,step,1,64x64x32x16-b1024,0,200,0.9781,0
3,kan,f64,matched,step,1,64x64x32x16-b1024,1,200,0.9761,0
3,kan,f64,matched,step,1,64x64x32x16-b1024,2,200,0.9667,-1.226909033
3,kan,f64,matched,step,1,16x24x8-b1024,0,200,0.2560,0
3,kan,f64,matched,step,1,16x24x8-b1024,1,200,0.2483,0
3,kan,f64,matched,step,1,16x24x8-b1024,2,200,0.2492,-0.2442397748
3,kan,f64,matched,step,1,256x256x256x10-b8192,0,10,81.9228,0
3,kan,f64,matched,step,1,256x256x256x10-b8192,1,10,81.3851,0
3,kan,f64,matched,step,1,256x256x256x10-b8192,2,10,80.8393,0.4256854954
3,kan,f64,matched,step,1,1024x1024x1024-b4096,0,2,565.4479,0
3,kan,f64,matched,step,1,1024x1024x1024-b4096,1,2,563.4204,0
3,kan,f64,matched,step,1,1024x1024x1024-b4096,2,2,563.1648,0.7205686199
3,kan,f64,matched,step,64,64x64x32x16-b1024,0,200,0.9431,0
3,kan,f64,matched,step,64,64x64x32x16-b1024,1,200,0.9414,0
3,kan,f64,matched,step,64,64x64x32x16-b1024,2,200,0.9013,-1.226909033
3,kan,f64,matched,step,64,16x24x8-b1024,0,200,0.2007,0
3,kan,f64,matched,step,64,16x24x8-b1024,1,200,0.2008,0
3,kan,f64,matched,step,64,16x24x8-b1024,2,200,0.2025,-0.2442397748
3,kan,f64,matched,step,64,256x256x256x10-b8192,0,10,82.3110,0
3,kan,f64,matched,step,64,256x256x256x10-b8192,1,10,80.6813,0
3,kan,f64,matched,step,64,256x256x256x10-b8192,2,10,80.6210,0.4256854954
3,kan,f64,matched,step,64,1024x1024x1024-b4096,0,2,563.1490,0
3,kan,f64,matched,step,64,1024x1024x1024-b4096,1,2,564.7831,0
3,kan,f64,matched,step,64,1024x1024x1024-b4096,2,2,565.0982,0.7205686199
3,torch,f64,matched,eager,0,64x64x32x16-b1024,0,200,2.8004,0
3,torch,f64,matched,eager,0,64x64x32x16-b1024,1,200,2.9039,0
3,torch,f64,matched,eager,0,64x64x32x16-b1024,2,200,2.9950,-1.804676247
3,torch,f64,matched,eager,0,16x24x8-b1024,0,200,1.6575,0
3,torch,f64,matched,eager,0,16x24x8-b1024,1,200,1.6206,0
3,torch,f64,matched,eager,0,16x24x8-b1024,2,200,1.6884,0.1230307438
3,torch,f64,matched,eager,0,256x256x256x10-b8192,0,10,85.6238,0
3,torch,f64,matched,eager,0,256x256x256x10-b8192,1,10,84.8565,0
3,torch,f64,matched,eager,0,256x256x256x10-b8192,2,10,85.0018,-1.675433916
3,torch,f64,matched,eager,0,1024x1024x1024-b4096,0,2,592.1370,0
3,torch,f64,matched,eager,0,1024x1024x1024-b4096,1,2,567.6259,0
3,torch,f64,matched,eager,0,1024x1024x1024-b4096,2,2,567.4897,-5.176149138
3,torch,f64,matched,graph,0,64x64x32x16-b1024,0,200,1.2111,0
3,torch,f64,matched,graph,0,64x64x32x16-b1024,1,200,1.1405,0
3,torch,f64,matched,graph,0,64x64x32x16-b1024,2,200,1.1022,-1.804929746
3,torch,f64,matched,graph,0,16x24x8-b1024,0,200,0.5838,0
3,torch,f64,matched,graph,0,16x24x8-b1024,1,200,0.5862,0
3,torch,f64,matched,graph,0,16x24x8-b1024,2,200,0.5840,0.1229015589
3,torch,f64,matched,graph,0,256x256x256x10-b8192,0,10,84.9706,0
3,torch,f64,matched,graph,0,256x256x256x10-b8192,1,10,84.5764,0
3,torch,f64,matched,graph,0,256x256x256x10-b8192,2,10,84.3453,-1.675524996
3,torch,f64,matched,graph,0,1024x1024x1024-b4096,0,2,567.5551,0
3,torch,f64,matched,graph,0,1024x1024x1024-b4096,1,2,568.3539,0
3,torch,f64,matched,graph,0,1024x1024x1024-b4096,2,2,569.7441,-5.192438187
3,torch,f64,matched,compile-cudagraphs,0,64x64x32x16-b1024,0,200,1.3176,0
3,torch,f64,matched,compile-cudagraphs,0,64x64x32x16-b1024,1,200,1.2909,0
3,torch,f64,matched,compile-cudagraphs,0,64x64x32x16-b1024,2,200,1.2587,-1.804676247
3,torch,f64,matched,compile-cudagraphs,0,16x24x8-b1024,0,200,0.6884,0
3,torch,f64,matched,compile-cudagraphs,0,16x24x8-b1024,1,200,0.6916,0
3,torch,f64,matched,compile-cudagraphs,0,16x24x8-b1024,2,200,0.6751,0.1230307438
3,torch,f64,matched,compile-cudagraphs,0,256x256x256x10-b8192,0,10,87.0480,0
3,torch,f64,matched,compile-cudagraphs,0,256x256x256x10-b8192,1,10,84.5100,0
3,torch,f64,matched,compile-cudagraphs,0,256x256x256x10-b8192,2,10,84.4006,-1.675433916
3,torch,f64,matched,compile-cudagraphs,0,1024x1024x1024-b4096,0,2,619.5347,0
3,torch,f64,matched,compile-cudagraphs,0,1024x1024x1024-b4096,1,2,571.9012,0
3,torch,f64,matched,compile-cudagraphs,0,1024x1024x1024-b4096,2,2,568.3174,-5.176149138
3,kan-preC9,f64,realistic,eager,1,64x64x32x16-b1024,0,200,1.6016,0
3,kan-preC9,f64,realistic,eager,1,64x64x32x16-b1024,1,200,1.6047,0
3,kan-preC9,f64,realistic,eager,1,64x64x32x16-b1024,2,200,1.6226,-1.142912131
3,kan-preC9,f64,realistic,eager,1,16x24x8-b1024,0,200,0.5265,0
3,kan-preC9,f64,realistic,eager,1,16x24x8-b1024,1,200,0.5257,0
3,kan-preC9,f64,realistic,eager,1,16x24x8-b1024,2,200,0.5143,-0.2306190415
3,kan-preC9,f64,realistic,eager,1,256x256x256x10-b8192,0,10,104.9615,0
3,kan-preC9,f64,realistic,eager,1,256x256x256x10-b8192,1,10,103.8351,0
3,kan-preC9,f64,realistic,eager,1,256x256x256x10-b8192,2,10,103.6393,0.4338274716
3,kan-preC9,f64,realistic,eager,1,1024x1024x1024-b4096,0,2,757.8295,0
3,kan-preC9,f64,realistic,eager,1,1024x1024x1024-b4096,1,2,740.4416,0
3,kan-preC9,f64,realistic,eager,1,1024x1024x1024-b4096,2,2,740.5521,0.7211952463
3,kan,f64,realistic,step,1,64x64x32x16-b1024,0,200,1.3387,0
3,kan,f64,realistic,step,1,64x64x32x16-b1024,1,200,1.3480,0
3,kan,f64,realistic,step,1,64x64x32x16-b1024,2,200,1.3383,-1.142912131
3,kan,f64,realistic,step,1,16x24x8-b1024,0,200,0.3691,0
3,kan,f64,realistic,step,1,16x24x8-b1024,1,200,0.3657,0
3,kan,f64,realistic,step,1,16x24x8-b1024,2,200,0.3655,-0.2306190415
3,kan,f64,realistic,step,1,256x256x256x10-b8192,0,10,90.5263,0
3,kan,f64,realistic,step,1,256x256x256x10-b8192,1,10,88.0906,0
3,kan,f64,realistic,step,1,256x256x256x10-b8192,2,10,88.5467,0.4338274716
3,kan,f64,realistic,step,1,1024x1024x1024-b4096,0,2,579.6781,0
3,kan,f64,realistic,step,1,1024x1024x1024-b4096,1,2,579.8116,0
3,kan,f64,realistic,step,1,1024x1024x1024-b4096,2,2,577.6005,0.7211952463
3,kan,f64,realistic,step,64,64x64x32x16-b1024,0,200,0.9877,0
3,kan,f64,realistic,step,64,64x64x32x16-b1024,1,200,0.9549,0
3,kan,f64,realistic,step,64,64x64x32x16-b1024,2,200,0.9140,-1.142912131
3,kan,f64,realistic,step,64,16x24x8-b1024,0,200,0.2084,0
3,kan,f64,realistic,step,64,16x24x8-b1024,1,200,0.2081,0
3,kan,f64,realistic,step,64,16x24x8-b1024,2,200,0.2073,-0.2306190415
3,kan,f64,realistic,step,64,256x256x256x10-b8192,0,10,83.2850,0
3,kan,f64,realistic,step,64,256x256x256x10-b8192,1,10,81.4912,0
3,kan,f64,realistic,step,64,256x256x256x10-b8192,2,10,81.4580,0.4338274716
3,kan,f64,realistic,step,64,1024x1024x1024-b4096,0,2,570.3940,0
3,kan,f64,realistic,step,64,1024x1024x1024-b4096,1,2,571.0951,0
3,kan,f64,realistic,step,64,1024x1024x1024-b4096,2,2,573.2446,0.7211952463
3,torch,f64,realistic,eager,0,64x64x32x16-b1024,0,200,3.1730,0
3,torch,f64,realistic,eager,0,64x64x32x16-b1024,1,200,3.1035,0
3,torch,f64,realistic,eager,0,64x64x32x16-b1024,2,200,3.3354,-1.771861534
3,torch,f64,realistic,eager,0,16x24x8-b1024,0,200,1.9670,0
3,torch,f64,realistic,eager,0,16x24x8-b1024,1,200,2.0375,0
3,torch,f64,realistic,eager,0,16x24x8-b1024,2,200,2.0945,0.129543859
3,torch,f64,realistic,eager,0,256x256x256x10-b8192,0,10,90.8814,0
3,torch,f64,realistic,eager,0,256x256x256x10-b8192,1,10,90.0816,0
3,torch,f64,realistic,eager,0,256x256x256x10-b8192,2,10,90.6974,-1.677019691
3,torch,f64,realistic,eager,0,1024x1024x1024-b4096,0,2,588.4590,0
3,torch,f64,realistic,eager,0,1024x1024x1024-b4096,1,2,591.7624,0
3,torch,f64,realistic,eager,0,1024x1024x1024-b4096,2,2,588.7989,-5.13267718
3,torch,f64,realistic,graph,0,64x64x32x16-b1024,0,200,1.5076,0
3,torch,f64,realistic,graph,0,64x64x32x16-b1024,1,200,1.4702,0
3,torch,f64,realistic,graph,0,64x64x32x16-b1024,2,200,1.4482,-1.771861052
3,torch,f64,realistic,graph,0,16x24x8-b1024,0,200,0.7704,0
3,torch,f64,realistic,graph,0,16x24x8-b1024,1,200,0.7698,0
3,torch,f64,realistic,graph,0,16x24x8-b1024,2,200,0.7708,0.1295402085
3,torch,f64,realistic,graph,0,256x256x256x10-b8192,0,10,90.0784,0
3,torch,f64,realistic,graph,0,256x256x256x10-b8192,1,10,89.8626,0
3,torch,f64,realistic,graph,0,256x256x256x10-b8192,2,10,90.3524,-1.677003494
3,torch,f64,realistic,graph,0,1024x1024x1024-b4096,0,2,589.0412,0
3,torch,f64,realistic,graph,0,1024x1024x1024-b4096,1,2,588.6934,0
3,torch,f64,realistic,graph,0,1024x1024x1024-b4096,2,2,589.5878,-5.13357985
3,torch,f64,realistic,compile-cudagraphs,0,64x64x32x16-b1024,0,200,1.6258,0
3,torch,f64,realistic,compile-cudagraphs,0,64x64x32x16-b1024,1,200,1.6019,0
3,torch,f64,realistic,compile-cudagraphs,0,64x64x32x16-b1024,2,200,1.5918,-1.771861534
3,torch,f64,realistic,compile-cudagraphs,0,16x24x8-b1024,0,200,0.9020,0
3,torch,f64,realistic,compile-cudagraphs,0,16x24x8-b1024,1,200,0.8448,0
3,torch,f64,realistic,compile-cudagraphs,0,16x24x8-b1024,2,200,0.8408,0.129543859
3,torch,f64,realistic,compile-cudagraphs,0,256x256x256x10-b8192,0,10,92.7235,0
3,torch,f64,realistic,compile-cudagraphs,0,256x256x256x10-b8192,1,10,90.1784,0
3,torch,f64,realistic,compile-cudagraphs,0,256x256x256x10-b8192,2,10,89.9348,-1.677019691
3,torch,f64,realistic,compile-cudagraphs,0,1024x1024x1024-b4096,0,2,632.3628,0
3,torch,f64,realistic,compile-cudagraphs,0,1024x1024x1024-b4096,1,2,591.5912,0
3,torch,f64,realistic,compile-cudagraphs,0,1024x1024x1024-b4096,2,2,588.9387,-5.13267718
