case,precision,protocol,branch,tile,control_ms,candidate_ms,ratio,seed_min,seed_max,samples
deep,f32,host,0,2,0.510575,0.5038405,0.9881840820331587,0.9755059285013818,0.9914964359772542,60
deep,f32,host,1,2,0.637284,0.6309005,0.9915503978894457,0.9806246382941269,1.0013602775250696,60
deep,f32,resident,0,2,0.308066,0.30112700000000003,0.978342433083151,0.9741841571190518,0.9786731053019493,60
deep,f32,resident,1,2,0.437698,0.429053,0.9825441368943858,0.9779798979695645,0.9862479076129775,60
deep,tf32,host,0,2,0.4721525,0.476003,1.007469410078775,1.0039232392378485,1.0104939223054314,60
deep,tf32,host,1,2,0.5919475000000001,0.597378,1.0104584193692052,1.0013115079148367,1.0110689662185524,60
deep,tf32,resident,0,2,0.268023,0.27506600000000003,1.0200777555004783,1.018819280434888,1.0648220437924836,60
deep,tf32,resident,1,2,0.3885805,0.3943545,1.0146342215444621,1.0057879333921198,1.0178444787720462,60
irregular,f32,host,0,0,0.181747125,0.18581725,1.0155162626266792,1.0082765319487104,1.0263150627811484,60
irregular,f32,host,1,0,0.20202575,0.20551025,1.0072939870847373,1.0048184221811551,1.0475406625991117,60
irregular,f32,resident,0,0,0.109488375,0.112723875,1.0289421100870426,1.0278204286652017,1.0392014962438334,60
irregular,f32,resident,1,0,0.122120125,0.12466925000000001,1.0248055165936518,1.0053387532511961,1.0262262260213049,60
irregular,tf32,host,0,2,0.180829125,0.180293875,1.0053173386605867,0.9938560782174884,1.0140346730035237,60
irregular,tf32,host,1,2,0.19982250000000001,0.19836262500000001,0.9914872599618002,0.9878623970290974,0.9967389733828361,60
irregular,tf32,resident,0,2,0.10812875,0.109057875,1.0029833011570715,1.0011622199205183,1.0280212641100699,60
irregular,tf32,resident,1,2,0.12130275,0.12137637500000001,0.9911063309664092,0.9892376379377602,1.006869179646722,60
small,f32,host,0,2,0.3621285,0.3595221665,0.9912195516152902,0.9808031657623222,1.0071848493272462,60
small,f32,host,1,2,0.4080425,0.4038541665,0.990728376487654,0.9871722436256462,0.9923571706341513,60
small,f32,resident,0,2,0.16164433350000001,0.1581535,0.9793212756936015,0.9638977862440028,0.9908653149153965,60
small,f32,resident,1,2,0.1996308335,0.1954856665,0.9840274986248404,0.9778380556087806,0.9904595775214348,60
small,tf32,host,0,2,0.35511333349999996,0.35277000000000003,0.9924226247646535,0.9909281206751834,1.0057137216049217,60
small,tf32,host,1,2,0.398741,0.3978441665,0.9996358754930976,0.9891753601788422,1.009217773847087,60
small,tf32,resident,0,2,0.1541293335,0.15447349999999999,1.004935575405669,0.9912974694069335,1.0098544029038654,60
small,tf32,resident,1,2,0.19164433349999999,0.18796200000000002,0.9800253456746024,0.968084613496163,0.9869327324978401,60
tiny,f32,host,0,2,0.208983125,0.20918825000000002,1.0036377625438893,0.9874335270637491,1.0069346316614138,60
tiny,f32,host,1,2,0.22502925000000001,0.2226155,0.9907361262409533,0.9712168066600043,1.0217545207616008,60
tiny,f32,resident,0,2,0.0988465,0.096465,1.0161425062594607,0.9779457946748715,1.0170163100240792,60
tiny,f32,resident,1,2,0.1226305,0.11791537499999999,0.9730476711550672,0.9382862378603711,0.9856251700715201,60
tiny,tf32,host,0,2,0.166567625,0.166339375,0.9847808807321013,0.9793554045035615,1.0170671858483475,60
tiny,tf32,host,1,2,0.178564,0.179476,1.0050428586941673,0.9990344961530051,1.0152541163233948,60
tiny,tf32,resident,0,2,0.089398,0.09067425,1.010770555577192,0.9871118058218067,1.0484795233797288,60
tiny,tf32,resident,1,2,0.09966675,0.099239875,0.9980538579404357,0.9925817846335895,0.9989572822905325,60
