file,quantity,values,max_abs,max_normalized,changed_values,verdict
check-f64-unchanged.txt,output,15903,0,0,0,PASS
check-f64-unchanged.txt,gradients,559841,0,0,0,PASS
check-f64-unchanged.txt,SGD,460832,0,0,0,PASS
check-f64-unchanged.txt,graph-eager,460832,0,0,0,PASS
check-f64-unchanged.txt,overflow-rollback,460832,0,0,0,PASS
check-m1-t0-f32-small-b0.txt,output,16384,2.98023224e-08,2.93172182e-08,10123,PASS
check-m1-t0-f32-small-b0.txt,gradients,112240,6.05359674e-09,6.04898438e-09,103409,PASS
check-m1-t0-f32-small-b0.txt,SGD,46704,9.31322575e-10,9.23937096e-10,977,PASS
check-m1-t0-f32-small-b0.txt,graph-eager,46704,0,0,0,PASS
check-m1-t0-f32-small-b0.txt,overflow-rollback,46704,0,0,0,PASS
check-m1-t0-f32-small-b1.txt,output,16384,2.98023224e-08,2.74166435e-08,10194,PASS
check-m1-t0-f32-small-b1.txt,gradients,118896,5.39876055e-09,5.39770525e-09,110039,PASS
check-m1-t0-f32-small-b1.txt,SGD,53360,9.31322575e-10,9.23720854e-10,940,PASS
check-m1-t0-f32-small-b1.txt,graph-eager,53360,0,0,0,PASS
check-m1-t0-f32-small-b1.txt,overflow-rollback,53360,0,0,0,PASS
check-m1-t0-f32-tail-b0.txt,output,15903,2.98023224e-07,2.63614562e-07,15180,PASS
check-m1-t0-f32-tail-b0.txt,gradients,502273,2.63098627e-08,2.62770434e-08,478364,PASS
check-m1-t0-f32-tail-b0.txt,SGD,403264,9.31322575e-10,9.23991528e-10,36515,PASS
check-m1-t0-f32-tail-b0.txt,graph-eager,403264,0,0,0,PASS
check-m1-t0-f32-tail-b0.txt,overflow-rollback,403264,0,0,0,PASS
check-m1-t0-f32-tail-b1.txt,output,15903,3.12924385e-07,2.80565155e-07,15227,PASS
check-m1-t0-f32-tail-b1.txt,gradients,559841,2.79396772e-08,2.79071575e-08,534805,PASS
check-m1-t0-f32-tail-b1.txt,SGD,460832,9.31322575e-10,9.24034013e-10,37323,PASS
check-m1-t0-f32-tail-b1.txt,graph-eager,460832,0,0,0,PASS
check-m1-t0-f32-tail-b1.txt,overflow-rollback,460832,0,0,0,PASS
check-m1-t0-f32-wide-b0.txt,output,81920,4.61935997e-07,4.03566276e-07,78535,PASS
check-m1-t0-f32-wide-b0.txt,gradients,3033098,8.52014637e-09,8.51911858e-09,2941297,PASS
check-m1-t0-f32-wide-b0.txt,SGD,935946,9.31322575e-10,9.23610762e-10,12185,PASS
check-m1-t0-f32-wide-b0.txt,graph-eager,935946,0,0,0,PASS
check-m1-t0-f32-wide-b0.txt,overflow-rollback,935946,0,0,0,PASS
check-m1-t0-f32-wide-b1.txt,output,81920,4.61935997e-07,4.03058234e-07,78508,PASS
check-m1-t0-f32-wide-b1.txt,gradients,3166730,1.38097676e-08,1.38073495e-08,3075972,PASS
check-m1-t0-f32-wide-b1.txt,SGD,1069578,9.31322575e-10,9.23988204e-10,12754,PASS
check-m1-t0-f32-wide-b1.txt,graph-eager,1069578,0,0,0,PASS
check-m1-t0-f32-wide-b1.txt,overflow-rollback,1069578,0,0,0,PASS
check-m1-t0-tf32-small-b0.txt,output,16384,4.414469e-06,4.38904446e-06,16333,PASS
check-m1-t0-tf32-small-b0.txt,gradients,112240,2.69146403e-06,2.68982136e-06,111699,PASS
check-m1-t0-tf32-small-b0.txt,SGD,46704,2.70083547e-08,2.68220128e-08,40882,PASS
check-m1-t0-tf32-small-b0.txt,graph-eager,46704,0,0,0,PASS
check-m1-t0-tf32-small-b0.txt,overflow-rollback,46704,0,0,0,PASS
check-m1-t0-tf32-small-b1.txt,output,16384,4.8559159e-06,4.80960364e-06,16339,PASS
check-m1-t0-tf32-small-b1.txt,gradients,118896,3.07415019e-06,3.07414669e-06,118359,PASS
check-m1-t0-tf32-small-b1.txt,SGD,53360,3.0733645e-08,3.07053312e-08,43737,PASS
check-m1-t0-tf32-small-b1.txt,graph-eager,53360,0,0,0,PASS
check-m1-t0-tf32-small-b1.txt,overflow-rollback,53360,0,0,0,PASS
check-m1-t0-tf32-tail-b0.txt,output,15903,6.01932406e-05,5.78017623e-05,15899,PASS
check-m1-t0-tf32-tail-b0.txt,gradients,502273,5.97274629e-06,5.97153362e-06,494247,PASS
check-m1-t0-tf32-tail-b0.txt,SGD,403264,5.96919563e-08,5.9674138e-08,384280,PASS
check-m1-t0-tf32-tail-b0.txt,graph-eager,403264,0,0,0,PASS
check-m1-t0-tf32-tail-b0.txt,overflow-rollback,403264,0,0,0,PASS
check-m1-t0-tf32-tail-b1.txt,output,15903,6.41345978e-05,6.11633174e-05,15901,PASS
check-m1-t0-tf32-tail-b1.txt,gradients,559841,5.96800237e-06,5.96699094e-06,551819,PASS
check-m1-t0-tf32-tail-b1.txt,SGD,460832,5.96919563e-08,5.96741595e-08,426714,PASS
check-m1-t0-tf32-tail-b1.txt,graph-eager,460832,0,0,0,PASS
check-m1-t0-tf32-tail-b1.txt,overflow-rollback,460832,0,0,0,PASS
check-m1-t0-tf32-wide-b0.txt,output,81920,6.71595335e-05,5.88019699e-05,81913,PASS
check-m1-t0-tf32-wide-b0.txt,gradients,3033098,4.50051448e-06,4.49954048e-06,3030362,PASS
check-m1-t0-tf32-wide-b0.txt,SGD,935946,4.51691449e-08,4.49926762e-08,680100,PASS
check-m1-t0-tf32-wide-b0.txt,graph-eager,935946,0,0,0,PASS
check-m1-t0-tf32-wide-b0.txt,overflow-rollback,935946,0,0,0,PASS
check-m1-t0-tf32-wide-b1.txt,output,81920,7.01248646e-05,6.10679082e-05,81916,PASS
check-m1-t0-tf32-wide-b1.txt,gradients,3166730,5.33173443e-06,5.33076542e-06,3163996,PASS
check-m1-t0-tf32-wide-b1.txt,SGD,1069578,5.33182174e-08,5.31983146e-08,721522,PASS
check-m1-t0-tf32-wide-b1.txt,graph-eager,1069578,0,0,0,PASS
check-m1-t0-tf32-wide-b1.txt,overflow-rollback,1069578,0,0,0,PASS
check-m1-t1-f32-small-b0.txt,output,16384,2.98023224e-08,2.93172182e-08,10123,PASS
check-m1-t1-f32-small-b0.txt,gradients,112240,6.05359674e-09,6.04898438e-09,103409,PASS
check-m1-t1-f32-small-b0.txt,SGD,46704,9.31322575e-10,9.23937096e-10,977,PASS
check-m1-t1-f32-small-b0.txt,graph-eager,46704,0,0,0,PASS
check-m1-t1-f32-small-b0.txt,overflow-rollback,46704,0,0,0,PASS
check-m1-t1-f32-small-b1.txt,output,16384,2.98023224e-08,2.74166435e-08,10194,PASS
check-m1-t1-f32-small-b1.txt,gradients,118896,5.39876055e-09,5.39770525e-09,110039,PASS
check-m1-t1-f32-small-b1.txt,SGD,53360,9.31322575e-10,9.23720854e-10,940,PASS
check-m1-t1-f32-small-b1.txt,graph-eager,53360,0,0,0,PASS
check-m1-t1-f32-small-b1.txt,overflow-rollback,53360,0,0,0,PASS
check-m1-t1-f32-tail-b0.txt,output,15903,2.98023224e-07,2.63614562e-07,15180,PASS
check-m1-t1-f32-tail-b0.txt,gradients,502273,2.63098627e-08,2.62770434e-08,478364,PASS
check-m1-t1-f32-tail-b0.txt,SGD,403264,9.31322575e-10,9.23991528e-10,36515,PASS
check-m1-t1-f32-tail-b0.txt,graph-eager,403264,0,0,0,PASS
check-m1-t1-f32-tail-b0.txt,overflow-rollback,403264,0,0,0,PASS
check-m1-t1-f32-tail-b1.txt,output,15903,3.12924385e-07,2.80565155e-07,15227,PASS
check-m1-t1-f32-tail-b1.txt,gradients,559841,2.79396772e-08,2.79071575e-08,534805,PASS
check-m1-t1-f32-tail-b1.txt,SGD,460832,9.31322575e-10,9.24034013e-10,37323,PASS
check-m1-t1-f32-tail-b1.txt,graph-eager,460832,0,0,0,PASS
check-m1-t1-f32-tail-b1.txt,overflow-rollback,460832,0,0,0,PASS
check-m1-t1-f32-wide-b0.txt,output,81920,4.61935997e-07,4.03566276e-07,78535,PASS
check-m1-t1-f32-wide-b0.txt,gradients,3033098,8.52014637e-09,8.51911858e-09,2941297,PASS
check-m1-t1-f32-wide-b0.txt,SGD,935946,9.31322575e-10,9.23610762e-10,12185,PASS
check-m1-t1-f32-wide-b0.txt,graph-eager,935946,0,0,0,PASS
check-m1-t1-f32-wide-b0.txt,overflow-rollback,935946,0,0,0,PASS
check-m1-t1-f32-wide-b1.txt,output,81920,4.61935997e-07,4.03058234e-07,78508,PASS
check-m1-t1-f32-wide-b1.txt,gradients,3166730,1.38097676e-08,1.38073495e-08,3075972,PASS
check-m1-t1-f32-wide-b1.txt,SGD,1069578,9.31322575e-10,9.23988204e-10,12754,PASS
check-m1-t1-f32-wide-b1.txt,graph-eager,1069578,0,0,0,PASS
check-m1-t1-f32-wide-b1.txt,overflow-rollback,1069578,0,0,0,PASS
check-m1-t1-tf32-small-b0.txt,output,16384,4.414469e-06,4.38904446e-06,16333,PASS
check-m1-t1-tf32-small-b0.txt,gradients,112240,2.69146403e-06,2.68982136e-06,111699,PASS
check-m1-t1-tf32-small-b0.txt,SGD,46704,2.70083547e-08,2.68220128e-08,40882,PASS
check-m1-t1-tf32-small-b0.txt,graph-eager,46704,0,0,0,PASS
check-m1-t1-tf32-small-b0.txt,overflow-rollback,46704,0,0,0,PASS
check-m1-t1-tf32-small-b1.txt,output,16384,4.8559159e-06,4.80960364e-06,16339,PASS
check-m1-t1-tf32-small-b1.txt,gradients,118896,3.07415019e-06,3.07414669e-06,118359,PASS
check-m1-t1-tf32-small-b1.txt,SGD,53360,3.0733645e-08,3.07053312e-08,43737,PASS
check-m1-t1-tf32-small-b1.txt,graph-eager,53360,0,0,0,PASS
check-m1-t1-tf32-small-b1.txt,overflow-rollback,53360,0,0,0,PASS
check-m1-t1-tf32-tail-b0.txt,output,15903,6.01932406e-05,5.78017623e-05,15899,PASS
check-m1-t1-tf32-tail-b0.txt,gradients,502273,5.97274629e-06,5.97153362e-06,494247,PASS
check-m1-t1-tf32-tail-b0.txt,SGD,403264,5.96919563e-08,5.9674138e-08,384280,PASS
check-m1-t1-tf32-tail-b0.txt,graph-eager,403264,0,0,0,PASS
check-m1-t1-tf32-tail-b0.txt,overflow-rollback,403264,0,0,0,PASS
check-m1-t1-tf32-tail-b1.txt,output,15903,6.41345978e-05,6.11633174e-05,15901,PASS
check-m1-t1-tf32-tail-b1.txt,gradients,559841,5.96800237e-06,5.96699094e-06,551819,PASS
check-m1-t1-tf32-tail-b1.txt,SGD,460832,5.96919563e-08,5.96741595e-08,426714,PASS
check-m1-t1-tf32-tail-b1.txt,graph-eager,460832,0,0,0,PASS
check-m1-t1-tf32-tail-b1.txt,overflow-rollback,460832,0,0,0,PASS
check-m1-t1-tf32-wide-b0.txt,output,81920,6.71595335e-05,5.88019699e-05,81913,PASS
check-m1-t1-tf32-wide-b0.txt,gradients,3033098,4.50051448e-06,4.49954048e-06,3030362,PASS
check-m1-t1-tf32-wide-b0.txt,SGD,935946,4.51691449e-08,4.49926762e-08,680100,PASS
check-m1-t1-tf32-wide-b0.txt,graph-eager,935946,0,0,0,PASS
check-m1-t1-tf32-wide-b0.txt,overflow-rollback,935946,0,0,0,PASS
check-m1-t1-tf32-wide-b1.txt,output,81920,7.01248646e-05,6.10679082e-05,81916,PASS
check-m1-t1-tf32-wide-b1.txt,gradients,3166730,5.33173443e-06,5.33076542e-06,3163996,PASS
check-m1-t1-tf32-wide-b1.txt,SGD,1069578,5.33182174e-08,5.31983146e-08,721522,PASS
check-m1-t1-tf32-wide-b1.txt,graph-eager,1069578,0,0,0,PASS
check-m1-t1-tf32-wide-b1.txt,overflow-rollback,1069578,0,0,0,PASS
check-m1-t2-f32-small-b0.txt,output,16384,2.98023224e-08,2.93172182e-08,10123,PASS
check-m1-t2-f32-small-b0.txt,gradients,112240,6.05359674e-09,6.04898438e-09,103409,PASS
check-m1-t2-f32-small-b0.txt,SGD,46704,9.31322575e-10,9.23937096e-10,977,PASS
check-m1-t2-f32-small-b0.txt,graph-eager,46704,0,0,0,PASS
check-m1-t2-f32-small-b0.txt,overflow-rollback,46704,0,0,0,PASS
check-m1-t2-f32-small-b1.txt,output,16384,2.98023224e-08,2.74166435e-08,10194,PASS
check-m1-t2-f32-small-b1.txt,gradients,118896,5.39876055e-09,5.39770525e-09,110039,PASS
check-m1-t2-f32-small-b1.txt,SGD,53360,9.31322575e-10,9.23720854e-10,940,PASS
check-m1-t2-f32-small-b1.txt,graph-eager,53360,0,0,0,PASS
check-m1-t2-f32-small-b1.txt,overflow-rollback,53360,0,0,0,PASS
check-m1-t2-f32-tail-b0.txt,output,15903,2.98023224e-07,2.63614562e-07,15180,PASS
check-m1-t2-f32-tail-b0.txt,gradients,502273,2.63098627e-08,2.62770434e-08,478364,PASS
check-m1-t2-f32-tail-b0.txt,SGD,403264,9.31322575e-10,9.23991528e-10,36515,PASS
check-m1-t2-f32-tail-b0.txt,graph-eager,403264,0,0,0,PASS
check-m1-t2-f32-tail-b0.txt,overflow-rollback,403264,0,0,0,PASS
check-m1-t2-f32-tail-b1.txt,output,15903,3.12924385e-07,2.80565155e-07,15227,PASS
check-m1-t2-f32-tail-b1.txt,gradients,559841,2.79396772e-08,2.79071575e-08,534805,PASS
check-m1-t2-f32-tail-b1.txt,SGD,460832,9.31322575e-10,9.24034013e-10,37323,PASS
check-m1-t2-f32-tail-b1.txt,graph-eager,460832,0,0,0,PASS
check-m1-t2-f32-tail-b1.txt,overflow-rollback,460832,0,0,0,PASS
check-m1-t2-f32-wide-b0.txt,output,81920,4.61935997e-07,4.03566276e-07,78535,PASS
check-m1-t2-f32-wide-b0.txt,gradients,3033098,8.52014637e-09,8.51911858e-09,2941297,PASS
check-m1-t2-f32-wide-b0.txt,SGD,935946,9.31322575e-10,9.23610762e-10,12185,PASS
check-m1-t2-f32-wide-b0.txt,graph-eager,935946,0,0,0,PASS
check-m1-t2-f32-wide-b0.txt,overflow-rollback,935946,0,0,0,PASS
check-m1-t2-f32-wide-b1.txt,output,81920,4.61935997e-07,4.03058234e-07,78508,PASS
check-m1-t2-f32-wide-b1.txt,gradients,3166730,1.38097676e-08,1.38073495e-08,3075972,PASS
check-m1-t2-f32-wide-b1.txt,SGD,1069578,9.31322575e-10,9.23988204e-10,12754,PASS
check-m1-t2-f32-wide-b1.txt,graph-eager,1069578,0,0,0,PASS
check-m1-t2-f32-wide-b1.txt,overflow-rollback,1069578,0,0,0,PASS
check-m1-t2-tf32-small-b0.txt,output,16384,4.414469e-06,4.38904446e-06,16333,PASS
check-m1-t2-tf32-small-b0.txt,gradients,112240,2.69146403e-06,2.68982136e-06,111699,PASS
check-m1-t2-tf32-small-b0.txt,SGD,46704,2.70083547e-08,2.68220128e-08,40882,PASS
check-m1-t2-tf32-small-b0.txt,graph-eager,46704,0,0,0,PASS
check-m1-t2-tf32-small-b0.txt,overflow-rollback,46704,0,0,0,PASS
check-m1-t2-tf32-small-b1.txt,output,16384,4.8559159e-06,4.80960364e-06,16339,PASS
check-m1-t2-tf32-small-b1.txt,gradients,118896,3.07415019e-06,3.07414669e-06,118359,PASS
check-m1-t2-tf32-small-b1.txt,SGD,53360,3.0733645e-08,3.07053312e-08,43737,PASS
check-m1-t2-tf32-small-b1.txt,graph-eager,53360,0,0,0,PASS
check-m1-t2-tf32-small-b1.txt,overflow-rollback,53360,0,0,0,PASS
check-m1-t2-tf32-tail-b0.txt,output,15903,6.01932406e-05,5.78017623e-05,15899,PASS
check-m1-t2-tf32-tail-b0.txt,gradients,502273,5.97274629e-06,5.97153362e-06,494247,PASS
check-m1-t2-tf32-tail-b0.txt,SGD,403264,5.96919563e-08,5.9674138e-08,384280,PASS
check-m1-t2-tf32-tail-b0.txt,graph-eager,403264,0,0,0,PASS
check-m1-t2-tf32-tail-b0.txt,overflow-rollback,403264,0,0,0,PASS
check-m1-t2-tf32-tail-b1.txt,output,15903,6.41345978e-05,6.11633174e-05,15901,PASS
check-m1-t2-tf32-tail-b1.txt,gradients,559841,5.96800237e-06,5.96699094e-06,551819,PASS
check-m1-t2-tf32-tail-b1.txt,SGD,460832,5.96919563e-08,5.96741595e-08,426714,PASS
check-m1-t2-tf32-tail-b1.txt,graph-eager,460832,0,0,0,PASS
check-m1-t2-tf32-tail-b1.txt,overflow-rollback,460832,0,0,0,PASS
check-m1-t2-tf32-wide-b0.txt,output,81920,6.71595335e-05,5.88019699e-05,81913,PASS
check-m1-t2-tf32-wide-b0.txt,gradients,3033098,4.50051448e-06,4.49954048e-06,3030362,PASS
check-m1-t2-tf32-wide-b0.txt,SGD,935946,4.51691449e-08,4.49926762e-08,680100,PASS
check-m1-t2-tf32-wide-b0.txt,graph-eager,935946,0,0,0,PASS
check-m1-t2-tf32-wide-b0.txt,overflow-rollback,935946,0,0,0,PASS
check-m1-t2-tf32-wide-b1.txt,output,81920,7.01248646e-05,6.10679082e-05,81916,PASS
check-m1-t2-tf32-wide-b1.txt,gradients,3166730,5.33173443e-06,5.33076542e-06,3163996,PASS
check-m1-t2-tf32-wide-b1.txt,SGD,1069578,5.33182174e-08,5.31983146e-08,721522,PASS
check-m1-t2-tf32-wide-b1.txt,graph-eager,1069578,0,0,0,PASS
check-m1-t2-tf32-wide-b1.txt,overflow-rollback,1069578,0,0,0,PASS
check-m2-t0-f32-small-b0.txt,output,16384,0,0,0,PASS
check-m2-t0-f32-small-b0.txt,gradients,112240,0,0,0,PASS
check-m2-t0-f32-small-b0.txt,SGD,46704,0,0,0,PASS
check-m2-t0-f32-small-b0.txt,graph-eager,46704,0,0,0,PASS
check-m2-t0-f32-small-b0.txt,overflow-rollback,46704,0,0,0,PASS
check-m2-t0-f32-small-b1.txt,output,16384,0,0,0,PASS
check-m2-t0-f32-small-b1.txt,gradients,118896,0,0,0,PASS
check-m2-t0-f32-small-b1.txt,SGD,53360,0,0,0,PASS
check-m2-t0-f32-small-b1.txt,graph-eager,53360,0,0,0,PASS
check-m2-t0-f32-small-b1.txt,overflow-rollback,53360,0,0,0,PASS
check-m2-t0-f32-tail-b0.txt,output,15903,0,0,0,PASS
check-m2-t0-f32-tail-b0.txt,gradients,502273,2.32830644e-10,2.32783922e-10,88278,PASS
check-m2-t0-f32-tail-b0.txt,SGD,403264,0,0,0,PASS
check-m2-t0-f32-tail-b0.txt,graph-eager,403264,0,0,0,PASS
check-m2-t0-f32-tail-b0.txt,overflow-rollback,403264,0,0,0,PASS
check-m2-t0-f32-tail-b1.txt,output,15903,0,0,0,PASS
check-m2-t0-f32-tail-b1.txt,gradients,559841,2.61934474e-10,2.61865278e-10,87777,PASS
check-m2-t0-f32-tail-b1.txt,SGD,460832,0,0,0,PASS
check-m2-t0-f32-tail-b1.txt,graph-eager,460832,0,0,0,PASS
check-m2-t0-f32-tail-b1.txt,overflow-rollback,460832,0,0,0,PASS
check-m2-t0-f32-wide-b0.txt,output,81920,0,0,0,PASS
check-m2-t0-f32-wide-b0.txt,gradients,3033098,0,0,0,PASS
check-m2-t0-f32-wide-b0.txt,SGD,935946,0,0,0,PASS
check-m2-t0-f32-wide-b0.txt,graph-eager,935946,0,0,0,PASS
check-m2-t0-f32-wide-b0.txt,overflow-rollback,935946,0,0,0,PASS
check-m2-t0-f32-wide-b1.txt,output,81920,0,0,0,PASS
check-m2-t0-f32-wide-b1.txt,gradients,3166730,0,0,0,PASS
check-m2-t0-f32-wide-b1.txt,SGD,1069578,0,0,0,PASS
check-m2-t0-f32-wide-b1.txt,graph-eager,1069578,0,0,0,PASS
check-m2-t0-f32-wide-b1.txt,overflow-rollback,1069578,0,0,0,PASS
check-m2-t0-tf32-small-b0.txt,output,16384,0,0,0,PASS
check-m2-t0-tf32-small-b0.txt,gradients,112240,9.07188223e-07,9.07183943e-07,94268,PASS
check-m2-t0-tf32-small-b0.txt,SGD,46704,9.0803951e-09,9.05515678e-09,26112,PASS
check-m2-t0-tf32-small-b0.txt,graph-eager,46704,0,0,0,PASS
check-m2-t0-tf32-small-b0.txt,overflow-rollback,46704,0,0,0,PASS
check-m2-t0-tf32-small-b1.txt,output,16384,0,0,0,PASS
check-m2-t0-tf32-small-b1.txt,gradients,118896,8.66719347e-07,8.6669218e-07,98363,PASS
check-m2-t0-tf32-small-b1.txt,SGD,53360,8.49831849e-09,8.49260458e-09,29145,PASS
check-m2-t0-tf32-small-b1.txt,graph-eager,53360,0,0,0,PASS
check-m2-t0-tf32-small-b1.txt,overflow-rollback,53360,0,0,0,PASS
check-m2-t0-tf32-tail-b0.txt,output,15903,0,0,0,PASS
check-m2-t0-tf32-tail-b0.txt,gradients,502273,1.47760147e-07,1.47729169e-07,98992,PASS
check-m2-t0-tf32-tail-b0.txt,SGD,403264,0,0,0,PASS
check-m2-t0-tf32-tail-b0.txt,graph-eager,403264,0,0,0,PASS
check-m2-t0-tf32-tail-b0.txt,overflow-rollback,403264,0,0,0,PASS
check-m2-t0-tf32-tail-b1.txt,output,15903,0,0,0,PASS
check-m2-t0-tf32-tail-b1.txt,gradients,559841,1.47265382e-07,1.47247145e-07,98999,PASS
check-m2-t0-tf32-tail-b1.txt,SGD,460832,0,0,0,PASS
check-m2-t0-tf32-tail-b1.txt,graph-eager,460832,0,0,0,PASS
check-m2-t0-tf32-tail-b1.txt,overflow-rollback,460832,0,0,0,PASS
check-m2-t0-tf32-wide-b0.txt,output,81920,0,0,0,PASS
check-m2-t0-tf32-wide-b0.txt,gradients,3033098,1.47779019e-07,1.47778684e-07,2556009,PASS
check-m2-t0-tf32-wide-b0.txt,SGD,935946,1.86264515e-09,1.83052751e-09,320133,PASS
check-m2-t0-tf32-wide-b0.txt,graph-eager,935946,0,0,0,PASS
check-m2-t0-tf32-wide-b0.txt,overflow-rollback,935946,0,0,0,PASS
check-m2-t0-tf32-wide-b1.txt,output,81920,0,0,0,PASS
check-m2-t0-tf32-wide-b1.txt,gradients,3166730,1.39984877e-07,1.39983739e-07,2621552,PASS
check-m2-t0-tf32-wide-b1.txt,SGD,1069578,1.86264515e-09,1.84803062e-09,335527,PASS
check-m2-t0-tf32-wide-b1.txt,graph-eager,1069578,0,0,0,PASS
check-m2-t0-tf32-wide-b1.txt,overflow-rollback,1069578,0,0,0,PASS
check-m2-t1-f32-small-b0.txt,output,16384,0,0,0,PASS
check-m2-t1-f32-small-b0.txt,gradients,112240,0,0,0,PASS
check-m2-t1-f32-small-b0.txt,SGD,46704,0,0,0,PASS
check-m2-t1-f32-small-b0.txt,graph-eager,46704,0,0,0,PASS
check-m2-t1-f32-small-b0.txt,overflow-rollback,46704,0,0,0,PASS
check-m2-t1-f32-small-b1.txt,output,16384,0,0,0,PASS
check-m2-t1-f32-small-b1.txt,gradients,118896,0,0,0,PASS
check-m2-t1-f32-small-b1.txt,SGD,53360,0,0,0,PASS
check-m2-t1-f32-small-b1.txt,graph-eager,53360,0,0,0,PASS
check-m2-t1-f32-small-b1.txt,overflow-rollback,53360,0,0,0,PASS
check-m2-t1-f32-tail-b0.txt,output,15903,0,0,0,PASS
check-m2-t1-f32-tail-b0.txt,gradients,502273,2.32830644e-10,2.32783922e-10,88278,PASS
check-m2-t1-f32-tail-b0.txt,SGD,403264,0,0,0,PASS
check-m2-t1-f32-tail-b0.txt,graph-eager,403264,0,0,0,PASS
check-m2-t1-f32-tail-b0.txt,overflow-rollback,403264,0,0,0,PASS
check-m2-t1-f32-tail-b1.txt,output,15903,0,0,0,PASS
check-m2-t1-f32-tail-b1.txt,gradients,559841,2.61934474e-10,2.61865278e-10,87777,PASS
check-m2-t1-f32-tail-b1.txt,SGD,460832,0,0,0,PASS
check-m2-t1-f32-tail-b1.txt,graph-eager,460832,0,0,0,PASS
check-m2-t1-f32-tail-b1.txt,overflow-rollback,460832,0,0,0,PASS
check-m2-t1-f32-wide-b0.txt,output,81920,0,0,0,PASS
check-m2-t1-f32-wide-b0.txt,gradients,3033098,0,0,0,PASS
check-m2-t1-f32-wide-b0.txt,SGD,935946,0,0,0,PASS
check-m2-t1-f32-wide-b0.txt,graph-eager,935946,0,0,0,PASS
check-m2-t1-f32-wide-b0.txt,overflow-rollback,935946,0,0,0,PASS
check-m2-t1-f32-wide-b1.txt,output,81920,0,0,0,PASS
check-m2-t1-f32-wide-b1.txt,gradients,3166730,0,0,0,PASS
check-m2-t1-f32-wide-b1.txt,SGD,1069578,0,0,0,PASS
check-m2-t1-f32-wide-b1.txt,graph-eager,1069578,0,0,0,PASS
check-m2-t1-f32-wide-b1.txt,overflow-rollback,1069578,0,0,0,PASS
check-m2-t1-tf32-small-b0.txt,output,16384,0,0,0,PASS
check-m2-t1-tf32-small-b0.txt,gradients,112240,9.07188223e-07,9.07183943e-07,94268,PASS
check-m2-t1-tf32-small-b0.txt,SGD,46704,9.0803951e-09,9.05515678e-09,26112,PASS
check-m2-t1-tf32-small-b0.txt,graph-eager,46704,0,0,0,PASS
check-m2-t1-tf32-small-b0.txt,overflow-rollback,46704,0,0,0,PASS
check-m2-t1-tf32-small-b1.txt,output,16384,0,0,0,PASS
check-m2-t1-tf32-small-b1.txt,gradients,118896,8.66719347e-07,8.6669218e-07,98363,PASS
check-m2-t1-tf32-small-b1.txt,SGD,53360,8.49831849e-09,8.49260458e-09,29145,PASS
check-m2-t1-tf32-small-b1.txt,graph-eager,53360,0,0,0,PASS
check-m2-t1-tf32-small-b1.txt,overflow-rollback,53360,0,0,0,PASS
check-m2-t1-tf32-tail-b0.txt,output,15903,0,0,0,PASS
check-m2-t1-tf32-tail-b0.txt,gradients,502273,1.47760147e-07,1.47729169e-07,98992,PASS
check-m2-t1-tf32-tail-b0.txt,SGD,403264,0,0,0,PASS
check-m2-t1-tf32-tail-b0.txt,graph-eager,403264,0,0,0,PASS
check-m2-t1-tf32-tail-b0.txt,overflow-rollback,403264,0,0,0,PASS
check-m2-t1-tf32-tail-b1.txt,output,15903,0,0,0,PASS
check-m2-t1-tf32-tail-b1.txt,gradients,559841,1.47265382e-07,1.47247145e-07,98999,PASS
check-m2-t1-tf32-tail-b1.txt,SGD,460832,0,0,0,PASS
check-m2-t1-tf32-tail-b1.txt,graph-eager,460832,0,0,0,PASS
check-m2-t1-tf32-tail-b1.txt,overflow-rollback,460832,0,0,0,PASS
check-m2-t1-tf32-wide-b0.txt,output,81920,0,0,0,PASS
check-m2-t1-tf32-wide-b0.txt,gradients,3033098,1.47779019e-07,1.47778684e-07,2556009,PASS
check-m2-t1-tf32-wide-b0.txt,SGD,935946,1.86264515e-09,1.83052751e-09,320133,PASS
check-m2-t1-tf32-wide-b0.txt,graph-eager,935946,0,0,0,PASS
check-m2-t1-tf32-wide-b0.txt,overflow-rollback,935946,0,0,0,PASS
check-m2-t1-tf32-wide-b1.txt,output,81920,0,0,0,PASS
check-m2-t1-tf32-wide-b1.txt,gradients,3166730,1.39984877e-07,1.39983739e-07,2621552,PASS
check-m2-t1-tf32-wide-b1.txt,SGD,1069578,1.86264515e-09,1.84803062e-09,335527,PASS
check-m2-t1-tf32-wide-b1.txt,graph-eager,1069578,0,0,0,PASS
check-m2-t1-tf32-wide-b1.txt,overflow-rollback,1069578,0,0,0,PASS
check-m2-t2-f32-small-b0.txt,output,16384,0,0,0,PASS
check-m2-t2-f32-small-b0.txt,gradients,112240,0,0,0,PASS
check-m2-t2-f32-small-b0.txt,SGD,46704,0,0,0,PASS
check-m2-t2-f32-small-b0.txt,graph-eager,46704,0,0,0,PASS
check-m2-t2-f32-small-b0.txt,overflow-rollback,46704,0,0,0,PASS
check-m2-t2-f32-small-b1.txt,output,16384,0,0,0,PASS
check-m2-t2-f32-small-b1.txt,gradients,118896,0,0,0,PASS
check-m2-t2-f32-small-b1.txt,SGD,53360,0,0,0,PASS
check-m2-t2-f32-small-b1.txt,graph-eager,53360,0,0,0,PASS
check-m2-t2-f32-small-b1.txt,overflow-rollback,53360,0,0,0,PASS
check-m2-t2-f32-tail-b0.txt,output,15903,0,0,0,PASS
check-m2-t2-f32-tail-b0.txt,gradients,502273,2.32830644e-10,2.32783922e-10,88278,PASS
check-m2-t2-f32-tail-b0.txt,SGD,403264,0,0,0,PASS
check-m2-t2-f32-tail-b0.txt,graph-eager,403264,0,0,0,PASS
check-m2-t2-f32-tail-b0.txt,overflow-rollback,403264,0,0,0,PASS
check-m2-t2-f32-tail-b1.txt,output,15903,0,0,0,PASS
check-m2-t2-f32-tail-b1.txt,gradients,559841,2.61934474e-10,2.61865278e-10,87777,PASS
check-m2-t2-f32-tail-b1.txt,SGD,460832,0,0,0,PASS
check-m2-t2-f32-tail-b1.txt,graph-eager,460832,0,0,0,PASS
check-m2-t2-f32-tail-b1.txt,overflow-rollback,460832,0,0,0,PASS
check-m2-t2-f32-wide-b0.txt,output,81920,0,0,0,PASS
check-m2-t2-f32-wide-b0.txt,gradients,3033098,0,0,0,PASS
check-m2-t2-f32-wide-b0.txt,SGD,935946,0,0,0,PASS
check-m2-t2-f32-wide-b0.txt,graph-eager,935946,0,0,0,PASS
check-m2-t2-f32-wide-b0.txt,overflow-rollback,935946,0,0,0,PASS
check-m2-t2-f32-wide-b1.txt,output,81920,0,0,0,PASS
check-m2-t2-f32-wide-b1.txt,gradients,3166730,0,0,0,PASS
check-m2-t2-f32-wide-b1.txt,SGD,1069578,0,0,0,PASS
check-m2-t2-f32-wide-b1.txt,graph-eager,1069578,0,0,0,PASS
check-m2-t2-f32-wide-b1.txt,overflow-rollback,1069578,0,0,0,PASS
check-m2-t2-tf32-small-b0.txt,output,16384,0,0,0,PASS
check-m2-t2-tf32-small-b0.txt,gradients,112240,9.07188223e-07,9.07183943e-07,94268,PASS
check-m2-t2-tf32-small-b0.txt,SGD,46704,9.0803951e-09,9.05515678e-09,26112,PASS
check-m2-t2-tf32-small-b0.txt,graph-eager,46704,0,0,0,PASS
check-m2-t2-tf32-small-b0.txt,overflow-rollback,46704,0,0,0,PASS
check-m2-t2-tf32-small-b1.txt,output,16384,0,0,0,PASS
check-m2-t2-tf32-small-b1.txt,gradients,118896,8.66719347e-07,8.6669218e-07,98363,PASS
check-m2-t2-tf32-small-b1.txt,SGD,53360,8.49831849e-09,8.49260458e-09,29145,PASS
check-m2-t2-tf32-small-b1.txt,graph-eager,53360,0,0,0,PASS
check-m2-t2-tf32-small-b1.txt,overflow-rollback,53360,0,0,0,PASS
check-m2-t2-tf32-tail-b0.txt,output,15903,0,0,0,PASS
check-m2-t2-tf32-tail-b0.txt,gradients,502273,1.47760147e-07,1.47729169e-07,98992,PASS
check-m2-t2-tf32-tail-b0.txt,SGD,403264,0,0,0,PASS
check-m2-t2-tf32-tail-b0.txt,graph-eager,403264,0,0,0,PASS
check-m2-t2-tf32-tail-b0.txt,overflow-rollback,403264,0,0,0,PASS
check-m2-t2-tf32-tail-b1.txt,output,15903,0,0,0,PASS
check-m2-t2-tf32-tail-b1.txt,gradients,559841,1.47265382e-07,1.47247145e-07,98999,PASS
check-m2-t2-tf32-tail-b1.txt,SGD,460832,0,0,0,PASS
check-m2-t2-tf32-tail-b1.txt,graph-eager,460832,0,0,0,PASS
check-m2-t2-tf32-tail-b1.txt,overflow-rollback,460832,0,0,0,PASS
check-m2-t2-tf32-wide-b0.txt,output,81920,0,0,0,PASS
check-m2-t2-tf32-wide-b0.txt,gradients,3033098,1.47779019e-07,1.47778684e-07,2556009,PASS
check-m2-t2-tf32-wide-b0.txt,SGD,935946,1.86264515e-09,1.83052751e-09,320133,PASS
check-m2-t2-tf32-wide-b0.txt,graph-eager,935946,0,0,0,PASS
check-m2-t2-tf32-wide-b0.txt,overflow-rollback,935946,0,0,0,PASS
check-m2-t2-tf32-wide-b1.txt,output,81920,0,0,0,PASS
check-m2-t2-tf32-wide-b1.txt,gradients,3166730,1.39984877e-07,1.39983739e-07,2621552,PASS
check-m2-t2-tf32-wide-b1.txt,SGD,1069578,1.86264515e-09,1.84803062e-09,335527,PASS
check-m2-t2-tf32-wide-b1.txt,graph-eager,1069578,0,0,0,PASS
check-m2-t2-tf32-wide-b1.txt,overflow-rollback,1069578,0,0,0,PASS
check-m3-t0-f32-small-b0.txt,output,16384,2.98023224e-08,2.93172182e-08,10123,PASS
check-m3-t0-f32-small-b0.txt,gradients,112240,6.05359674e-09,6.04898438e-09,103409,PASS
check-m3-t0-f32-small-b0.txt,SGD,46704,9.31322575e-10,9.23937096e-10,977,PASS
check-m3-t0-f32-small-b0.txt,graph-eager,46704,0,0,0,PASS
check-m3-t0-f32-small-b0.txt,overflow-rollback,46704,0,0,0,PASS
check-m3-t0-f32-small-b1.txt,output,16384,2.98023224e-08,2.74166435e-08,10194,PASS
check-m3-t0-f32-small-b1.txt,gradients,118896,5.39876055e-09,5.39770525e-09,110039,PASS
check-m3-t0-f32-small-b1.txt,SGD,53360,9.31322575e-10,9.23720854e-10,940,PASS
check-m3-t0-f32-small-b1.txt,graph-eager,53360,0,0,0,PASS
check-m3-t0-f32-small-b1.txt,overflow-rollback,53360,0,0,0,PASS
check-m3-t0-f32-tail-b0.txt,output,15903,2.98023224e-07,2.63614562e-07,15180,PASS
check-m3-t0-f32-tail-b0.txt,gradients,502273,2.63098627e-08,2.62770434e-08,478364,PASS
check-m3-t0-f32-tail-b0.txt,SGD,403264,9.31322575e-10,9.23991528e-10,36515,PASS
check-m3-t0-f32-tail-b0.txt,graph-eager,403264,0,0,0,PASS
check-m3-t0-f32-tail-b0.txt,overflow-rollback,403264,0,0,0,PASS
check-m3-t0-f32-tail-b1.txt,output,15903,3.12924385e-07,2.80565155e-07,15227,PASS
check-m3-t0-f32-tail-b1.txt,gradients,559841,2.79396772e-08,2.79071575e-08,534805,PASS
check-m3-t0-f32-tail-b1.txt,SGD,460832,9.31322575e-10,9.24034013e-10,37323,PASS
check-m3-t0-f32-tail-b1.txt,graph-eager,460832,0,0,0,PASS
check-m3-t0-f32-tail-b1.txt,overflow-rollback,460832,0,0,0,PASS
check-m3-t0-f32-wide-b0.txt,output,81920,4.61935997e-07,4.03566276e-07,78535,PASS
check-m3-t0-f32-wide-b0.txt,gradients,3033098,8.52014637e-09,8.51911858e-09,2941297,PASS
check-m3-t0-f32-wide-b0.txt,SGD,935946,9.31322575e-10,9.23610762e-10,12185,PASS
check-m3-t0-f32-wide-b0.txt,graph-eager,935946,0,0,0,PASS
check-m3-t0-f32-wide-b0.txt,overflow-rollback,935946,0,0,0,PASS
check-m3-t0-f32-wide-b1.txt,output,81920,4.61935997e-07,4.03058234e-07,78508,PASS
check-m3-t0-f32-wide-b1.txt,gradients,3166730,1.38097676e-08,1.38073495e-08,3075972,PASS
check-m3-t0-f32-wide-b1.txt,SGD,1069578,9.31322575e-10,9.23988204e-10,12754,PASS
check-m3-t0-f32-wide-b1.txt,graph-eager,1069578,0,0,0,PASS
check-m3-t0-f32-wide-b1.txt,overflow-rollback,1069578,0,0,0,PASS
check-m3-t0-tf32-small-b0.txt,output,16384,4.414469e-06,4.38904446e-06,16333,PASS
check-m3-t0-tf32-small-b0.txt,gradients,112240,2.69146403e-06,2.68982136e-06,111699,PASS
check-m3-t0-tf32-small-b0.txt,SGD,46704,2.70083547e-08,2.68220128e-08,40882,PASS
check-m3-t0-tf32-small-b0.txt,graph-eager,46704,0,0,0,PASS
check-m3-t0-tf32-small-b0.txt,overflow-rollback,46704,0,0,0,PASS
check-m3-t0-tf32-small-b1.txt,output,16384,4.8559159e-06,4.80960364e-06,16339,PASS
check-m3-t0-tf32-small-b1.txt,gradients,118896,3.07415019e-06,3.07414669e-06,118359,PASS
check-m3-t0-tf32-small-b1.txt,SGD,53360,3.0733645e-08,3.07053312e-08,43737,PASS
check-m3-t0-tf32-small-b1.txt,graph-eager,53360,0,0,0,PASS
check-m3-t0-tf32-small-b1.txt,overflow-rollback,53360,0,0,0,PASS
check-m3-t0-tf32-tail-b0.txt,output,15903,6.01932406e-05,5.78017623e-05,15899,PASS
check-m3-t0-tf32-tail-b0.txt,gradients,502273,5.97274629e-06,5.97153362e-06,494247,PASS
check-m3-t0-tf32-tail-b0.txt,SGD,403264,5.96919563e-08,5.9674138e-08,384280,PASS
check-m3-t0-tf32-tail-b0.txt,graph-eager,403264,0,0,0,PASS
check-m3-t0-tf32-tail-b0.txt,overflow-rollback,403264,0,0,0,PASS
check-m3-t0-tf32-tail-b1.txt,output,15903,6.41345978e-05,6.11633174e-05,15901,PASS
check-m3-t0-tf32-tail-b1.txt,gradients,559841,5.96800237e-06,5.96699094e-06,551819,PASS
check-m3-t0-tf32-tail-b1.txt,SGD,460832,5.96919563e-08,5.96741595e-08,426714,PASS
check-m3-t0-tf32-tail-b1.txt,graph-eager,460832,0,0,0,PASS
check-m3-t0-tf32-tail-b1.txt,overflow-rollback,460832,0,0,0,PASS
check-m3-t0-tf32-wide-b0.txt,output,81920,6.71595335e-05,5.88019699e-05,81913,PASS
check-m3-t0-tf32-wide-b0.txt,gradients,3033098,4.50051448e-06,4.49954048e-06,3030362,PASS
check-m3-t0-tf32-wide-b0.txt,SGD,935946,4.51691449e-08,4.49926762e-08,680100,PASS
check-m3-t0-tf32-wide-b0.txt,graph-eager,935946,0,0,0,PASS
check-m3-t0-tf32-wide-b0.txt,overflow-rollback,935946,0,0,0,PASS
check-m3-t0-tf32-wide-b1.txt,output,81920,7.01248646e-05,6.10679082e-05,81916,PASS
check-m3-t0-tf32-wide-b1.txt,gradients,3166730,5.33173443e-06,5.33076542e-06,3163996,PASS
check-m3-t0-tf32-wide-b1.txt,SGD,1069578,5.33182174e-08,5.31983146e-08,721522,PASS
check-m3-t0-tf32-wide-b1.txt,graph-eager,1069578,0,0,0,PASS
check-m3-t0-tf32-wide-b1.txt,overflow-rollback,1069578,0,0,0,PASS
check-m3-t1-f32-small-b0.txt,output,16384,2.98023224e-08,2.93172182e-08,10123,PASS
check-m3-t1-f32-small-b0.txt,gradients,112240,6.05359674e-09,6.04898438e-09,103409,PASS
check-m3-t1-f32-small-b0.txt,SGD,46704,9.31322575e-10,9.23937096e-10,977,PASS
check-m3-t1-f32-small-b0.txt,graph-eager,46704,0,0,0,PASS
check-m3-t1-f32-small-b0.txt,overflow-rollback,46704,0,0,0,PASS
check-m3-t1-f32-small-b1.txt,output,16384,2.98023224e-08,2.74166435e-08,10194,PASS
check-m3-t1-f32-small-b1.txt,gradients,118896,5.39876055e-09,5.39770525e-09,110039,PASS
check-m3-t1-f32-small-b1.txt,SGD,53360,9.31322575e-10,9.23720854e-10,940,PASS
check-m3-t1-f32-small-b1.txt,graph-eager,53360,0,0,0,PASS
check-m3-t1-f32-small-b1.txt,overflow-rollback,53360,0,0,0,PASS
check-m3-t1-f32-tail-b0.txt,output,15903,2.98023224e-07,2.63614562e-07,15180,PASS
check-m3-t1-f32-tail-b0.txt,gradients,502273,2.63098627e-08,2.62770434e-08,478364,PASS
check-m3-t1-f32-tail-b0.txt,SGD,403264,9.31322575e-10,9.23991528e-10,36515,PASS
check-m3-t1-f32-tail-b0.txt,graph-eager,403264,0,0,0,PASS
check-m3-t1-f32-tail-b0.txt,overflow-rollback,403264,0,0,0,PASS
check-m3-t1-f32-tail-b1.txt,output,15903,3.12924385e-07,2.80565155e-07,15227,PASS
check-m3-t1-f32-tail-b1.txt,gradients,559841,2.79396772e-08,2.79071575e-08,534805,PASS
check-m3-t1-f32-tail-b1.txt,SGD,460832,9.31322575e-10,9.24034013e-10,37323,PASS
check-m3-t1-f32-tail-b1.txt,graph-eager,460832,0,0,0,PASS
check-m3-t1-f32-tail-b1.txt,overflow-rollback,460832,0,0,0,PASS
check-m3-t1-f32-wide-b0.txt,output,81920,4.61935997e-07,4.03566276e-07,78535,PASS
check-m3-t1-f32-wide-b0.txt,gradients,3033098,8.52014637e-09,8.51911858e-09,2941297,PASS
check-m3-t1-f32-wide-b0.txt,SGD,935946,9.31322575e-10,9.23610762e-10,12185,PASS
check-m3-t1-f32-wide-b0.txt,graph-eager,935946,0,0,0,PASS
check-m3-t1-f32-wide-b0.txt,overflow-rollback,935946,0,0,0,PASS
check-m3-t1-f32-wide-b1.txt,output,81920,4.61935997e-07,4.03058234e-07,78508,PASS
check-m3-t1-f32-wide-b1.txt,gradients,3166730,1.38097676e-08,1.38073495e-08,3075972,PASS
check-m3-t1-f32-wide-b1.txt,SGD,1069578,9.31322575e-10,9.23988204e-10,12754,PASS
check-m3-t1-f32-wide-b1.txt,graph-eager,1069578,0,0,0,PASS
check-m3-t1-f32-wide-b1.txt,overflow-rollback,1069578,0,0,0,PASS
check-m3-t1-tf32-small-b0.txt,output,16384,4.414469e-06,4.38904446e-06,16333,PASS
check-m3-t1-tf32-small-b0.txt,gradients,112240,2.69146403e-06,2.68982136e-06,111699,PASS
check-m3-t1-tf32-small-b0.txt,SGD,46704,2.70083547e-08,2.68220128e-08,40882,PASS
check-m3-t1-tf32-small-b0.txt,graph-eager,46704,0,0,0,PASS
check-m3-t1-tf32-small-b0.txt,overflow-rollback,46704,0,0,0,PASS
check-m3-t1-tf32-small-b1.txt,output,16384,4.8559159e-06,4.80960364e-06,16339,PASS
check-m3-t1-tf32-small-b1.txt,gradients,118896,3.07415019e-06,3.07414669e-06,118359,PASS
check-m3-t1-tf32-small-b1.txt,SGD,53360,3.0733645e-08,3.07053312e-08,43737,PASS
check-m3-t1-tf32-small-b1.txt,graph-eager,53360,0,0,0,PASS
check-m3-t1-tf32-small-b1.txt,overflow-rollback,53360,0,0,0,PASS
check-m3-t1-tf32-tail-b0.txt,output,15903,6.01932406e-05,5.78017623e-05,15899,PASS
check-m3-t1-tf32-tail-b0.txt,gradients,502273,5.97274629e-06,5.97153362e-06,494247,PASS
check-m3-t1-tf32-tail-b0.txt,SGD,403264,5.96919563e-08,5.9674138e-08,384280,PASS
check-m3-t1-tf32-tail-b0.txt,graph-eager,403264,0,0,0,PASS
check-m3-t1-tf32-tail-b0.txt,overflow-rollback,403264,0,0,0,PASS
check-m3-t1-tf32-tail-b1.txt,output,15903,6.41345978e-05,6.11633174e-05,15901,PASS
check-m3-t1-tf32-tail-b1.txt,gradients,559841,5.96800237e-06,5.96699094e-06,551819,PASS
check-m3-t1-tf32-tail-b1.txt,SGD,460832,5.96919563e-08,5.96741595e-08,426714,PASS
check-m3-t1-tf32-tail-b1.txt,graph-eager,460832,0,0,0,PASS
check-m3-t1-tf32-tail-b1.txt,overflow-rollback,460832,0,0,0,PASS
check-m3-t1-tf32-wide-b0.txt,output,81920,6.71595335e-05,5.88019699e-05,81913,PASS
check-m3-t1-tf32-wide-b0.txt,gradients,3033098,4.50051448e-06,4.49954048e-06,3030362,PASS
check-m3-t1-tf32-wide-b0.txt,SGD,935946,4.51691449e-08,4.49926762e-08,680100,PASS
check-m3-t1-tf32-wide-b0.txt,graph-eager,935946,0,0,0,PASS
check-m3-t1-tf32-wide-b0.txt,overflow-rollback,935946,0,0,0,PASS
check-m3-t1-tf32-wide-b1.txt,output,81920,7.01248646e-05,6.10679082e-05,81916,PASS
check-m3-t1-tf32-wide-b1.txt,gradients,3166730,5.33173443e-06,5.33076542e-06,3163996,PASS
check-m3-t1-tf32-wide-b1.txt,SGD,1069578,5.33182174e-08,5.31983146e-08,721522,PASS
check-m3-t1-tf32-wide-b1.txt,graph-eager,1069578,0,0,0,PASS
check-m3-t1-tf32-wide-b1.txt,overflow-rollback,1069578,0,0,0,PASS
check-m3-t2-f32-small-b0.txt,output,16384,2.98023224e-08,2.93172182e-08,10123,PASS
check-m3-t2-f32-small-b0.txt,gradients,112240,6.05359674e-09,6.04898438e-09,103409,PASS
check-m3-t2-f32-small-b0.txt,SGD,46704,9.31322575e-10,9.23937096e-10,977,PASS
check-m3-t2-f32-small-b0.txt,graph-eager,46704,0,0,0,PASS
check-m3-t2-f32-small-b0.txt,overflow-rollback,46704,0,0,0,PASS
check-m3-t2-f32-small-b1.txt,output,16384,2.98023224e-08,2.74166435e-08,10194,PASS
check-m3-t2-f32-small-b1.txt,gradients,118896,5.39876055e-09,5.39770525e-09,110039,PASS
check-m3-t2-f32-small-b1.txt,SGD,53360,9.31322575e-10,9.23720854e-10,940,PASS
check-m3-t2-f32-small-b1.txt,graph-eager,53360,0,0,0,PASS
check-m3-t2-f32-small-b1.txt,overflow-rollback,53360,0,0,0,PASS
check-m3-t2-f32-tail-b0.txt,output,15903,2.98023224e-07,2.63614562e-07,15180,PASS
check-m3-t2-f32-tail-b0.txt,gradients,502273,2.63098627e-08,2.62770434e-08,478364,PASS
check-m3-t2-f32-tail-b0.txt,SGD,403264,9.31322575e-10,9.23991528e-10,36515,PASS
check-m3-t2-f32-tail-b0.txt,graph-eager,403264,0,0,0,PASS
check-m3-t2-f32-tail-b0.txt,overflow-rollback,403264,0,0,0,PASS
check-m3-t2-f32-tail-b1.txt,output,15903,3.12924385e-07,2.80565155e-07,15227,PASS
check-m3-t2-f32-tail-b1.txt,gradients,559841,2.79396772e-08,2.79071575e-08,534805,PASS
check-m3-t2-f32-tail-b1.txt,SGD,460832,9.31322575e-10,9.24034013e-10,37323,PASS
check-m3-t2-f32-tail-b1.txt,graph-eager,460832,0,0,0,PASS
check-m3-t2-f32-tail-b1.txt,overflow-rollback,460832,0,0,0,PASS
check-m3-t2-f32-wide-b0.txt,output,81920,4.61935997e-07,4.03566276e-07,78535,PASS
check-m3-t2-f32-wide-b0.txt,gradients,3033098,8.52014637e-09,8.51911858e-09,2941297,PASS
check-m3-t2-f32-wide-b0.txt,SGD,935946,9.31322575e-10,9.23610762e-10,12185,PASS
check-m3-t2-f32-wide-b0.txt,graph-eager,935946,0,0,0,PASS
check-m3-t2-f32-wide-b0.txt,overflow-rollback,935946,0,0,0,PASS
check-m3-t2-f32-wide-b1.txt,output,81920,4.61935997e-07,4.03058234e-07,78508,PASS
check-m3-t2-f32-wide-b1.txt,gradients,3166730,1.38097676e-08,1.38073495e-08,3075972,PASS
check-m3-t2-f32-wide-b1.txt,SGD,1069578,9.31322575e-10,9.23988204e-10,12754,PASS
check-m3-t2-f32-wide-b1.txt,graph-eager,1069578,0,0,0,PASS
check-m3-t2-f32-wide-b1.txt,overflow-rollback,1069578,0,0,0,PASS
check-m3-t2-tf32-small-b0.txt,output,16384,4.414469e-06,4.38904446e-06,16333,PASS
check-m3-t2-tf32-small-b0.txt,gradients,112240,2.69146403e-06,2.68982136e-06,111699,PASS
check-m3-t2-tf32-small-b0.txt,SGD,46704,2.70083547e-08,2.68220128e-08,40882,PASS
check-m3-t2-tf32-small-b0.txt,graph-eager,46704,0,0,0,PASS
check-m3-t2-tf32-small-b0.txt,overflow-rollback,46704,0,0,0,PASS
check-m3-t2-tf32-small-b1.txt,output,16384,4.8559159e-06,4.80960364e-06,16339,PASS
check-m3-t2-tf32-small-b1.txt,gradients,118896,3.07415019e-06,3.07414669e-06,118359,PASS
check-m3-t2-tf32-small-b1.txt,SGD,53360,3.0733645e-08,3.07053312e-08,43737,PASS
check-m3-t2-tf32-small-b1.txt,graph-eager,53360,0,0,0,PASS
check-m3-t2-tf32-small-b1.txt,overflow-rollback,53360,0,0,0,PASS
check-m3-t2-tf32-tail-b0.txt,output,15903,6.01932406e-05,5.78017623e-05,15899,PASS
check-m3-t2-tf32-tail-b0.txt,gradients,502273,5.97274629e-06,5.97153362e-06,494247,PASS
check-m3-t2-tf32-tail-b0.txt,SGD,403264,5.96919563e-08,5.9674138e-08,384280,PASS
check-m3-t2-tf32-tail-b0.txt,graph-eager,403264,0,0,0,PASS
check-m3-t2-tf32-tail-b0.txt,overflow-rollback,403264,0,0,0,PASS
check-m3-t2-tf32-tail-b1.txt,output,15903,6.41345978e-05,6.11633174e-05,15901,PASS
check-m3-t2-tf32-tail-b1.txt,gradients,559841,5.96800237e-06,5.96699094e-06,551819,PASS
check-m3-t2-tf32-tail-b1.txt,SGD,460832,5.96919563e-08,5.96741595e-08,426714,PASS
check-m3-t2-tf32-tail-b1.txt,graph-eager,460832,0,0,0,PASS
check-m3-t2-tf32-tail-b1.txt,overflow-rollback,460832,0,0,0,PASS
check-m3-t2-tf32-wide-b0.txt,output,81920,6.71595335e-05,5.88019699e-05,81913,PASS
check-m3-t2-tf32-wide-b0.txt,gradients,3033098,4.50051448e-06,4.49954048e-06,3030362,PASS
check-m3-t2-tf32-wide-b0.txt,SGD,935946,4.51691449e-08,4.49926762e-08,680100,PASS
check-m3-t2-tf32-wide-b0.txt,graph-eager,935946,0,0,0,PASS
check-m3-t2-tf32-wide-b0.txt,overflow-rollback,935946,0,0,0,PASS
check-m3-t2-tf32-wide-b1.txt,output,81920,7.01248646e-05,6.10679082e-05,81916,PASS
check-m3-t2-tf32-wide-b1.txt,gradients,3166730,5.33173443e-06,5.33076542e-06,3163996,PASS
check-m3-t2-tf32-wide-b1.txt,SGD,1069578,5.33182174e-08,5.31983146e-08,721522,PASS
check-m3-t2-tf32-wide-b1.txt,graph-eager,1069578,0,0,0,PASS
check-m3-t2-tf32-wide-b1.txt,overflow-rollback,1069578,0,0,0,PASS
check-m4-t0-f32-small-b0.txt,output,16384,2.98023224e-08,2.93172182e-08,10123,PASS
check-m4-t0-f32-small-b0.txt,gradients,112240,6.05359674e-09,6.04898438e-09,103347,PASS
check-m4-t0-f32-small-b0.txt,SGD,46704,9.31322575e-10,9.23937096e-10,975,PASS
check-m4-t0-f32-small-b0.txt,graph-eager,46704,0,0,0,PASS
check-m4-t0-f32-small-b0.txt,overflow-rollback,46704,0,0,0,PASS
check-m4-t0-f32-small-b1.txt,output,16384,2.98023224e-08,2.74166435e-08,10194,PASS
check-m4-t0-f32-small-b1.txt,gradients,118896,5.39876055e-09,5.39770525e-09,110117,PASS
check-m4-t0-f32-small-b1.txt,SGD,53360,9.31322575e-10,9.23720854e-10,935,PASS
check-m4-t0-f32-small-b1.txt,graph-eager,53360,0,0,0,PASS
check-m4-t0-f32-small-b1.txt,overflow-rollback,53360,0,0,0,PASS
check-m4-t0-f32-tail-b0.txt,output,15903,2.98023224e-07,2.63614562e-07,15180,PASS
check-m4-t0-f32-tail-b0.txt,gradients,502273,2.78232619e-08,2.77896776e-08,491694,PASS
check-m4-t0-f32-tail-b0.txt,SGD,403264,9.31322575e-10,9.23991528e-10,38258,PASS
check-m4-t0-f32-tail-b0.txt,graph-eager,403264,0,0,0,PASS
check-m4-t0-f32-tail-b0.txt,overflow-rollback,403264,0,0,0,PASS
check-m4-t0-f32-tail-b1.txt,output,15903,3.12924385e-07,2.80565155e-07,15227,PASS
check-m4-t0-f32-tail-b1.txt,gradients,559841,2.88709998e-08,2.88349313e-08,548565,PASS
check-m4-t0-f32-tail-b1.txt,SGD,460832,9.31322575e-10,9.24034013e-10,39107,PASS
check-m4-t0-f32-tail-b1.txt,graph-eager,460832,0,0,0,PASS
check-m4-t0-f32-tail-b1.txt,overflow-rollback,460832,0,0,0,PASS
check-m4-t0-f32-wide-b0.txt,output,81920,4.61935997e-07,4.03566276e-07,78535,PASS
check-m4-t0-f32-wide-b0.txt,gradients,3033098,8.67294148e-09,8.6718102e-09,2944308,PASS
check-m4-t0-f32-wide-b0.txt,SGD,935946,9.31322575e-10,9.23610762e-10,12577,PASS
check-m4-t0-f32-wide-b0.txt,graph-eager,935946,0,0,0,PASS
check-m4-t0-f32-wide-b0.txt,overflow-rollback,935946,0,0,0,PASS
check-m4-t0-f32-wide-b1.txt,output,81920,4.61935997e-07,4.03058234e-07,78508,PASS
check-m4-t0-f32-wide-b1.txt,gradients,3166730,1.34459697e-08,1.34436153e-08,3079235,PASS
check-m4-t0-f32-wide-b1.txt,SGD,1069578,9.31322575e-10,9.23988204e-10,13189,PASS
check-m4-t0-f32-wide-b1.txt,graph-eager,1069578,0,0,0,PASS
check-m4-t0-f32-wide-b1.txt,overflow-rollback,1069578,0,0,0,PASS
check-m4-t0-tf32-small-b0.txt,output,16384,4.414469e-06,4.38904446e-06,16333,PASS
check-m4-t0-tf32-small-b0.txt,gradients,112240,2.69146403e-06,2.68982136e-06,111702,PASS
check-m4-t0-tf32-small-b0.txt,SGD,46704,2.70083547e-08,2.68220128e-08,41684,PASS
check-m4-t0-tf32-small-b0.txt,graph-eager,46704,0,0,0,PASS
check-m4-t0-tf32-small-b0.txt,overflow-rollback,46704,0,0,0,PASS
check-m4-t0-tf32-small-b1.txt,output,16384,4.8559159e-06,4.80960364e-06,16339,PASS
check-m4-t0-tf32-small-b1.txt,gradients,118896,3.07415019e-06,3.07414669e-06,118362,PASS
check-m4-t0-tf32-small-b1.txt,SGD,53360,3.0733645e-08,3.07053312e-08,45812,PASS
check-m4-t0-tf32-small-b1.txt,graph-eager,53360,0,0,0,PASS
check-m4-t0-tf32-small-b1.txt,overflow-rollback,53360,0,0,0,PASS
check-m4-t0-tf32-tail-b0.txt,output,15903,6.01932406e-05,5.78017623e-05,15899,PASS
check-m4-t0-tf32-tail-b0.txt,gradients,502273,5.97260077e-06,5.97138813e-06,501968,PASS
check-m4-t0-tf32-tail-b0.txt,SGD,403264,5.96919563e-08,5.9674138e-08,387670,PASS
check-m4-t0-tf32-tail-b0.txt,graph-eager,403264,0,0,0,PASS
check-m4-t0-tf32-tail-b0.txt,overflow-rollback,403264,0,0,0,PASS
check-m4-t0-tf32-tail-b1.txt,output,15903,6.41345978e-05,6.11633174e-05,15901,PASS
check-m4-t0-tf32-tail-b1.txt,gradients,559841,5.96829341e-06,5.96728193e-06,559536,PASS
check-m4-t0-tf32-tail-b1.txt,SGD,460832,5.96919563e-08,5.96741595e-08,430771,PASS
check-m4-t0-tf32-tail-b1.txt,graph-eager,460832,0,0,0,PASS
check-m4-t0-tf32-tail-b1.txt,overflow-rollback,460832,0,0,0,PASS
check-m4-t0-tf32-wide-b0.txt,output,81920,6.71595335e-05,5.88019699e-05,81913,PASS
check-m4-t0-tf32-wide-b0.txt,gradients,3033098,8.87131318e-06,8.86873168e-06,3032961,PASS
check-m4-t0-tf32-wide-b0.txt,SGD,935946,8.87084752e-08,8.83788948e-08,693846,PASS
check-m4-t0-tf32-wide-b0.txt,graph-eager,935946,0,0,0,PASS
check-m4-t0-tf32-wide-b0.txt,overflow-rollback,935946,0,0,0,PASS
check-m4-t0-tf32-wide-b1.txt,output,81920,7.01248646e-05,6.10679082e-05,81916,PASS
check-m4-t0-tf32-wide-b1.txt,gradients,3166730,8.70204531e-06,8.69956044e-06,3166589,PASS
check-m4-t0-tf32-wide-b1.txt,SGD,1069578,8.70786607e-08,8.67419917e-08,729462,PASS
check-m4-t0-tf32-wide-b1.txt,graph-eager,1069578,0,0,0,PASS
check-m4-t0-tf32-wide-b1.txt,overflow-rollback,1069578,0,0,0,PASS
check-m4-t1-f32-small-b0.txt,output,16384,2.98023224e-08,2.93172182e-08,10123,PASS
check-m4-t1-f32-small-b0.txt,gradients,112240,6.05359674e-09,6.04898438e-09,103347,PASS
check-m4-t1-f32-small-b0.txt,SGD,46704,9.31322575e-10,9.23937096e-10,975,PASS
check-m4-t1-f32-small-b0.txt,graph-eager,46704,0,0,0,PASS
check-m4-t1-f32-small-b0.txt,overflow-rollback,46704,0,0,0,PASS
check-m4-t1-f32-small-b1.txt,output,16384,2.98023224e-08,2.74166435e-08,10194,PASS
check-m4-t1-f32-small-b1.txt,gradients,118896,5.39876055e-09,5.39770525e-09,110117,PASS
check-m4-t1-f32-small-b1.txt,SGD,53360,9.31322575e-10,9.23720854e-10,935,PASS
check-m4-t1-f32-small-b1.txt,graph-eager,53360,0,0,0,PASS
check-m4-t1-f32-small-b1.txt,overflow-rollback,53360,0,0,0,PASS
check-m4-t1-f32-tail-b0.txt,output,15903,2.98023224e-07,2.63614562e-07,15180,PASS
check-m4-t1-f32-tail-b0.txt,gradients,502273,2.78232619e-08,2.77896776e-08,491694,PASS
check-m4-t1-f32-tail-b0.txt,SGD,403264,9.31322575e-10,9.23991528e-10,38258,PASS
check-m4-t1-f32-tail-b0.txt,graph-eager,403264,0,0,0,PASS
check-m4-t1-f32-tail-b0.txt,overflow-rollback,403264,0,0,0,PASS
check-m4-t1-f32-tail-b1.txt,output,15903,3.12924385e-07,2.80565155e-07,15227,PASS
check-m4-t1-f32-tail-b1.txt,gradients,559841,2.88709998e-08,2.88349313e-08,548565,PASS
check-m4-t1-f32-tail-b1.txt,SGD,460832,9.31322575e-10,9.24034013e-10,39107,PASS
check-m4-t1-f32-tail-b1.txt,graph-eager,460832,0,0,0,PASS
check-m4-t1-f32-tail-b1.txt,overflow-rollback,460832,0,0,0,PASS
check-m4-t1-f32-wide-b0.txt,output,81920,4.61935997e-07,4.03566276e-07,78535,PASS
check-m4-t1-f32-wide-b0.txt,gradients,3033098,8.67294148e-09,8.6718102e-09,2944308,PASS
check-m4-t1-f32-wide-b0.txt,SGD,935946,9.31322575e-10,9.23610762e-10,12577,PASS
check-m4-t1-f32-wide-b0.txt,graph-eager,935946,0,0,0,PASS
check-m4-t1-f32-wide-b0.txt,overflow-rollback,935946,0,0,0,PASS
check-m4-t1-f32-wide-b1.txt,output,81920,4.61935997e-07,4.03058234e-07,78508,PASS
check-m4-t1-f32-wide-b1.txt,gradients,3166730,1.34459697e-08,1.34436153e-08,3079235,PASS
check-m4-t1-f32-wide-b1.txt,SGD,1069578,9.31322575e-10,9.23988204e-10,13189,PASS
check-m4-t1-f32-wide-b1.txt,graph-eager,1069578,0,0,0,PASS
check-m4-t1-f32-wide-b1.txt,overflow-rollback,1069578,0,0,0,PASS
check-m4-t1-tf32-small-b0.txt,output,16384,4.414469e-06,4.38904446e-06,16333,PASS
check-m4-t1-tf32-small-b0.txt,gradients,112240,2.69146403e-06,2.68982136e-06,111702,PASS
check-m4-t1-tf32-small-b0.txt,SGD,46704,2.70083547e-08,2.68220128e-08,41684,PASS
check-m4-t1-tf32-small-b0.txt,graph-eager,46704,0,0,0,PASS
check-m4-t1-tf32-small-b0.txt,overflow-rollback,46704,0,0,0,PASS
check-m4-t1-tf32-small-b1.txt,output,16384,4.8559159e-06,4.80960364e-06,16339,PASS
check-m4-t1-tf32-small-b1.txt,gradients,118896,3.07415019e-06,3.07414669e-06,118362,PASS
check-m4-t1-tf32-small-b1.txt,SGD,53360,3.0733645e-08,3.07053312e-08,45812,PASS
check-m4-t1-tf32-small-b1.txt,graph-eager,53360,0,0,0,PASS
check-m4-t1-tf32-small-b1.txt,overflow-rollback,53360,0,0,0,PASS
check-m4-t1-tf32-tail-b0.txt,output,15903,6.01932406e-05,5.78017623e-05,15899,PASS
check-m4-t1-tf32-tail-b0.txt,gradients,502273,5.97260077e-06,5.97138813e-06,501968,PASS
check-m4-t1-tf32-tail-b0.txt,SGD,403264,5.96919563e-08,5.9674138e-08,387670,PASS
check-m4-t1-tf32-tail-b0.txt,graph-eager,403264,0,0,0,PASS
check-m4-t1-tf32-tail-b0.txt,overflow-rollback,403264,0,0,0,PASS
check-m4-t1-tf32-tail-b1.txt,output,15903,6.41345978e-05,6.11633174e-05,15901,PASS
check-m4-t1-tf32-tail-b1.txt,gradients,559841,5.96829341e-06,5.96728193e-06,559536,PASS
check-m4-t1-tf32-tail-b1.txt,SGD,460832,5.96919563e-08,5.96741595e-08,430771,PASS
check-m4-t1-tf32-tail-b1.txt,graph-eager,460832,0,0,0,PASS
check-m4-t1-tf32-tail-b1.txt,overflow-rollback,460832,0,0,0,PASS
check-m4-t1-tf32-wide-b0.txt,output,81920,6.71595335e-05,5.88019699e-05,81913,PASS
check-m4-t1-tf32-wide-b0.txt,gradients,3033098,8.87131318e-06,8.86873168e-06,3032961,PASS
check-m4-t1-tf32-wide-b0.txt,SGD,935946,8.87084752e-08,8.83788948e-08,693846,PASS
check-m4-t1-tf32-wide-b0.txt,graph-eager,935946,0,0,0,PASS
check-m4-t1-tf32-wide-b0.txt,overflow-rollback,935946,0,0,0,PASS
check-m4-t1-tf32-wide-b1.txt,output,81920,7.01248646e-05,6.10679082e-05,81916,PASS
check-m4-t1-tf32-wide-b1.txt,gradients,3166730,8.70204531e-06,8.69956044e-06,3166589,PASS
check-m4-t1-tf32-wide-b1.txt,SGD,1069578,8.70786607e-08,8.67419917e-08,729462,PASS
check-m4-t1-tf32-wide-b1.txt,graph-eager,1069578,0,0,0,PASS
check-m4-t1-tf32-wide-b1.txt,overflow-rollback,1069578,0,0,0,PASS
check-m4-t2-f32-small-b0.txt,output,16384,2.98023224e-08,2.93172182e-08,10123,PASS
check-m4-t2-f32-small-b0.txt,gradients,112240,6.05359674e-09,6.04898438e-09,103347,PASS
check-m4-t2-f32-small-b0.txt,SGD,46704,9.31322575e-10,9.23937096e-10,975,PASS
check-m4-t2-f32-small-b0.txt,graph-eager,46704,0,0,0,PASS
check-m4-t2-f32-small-b0.txt,overflow-rollback,46704,0,0,0,PASS
check-m4-t2-f32-small-b1.txt,output,16384,2.98023224e-08,2.74166435e-08,10194,PASS
check-m4-t2-f32-small-b1.txt,gradients,118896,5.39876055e-09,5.39770525e-09,110117,PASS
check-m4-t2-f32-small-b1.txt,SGD,53360,9.31322575e-10,9.23720854e-10,935,PASS
check-m4-t2-f32-small-b1.txt,graph-eager,53360,0,0,0,PASS
check-m4-t2-f32-small-b1.txt,overflow-rollback,53360,0,0,0,PASS
check-m4-t2-f32-tail-b0.txt,output,15903,2.98023224e-07,2.63614562e-07,15180,PASS
check-m4-t2-f32-tail-b0.txt,gradients,502273,2.78232619e-08,2.77896776e-08,491694,PASS
check-m4-t2-f32-tail-b0.txt,SGD,403264,9.31322575e-10,9.23991528e-10,38258,PASS
check-m4-t2-f32-tail-b0.txt,graph-eager,403264,0,0,0,PASS
check-m4-t2-f32-tail-b0.txt,overflow-rollback,403264,0,0,0,PASS
check-m4-t2-f32-tail-b1.txt,output,15903,3.12924385e-07,2.80565155e-07,15227,PASS
check-m4-t2-f32-tail-b1.txt,gradients,559841,2.88709998e-08,2.88349313e-08,548565,PASS
check-m4-t2-f32-tail-b1.txt,SGD,460832,9.31322575e-10,9.24034013e-10,39107,PASS
check-m4-t2-f32-tail-b1.txt,graph-eager,460832,0,0,0,PASS
check-m4-t2-f32-tail-b1.txt,overflow-rollback,460832,0,0,0,PASS
check-m4-t2-f32-wide-b0.txt,output,81920,4.61935997e-07,4.03566276e-07,78535,PASS
check-m4-t2-f32-wide-b0.txt,gradients,3033098,8.67294148e-09,8.6718102e-09,2944308,PASS
check-m4-t2-f32-wide-b0.txt,SGD,935946,9.31322575e-10,9.23610762e-10,12577,PASS
check-m4-t2-f32-wide-b0.txt,graph-eager,935946,0,0,0,PASS
check-m4-t2-f32-wide-b0.txt,overflow-rollback,935946,0,0,0,PASS
check-m4-t2-f32-wide-b1.txt,output,81920,4.61935997e-07,4.03058234e-07,78508,PASS
check-m4-t2-f32-wide-b1.txt,gradients,3166730,1.34459697e-08,1.34436153e-08,3079235,PASS
check-m4-t2-f32-wide-b1.txt,SGD,1069578,9.31322575e-10,9.23988204e-10,13189,PASS
check-m4-t2-f32-wide-b1.txt,graph-eager,1069578,0,0,0,PASS
check-m4-t2-f32-wide-b1.txt,overflow-rollback,1069578,0,0,0,PASS
check-m4-t2-tf32-small-b0.txt,output,16384,4.414469e-06,4.38904446e-06,16333,PASS
check-m4-t2-tf32-small-b0.txt,gradients,112240,2.69146403e-06,2.68982136e-06,111702,PASS
check-m4-t2-tf32-small-b0.txt,SGD,46704,2.70083547e-08,2.68220128e-08,41684,PASS
check-m4-t2-tf32-small-b0.txt,graph-eager,46704,0,0,0,PASS
check-m4-t2-tf32-small-b0.txt,overflow-rollback,46704,0,0,0,PASS
check-m4-t2-tf32-small-b1.txt,output,16384,4.8559159e-06,4.80960364e-06,16339,PASS
check-m4-t2-tf32-small-b1.txt,gradients,118896,3.07415019e-06,3.07414669e-06,118362,PASS
check-m4-t2-tf32-small-b1.txt,SGD,53360,3.0733645e-08,3.07053312e-08,45812,PASS
check-m4-t2-tf32-small-b1.txt,graph-eager,53360,0,0,0,PASS
check-m4-t2-tf32-small-b1.txt,overflow-rollback,53360,0,0,0,PASS
check-m4-t2-tf32-tail-b0.txt,output,15903,6.01932406e-05,5.78017623e-05,15899,PASS
check-m4-t2-tf32-tail-b0.txt,gradients,502273,5.97260077e-06,5.97138813e-06,501968,PASS
check-m4-t2-tf32-tail-b0.txt,SGD,403264,5.96919563e-08,5.9674138e-08,387670,PASS
check-m4-t2-tf32-tail-b0.txt,graph-eager,403264,0,0,0,PASS
check-m4-t2-tf32-tail-b0.txt,overflow-rollback,403264,0,0,0,PASS
check-m4-t2-tf32-tail-b1.txt,output,15903,6.41345978e-05,6.11633174e-05,15901,PASS
check-m4-t2-tf32-tail-b1.txt,gradients,559841,5.96829341e-06,5.96728193e-06,559536,PASS
check-m4-t2-tf32-tail-b1.txt,SGD,460832,5.96919563e-08,5.96741595e-08,430771,PASS
check-m4-t2-tf32-tail-b1.txt,graph-eager,460832,0,0,0,PASS
check-m4-t2-tf32-tail-b1.txt,overflow-rollback,460832,0,0,0,PASS
check-m4-t2-tf32-wide-b0.txt,output,81920,6.71595335e-05,5.88019699e-05,81913,PASS
check-m4-t2-tf32-wide-b0.txt,gradients,3033098,8.87131318e-06,8.86873168e-06,3032961,PASS
check-m4-t2-tf32-wide-b0.txt,SGD,935946,8.87084752e-08,8.83788948e-08,693846,PASS
check-m4-t2-tf32-wide-b0.txt,graph-eager,935946,0,0,0,PASS
check-m4-t2-tf32-wide-b0.txt,overflow-rollback,935946,0,0,0,PASS
check-m4-t2-tf32-wide-b1.txt,output,81920,7.01248646e-05,6.10679082e-05,81916,PASS
check-m4-t2-tf32-wide-b1.txt,gradients,3166730,8.70204531e-06,8.69956044e-06,3166589,PASS
check-m4-t2-tf32-wide-b1.txt,SGD,1069578,8.70786607e-08,8.67419917e-08,729462,PASS
check-m4-t2-tf32-wide-b1.txt,graph-eager,1069578,0,0,0,PASS
check-m4-t2-tf32-wide-b1.txt,overflow-rollback,1069578,0,0,0,PASS
check-m5-t0-f32-small-b0.txt,output,16384,0,0,0,PASS
check-m5-t0-f32-small-b0.txt,gradients,112240,0,0,0,PASS
check-m5-t0-f32-small-b0.txt,SGD,46704,0,0,0,PASS
check-m5-t0-f32-small-b0.txt,graph-eager,46704,0,0,0,PASS
check-m5-t0-f32-small-b0.txt,overflow-rollback,46704,0,0,0,PASS
check-m5-t0-f32-small-b1.txt,output,16384,0,0,0,PASS
check-m5-t0-f32-small-b1.txt,gradients,118896,0,0,0,PASS
check-m5-t0-f32-small-b1.txt,SGD,53360,0,0,0,PASS
check-m5-t0-f32-small-b1.txt,graph-eager,53360,0,0,0,PASS
check-m5-t0-f32-small-b1.txt,overflow-rollback,53360,0,0,0,PASS
check-m5-t0-f32-tail-b0.txt,output,15903,0,0,0,PASS
check-m5-t0-f32-tail-b0.txt,gradients,502273,0,0,0,PASS
check-m5-t0-f32-tail-b0.txt,SGD,403264,0,0,0,PASS
check-m5-t0-f32-tail-b0.txt,graph-eager,403264,0,0,0,PASS
check-m5-t0-f32-tail-b0.txt,overflow-rollback,403264,0,0,0,PASS
check-m5-t0-f32-tail-b1.txt,output,15903,0,0,0,PASS
check-m5-t0-f32-tail-b1.txt,gradients,559841,2.91038305e-11,2.90966569e-11,37106,PASS
check-m5-t0-f32-tail-b1.txt,SGD,460832,0,0,0,PASS
check-m5-t0-f32-tail-b1.txt,graph-eager,460832,0,0,0,PASS
check-m5-t0-f32-tail-b1.txt,overflow-rollback,460832,0,0,0,PASS
check-m5-t0-f32-wide-b0.txt,output,81920,0,0,0,PASS
check-m5-t0-f32-wide-b0.txt,gradients,3033098,0,0,0,PASS
check-m5-t0-f32-wide-b0.txt,SGD,935946,0,0,0,PASS
check-m5-t0-f32-wide-b0.txt,graph-eager,935946,0,0,0,PASS
check-m5-t0-f32-wide-b0.txt,overflow-rollback,935946,0,0,0,PASS
check-m5-t0-f32-wide-b1.txt,output,81920,0,0,0,PASS
check-m5-t0-f32-wide-b1.txt,gradients,3166730,0,0,0,PASS
check-m5-t0-f32-wide-b1.txt,SGD,1069578,0,0,0,PASS
check-m5-t0-f32-wide-b1.txt,graph-eager,1069578,0,0,0,PASS
check-m5-t0-f32-wide-b1.txt,overflow-rollback,1069578,0,0,0,PASS
check-m5-t0-tf32-small-b0.txt,output,16384,0,0,0,PASS
check-m5-t0-tf32-small-b0.txt,gradients,112240,0,0,0,PASS
check-m5-t0-tf32-small-b0.txt,SGD,46704,0,0,0,PASS
check-m5-t0-tf32-small-b0.txt,graph-eager,46704,0,0,0,PASS
check-m5-t0-tf32-small-b0.txt,overflow-rollback,46704,0,0,0,PASS
check-m5-t0-tf32-small-b1.txt,output,16384,0,0,0,PASS
check-m5-t0-tf32-small-b1.txt,gradients,118896,0,0,0,PASS
check-m5-t0-tf32-small-b1.txt,SGD,53360,0,0,0,PASS
check-m5-t0-tf32-small-b1.txt,graph-eager,53360,0,0,0,PASS
check-m5-t0-tf32-small-b1.txt,overflow-rollback,53360,0,0,0,PASS
check-m5-t0-tf32-tail-b0.txt,output,15903,0,0,0,PASS
check-m5-t0-tf32-tail-b0.txt,gradients,502273,0,0,0,PASS
check-m5-t0-tf32-tail-b0.txt,SGD,403264,0,0,0,PASS
check-m5-t0-tf32-tail-b0.txt,graph-eager,403264,0,0,0,PASS
check-m5-t0-tf32-tail-b0.txt,overflow-rollback,403264,0,0,0,PASS
check-m5-t0-tf32-tail-b1.txt,output,15903,0,0,0,PASS
check-m5-t0-tf32-tail-b1.txt,gradients,559841,1.00008037e-08,1.00004096e-08,98747,PASS
check-m5-t0-tf32-tail-b1.txt,SGD,460832,0,0,0,PASS
check-m5-t0-tf32-tail-b1.txt,graph-eager,460832,0,0,0,PASS
check-m5-t0-tf32-tail-b1.txt,overflow-rollback,460832,0,0,0,PASS
check-m5-t0-tf32-wide-b0.txt,output,81920,0,0,0,PASS
check-m5-t0-tf32-wide-b0.txt,gradients,3033098,0,0,0,PASS
check-m5-t0-tf32-wide-b0.txt,SGD,935946,0,0,0,PASS
check-m5-t0-tf32-wide-b0.txt,graph-eager,935946,0,0,0,PASS
check-m5-t0-tf32-wide-b0.txt,overflow-rollback,935946,0,0,0,PASS
check-m5-t0-tf32-wide-b1.txt,output,81920,0,0,0,PASS
check-m5-t0-tf32-wide-b1.txt,gradients,3166730,5.04933269e-08,5.04933043e-08,2621282,PASS
check-m5-t0-tf32-wide-b1.txt,SGD,1069578,3.7252903e-09,3.61224568e-09,224130,PASS
check-m5-t0-tf32-wide-b1.txt,graph-eager,1069578,0,0,0,PASS
check-m5-t0-tf32-wide-b1.txt,overflow-rollback,1069578,0,0,0,PASS
check-m5-t1-f32-small-b0.txt,output,16384,0,0,0,PASS
check-m5-t1-f32-small-b0.txt,gradients,112240,0,0,0,PASS
check-m5-t1-f32-small-b0.txt,SGD,46704,0,0,0,PASS
check-m5-t1-f32-small-b0.txt,graph-eager,46704,0,0,0,PASS
check-m5-t1-f32-small-b0.txt,overflow-rollback,46704,0,0,0,PASS
check-m5-t1-f32-small-b1.txt,output,16384,0,0,0,PASS
check-m5-t1-f32-small-b1.txt,gradients,118896,0,0,0,PASS
check-m5-t1-f32-small-b1.txt,SGD,53360,0,0,0,PASS
check-m5-t1-f32-small-b1.txt,graph-eager,53360,0,0,0,PASS
check-m5-t1-f32-small-b1.txt,overflow-rollback,53360,0,0,0,PASS
check-m5-t1-f32-tail-b0.txt,output,15903,0,0,0,PASS
check-m5-t1-f32-tail-b0.txt,gradients,502273,0,0,0,PASS
check-m5-t1-f32-tail-b0.txt,SGD,403264,0,0,0,PASS
check-m5-t1-f32-tail-b0.txt,graph-eager,403264,0,0,0,PASS
check-m5-t1-f32-tail-b0.txt,overflow-rollback,403264,0,0,0,PASS
check-m5-t1-f32-tail-b1.txt,output,15903,0,0,0,PASS
check-m5-t1-f32-tail-b1.txt,gradients,559841,2.91038305e-11,2.90966569e-11,37106,PASS
check-m5-t1-f32-tail-b1.txt,SGD,460832,0,0,0,PASS
check-m5-t1-f32-tail-b1.txt,graph-eager,460832,0,0,0,PASS
check-m5-t1-f32-tail-b1.txt,overflow-rollback,460832,0,0,0,PASS
check-m5-t1-f32-wide-b0.txt,output,81920,0,0,0,PASS
check-m5-t1-f32-wide-b0.txt,gradients,3033098,0,0,0,PASS
check-m5-t1-f32-wide-b0.txt,SGD,935946,0,0,0,PASS
check-m5-t1-f32-wide-b0.txt,graph-eager,935946,0,0,0,PASS
check-m5-t1-f32-wide-b0.txt,overflow-rollback,935946,0,0,0,PASS
check-m5-t1-f32-wide-b1.txt,output,81920,0,0,0,PASS
check-m5-t1-f32-wide-b1.txt,gradients,3166730,0,0,0,PASS
check-m5-t1-f32-wide-b1.txt,SGD,1069578,0,0,0,PASS
check-m5-t1-f32-wide-b1.txt,graph-eager,1069578,0,0,0,PASS
check-m5-t1-f32-wide-b1.txt,overflow-rollback,1069578,0,0,0,PASS
check-m5-t1-tf32-small-b0.txt,output,16384,0,0,0,PASS
check-m5-t1-tf32-small-b0.txt,gradients,112240,0,0,0,PASS
check-m5-t1-tf32-small-b0.txt,SGD,46704,0,0,0,PASS
check-m5-t1-tf32-small-b0.txt,graph-eager,46704,0,0,0,PASS
check-m5-t1-tf32-small-b0.txt,overflow-rollback,46704,0,0,0,PASS
check-m5-t1-tf32-small-b1.txt,output,16384,0,0,0,PASS
check-m5-t1-tf32-small-b1.txt,gradients,118896,0,0,0,PASS
check-m5-t1-tf32-small-b1.txt,SGD,53360,0,0,0,PASS
check-m5-t1-tf32-small-b1.txt,graph-eager,53360,0,0,0,PASS
check-m5-t1-tf32-small-b1.txt,overflow-rollback,53360,0,0,0,PASS
check-m5-t1-tf32-tail-b0.txt,output,15903,0,0,0,PASS
check-m5-t1-tf32-tail-b0.txt,gradients,502273,0,0,0,PASS
check-m5-t1-tf32-tail-b0.txt,SGD,403264,0,0,0,PASS
check-m5-t1-tf32-tail-b0.txt,graph-eager,403264,0,0,0,PASS
check-m5-t1-tf32-tail-b0.txt,overflow-rollback,403264,0,0,0,PASS
check-m5-t1-tf32-tail-b1.txt,output,15903,0,0,0,PASS
check-m5-t1-tf32-tail-b1.txt,gradients,559841,1.00008037e-08,1.00004096e-08,98747,PASS
check-m5-t1-tf32-tail-b1.txt,SGD,460832,0,0,0,PASS
check-m5-t1-tf32-tail-b1.txt,graph-eager,460832,0,0,0,PASS
check-m5-t1-tf32-tail-b1.txt,overflow-rollback,460832,0,0,0,PASS
check-m5-t1-tf32-wide-b0.txt,output,81920,0,0,0,PASS
check-m5-t1-tf32-wide-b0.txt,gradients,3033098,0,0,0,PASS
check-m5-t1-tf32-wide-b0.txt,SGD,935946,0,0,0,PASS
check-m5-t1-tf32-wide-b0.txt,graph-eager,935946,0,0,0,PASS
check-m5-t1-tf32-wide-b0.txt,overflow-rollback,935946,0,0,0,PASS
check-m5-t1-tf32-wide-b1.txt,output,81920,0,0,0,PASS
check-m5-t1-tf32-wide-b1.txt,gradients,3166730,5.04933269e-08,5.04933043e-08,2621282,PASS
check-m5-t1-tf32-wide-b1.txt,SGD,1069578,3.7252903e-09,3.61224568e-09,224130,PASS
check-m5-t1-tf32-wide-b1.txt,graph-eager,1069578,0,0,0,PASS
check-m5-t1-tf32-wide-b1.txt,overflow-rollback,1069578,0,0,0,PASS
check-m5-t2-f32-small-b0.txt,output,16384,0,0,0,PASS
check-m5-t2-f32-small-b0.txt,gradients,112240,0,0,0,PASS
check-m5-t2-f32-small-b0.txt,SGD,46704,0,0,0,PASS
check-m5-t2-f32-small-b0.txt,graph-eager,46704,0,0,0,PASS
check-m5-t2-f32-small-b0.txt,overflow-rollback,46704,0,0,0,PASS
check-m5-t2-f32-small-b1.txt,output,16384,0,0,0,PASS
check-m5-t2-f32-small-b1.txt,gradients,118896,0,0,0,PASS
check-m5-t2-f32-small-b1.txt,SGD,53360,0,0,0,PASS
check-m5-t2-f32-small-b1.txt,graph-eager,53360,0,0,0,PASS
check-m5-t2-f32-small-b1.txt,overflow-rollback,53360,0,0,0,PASS
check-m5-t2-f32-tail-b0.txt,output,15903,0,0,0,PASS
check-m5-t2-f32-tail-b0.txt,gradients,502273,0,0,0,PASS
check-m5-t2-f32-tail-b0.txt,SGD,403264,0,0,0,PASS
check-m5-t2-f32-tail-b0.txt,graph-eager,403264,0,0,0,PASS
check-m5-t2-f32-tail-b0.txt,overflow-rollback,403264,0,0,0,PASS
check-m5-t2-f32-tail-b1.txt,output,15903,0,0,0,PASS
check-m5-t2-f32-tail-b1.txt,gradients,559841,2.91038305e-11,2.90966569e-11,37106,PASS
check-m5-t2-f32-tail-b1.txt,SGD,460832,0,0,0,PASS
check-m5-t2-f32-tail-b1.txt,graph-eager,460832,0,0,0,PASS
check-m5-t2-f32-tail-b1.txt,overflow-rollback,460832,0,0,0,PASS
check-m5-t2-f32-wide-b0.txt,output,81920,0,0,0,PASS
check-m5-t2-f32-wide-b0.txt,gradients,3033098,0,0,0,PASS
check-m5-t2-f32-wide-b0.txt,SGD,935946,0,0,0,PASS
check-m5-t2-f32-wide-b0.txt,graph-eager,935946,0,0,0,PASS
check-m5-t2-f32-wide-b0.txt,overflow-rollback,935946,0,0,0,PASS
check-m5-t2-f32-wide-b1.txt,output,81920,0,0,0,PASS
check-m5-t2-f32-wide-b1.txt,gradients,3166730,0,0,0,PASS
check-m5-t2-f32-wide-b1.txt,SGD,1069578,0,0,0,PASS
check-m5-t2-f32-wide-b1.txt,graph-eager,1069578,0,0,0,PASS
check-m5-t2-f32-wide-b1.txt,overflow-rollback,1069578,0,0,0,PASS
check-m5-t2-tf32-small-b0.txt,output,16384,0,0,0,PASS
check-m5-t2-tf32-small-b0.txt,gradients,112240,0,0,0,PASS
check-m5-t2-tf32-small-b0.txt,SGD,46704,0,0,0,PASS
check-m5-t2-tf32-small-b0.txt,graph-eager,46704,0,0,0,PASS
check-m5-t2-tf32-small-b0.txt,overflow-rollback,46704,0,0,0,PASS
check-m5-t2-tf32-small-b1.txt,output,16384,0,0,0,PASS
check-m5-t2-tf32-small-b1.txt,gradients,118896,0,0,0,PASS
check-m5-t2-tf32-small-b1.txt,SGD,53360,0,0,0,PASS
check-m5-t2-tf32-small-b1.txt,graph-eager,53360,0,0,0,PASS
check-m5-t2-tf32-small-b1.txt,overflow-rollback,53360,0,0,0,PASS
check-m5-t2-tf32-tail-b0.txt,output,15903,0,0,0,PASS
check-m5-t2-tf32-tail-b0.txt,gradients,502273,0,0,0,PASS
check-m5-t2-tf32-tail-b0.txt,SGD,403264,0,0,0,PASS
check-m5-t2-tf32-tail-b0.txt,graph-eager,403264,0,0,0,PASS
check-m5-t2-tf32-tail-b0.txt,overflow-rollback,403264,0,0,0,PASS
check-m5-t2-tf32-tail-b1.txt,output,15903,0,0,0,PASS
check-m5-t2-tf32-tail-b1.txt,gradients,559841,1.00008037e-08,1.00004096e-08,98747,PASS
check-m5-t2-tf32-tail-b1.txt,SGD,460832,0,0,0,PASS
check-m5-t2-tf32-tail-b1.txt,graph-eager,460832,0,0,0,PASS
check-m5-t2-tf32-tail-b1.txt,overflow-rollback,460832,0,0,0,PASS
check-m5-t2-tf32-wide-b0.txt,output,81920,0,0,0,PASS
check-m5-t2-tf32-wide-b0.txt,gradients,3033098,0,0,0,PASS
check-m5-t2-tf32-wide-b0.txt,SGD,935946,0,0,0,PASS
check-m5-t2-tf32-wide-b0.txt,graph-eager,935946,0,0,0,PASS
check-m5-t2-tf32-wide-b0.txt,overflow-rollback,935946,0,0,0,PASS
check-m5-t2-tf32-wide-b1.txt,output,81920,0,0,0,PASS
check-m5-t2-tf32-wide-b1.txt,gradients,3166730,5.04933269e-08,5.04933043e-08,2621282,PASS
check-m5-t2-tf32-wide-b1.txt,SGD,1069578,3.7252903e-09,3.61224568e-09,224130,PASS
check-m5-t2-tf32-wide-b1.txt,graph-eager,1069578,0,0,0,PASS
check-m5-t2-tf32-wide-b1.txt,overflow-rollback,1069578,0,0,0,PASS
