timestamp, utilization.gpu [%], temperature.gpu, memory.used [MiB], power.draw [W], clocks.current.sm [MHz], clocks.current.memory [MHz]
2026/10/10 13:53:45.608, 49 %, 56, 2257 MiB, 180.04 W, 1965 MHz, 9751 MHz
2026/10/10 13:54:15.611, 39 %, 56, 2257 MiB, 183.52 W, 1965 MHz, 9501 MHz
2026/10/10 13:54:45.617, 1 %, 56, 2257 MiB, 194.40 W, 1965 MHz, 9501 MHz
2026/10/10 13:55:15.631, 54 %, 58, 2257 MiB, 183.41 W, 1950 MHz, 9501 MHz
2026/10/10 13:55:45.643, 7 %, 58, 2257 MiB, 191.58 W, 1950 MHz, 9751 MHz
2026/10/10 13:56:15.647, 10 %, 58, 1981 MiB, 191.78 W, 1950 MHz, 9751 MHz
2026/10/10 13:56:45.654, 43 %, 59, 2297 MiB, 248.84 W, 1950 MHz, 9501 MHz
2026/10/10 13:57:15.662, 88 %, 61, 2297 MiB, 231.52 W, 1950 MHz, 9501 MHz
2026/10/10 13:57:45.672, 73 %, 60, 2265 MiB, 207.99 W, 1950 MHz, 9501 MHz
2026/10/10 13:58:15.679, 0 %, 59, 2297 MiB, 209.33 W, 1950 MHz, 9501 MHz
2026/10/10 13:58:45.682, 68 %, 60, 1981 MiB, 222.27 W, 1950 MHz, 9751 MHz
2026/10/10 13:59:15.684, 11 %, 59, 2265 MiB, 221.82 W, 1950 MHz, 9501 MHz
2026/10/10 13:59:45.688, 83 %, 62, 2297 MiB, 241.46 W, 1950 MHz, 9501 MHz
2026/10/10 14:00:15.693, 64 %, 60, 2265 MiB, 201.21 W, 1950 MHz, 9501 MHz
2026/10/10 14:00:45.703, 30 %, 59, 2265 MiB, 195.30 W, 1950 MHz, 9501 MHz
2026/10/10 14:01:15.706, 2 %, 59, 2297 MiB, 199.16 W, 1950 MHz, 9501 MHz
2026/10/10 14:01:45.718, 56 %, 60, 2297 MiB, 204.72 W, 1950 MHz, 9501 MHz
2026/10/10 14:02:15.728, 1 %, 60, 2257 MiB, 230.30 W, 1950 MHz, 9501 MHz
2026/10/10 14:02:45.735, 57 %, 61, 1981 MiB, 215.93 W, 1950 MHz, 9751 MHz
2026/10/10 14:03:15.738, 27 %, 61, 2257 MiB, 207.60 W, 1950 MHz, 9501 MHz
2026/10/10 14:03:55.032, 0 %, 61, 2257 MiB, 211.49 W, 1950 MHz, 9751 MHz
2026/10/10 14:04:25.093, 21 %, 60, 2001 MiB, 231.18 W, 1950 MHz, 9501 MHz
2026/10/10 14:04:55.149, 57 %, 61, 2257 MiB, 203.27 W, 1950 MHz, 9501 MHz
2026/10/10 14:05:25.199, 21 %, 60, 2257 MiB, 208.32 W, 1950 MHz, 9501 MHz
2026/10/10 14:05:55.249, 25 %, 62, 2273 MiB, 209.73 W, 1935 MHz, 9501 MHz
2026/10/10 14:06:25.293, 92 %, 63, 1981 MiB, 242.34 W, 1950 MHz, 9501 MHz
2026/10/10 14:06:55.343, 98 %, 61, 1991 MiB, 200.06 W, 1950 MHz, 9501 MHz
2026/10/10 14:07:25.390, 54 %, 61, 1981 MiB, 211.70 W, 1950 MHz, 9501 MHz
2026/10/10 14:07:55.443, 94 %, 60, 1981 MiB, 195.91 W, 1950 MHz, 9501 MHz
2026/10/10 14:08:25.493, 0 %, 60, 2273 MiB, 208.83 W, 1950 MHz, 9751 MHz
2026/10/10 14:08:55.576, 3 %, 60, 2309 MiB, 208.53 W, 1950 MHz, 9751 MHz
2026/10/10 14:09:25.644, 15 %, 59, 1993 MiB, 187.34 W, 1950 MHz, 9501 MHz
2026/10/10 14:09:55.689, 5 %, 58, 1981 MiB, 206.49 W, 1950 MHz, 9501 MHz
2026/10/10 14:10:25.748, 78 %, 59, 1981 MiB, 208.39 W, 1950 MHz, 9751 MHz
2026/10/10 14:10:55.802, 98 %, 64, 2337 MiB, 279.60 W, 1905 MHz, 9501 MHz
2026/10/10 14:11:25.850, 40 %, 65, 2383 MiB, 244.33 W, 1680 MHz, 9501 MHz
2026/10/10 14:11:55.896, 19 %, 63, 2383 MiB, 247.70 W, 1950 MHz, 9501 MHz
2026/10/10 14:12:25.949, 61 %, 65, 2237 MiB, 262.12 W, 1950 MHz, 9501 MHz
2026/10/10 14:12:56.007, 74 %, 64, 2337 MiB, 260.84 W, 1950 MHz, 9501 MHz
2026/10/10 14:13:26.069, 73 %, 66, 2383 MiB, 273.85 W, 1935 MHz, 9501 MHz
2026/10/10 14:13:56.115, 15 %, 64, 2383 MiB, 253.63 W, 1950 MHz, 9501 MHz
2026/10/10 14:14:26.165, 70 %, 66, 2383 MiB, 257.10 W, 1950 MHz, 9501 MHz
2026/10/10 14:14:56.222, 94 %, 66, 2337 MiB, 242.03 W, 1860 MHz, 9501 MHz
2026/10/10 14:15:26.278, 11 %, 64, 2383 MiB, 290.09 W, 1950 MHz, 9501 MHz
2026/10/10 14:15:56.327, 1 %, 64, 2383 MiB, 259.99 W, 1935 MHz, 9751 MHz
2026/10/10 14:16:26.379, 31 %, 63, 2337 MiB, 248.06 W, 1950 MHz, 9501 MHz
2026/10/10 14:16:56.429, 23 %, 63, 2327 MiB, 224.47 W, 1950 MHz, 9751 MHz
2026/10/10 14:17:26.475, 69 %, 62, 2383 MiB, 232.76 W, 1950 MHz, 9501 MHz
2026/10/10 14:17:56.529, 87 %, 64, 2383 MiB, 244.12 W, 1950 MHz, 9501 MHz
2026/10/10 14:18:26.581, 86 %, 65, 2383 MiB, 282.88 W, 1950 MHz, 9501 MHz
2026/10/10 14:18:56.625, 47 %, 66, 2551 MiB, 286.29 W, 1575 MHz, 9501 MHz
2026/10/10 14:19:26.672, 99 %, 68, 1981 MiB, 300.34 W, 1740 MHz, 9501 MHz
2026/10/10 14:19:56.728, 100 %, 69, 2631 MiB, 324.45 W, 1905 MHz, 9501 MHz
2026/10/10 14:20:26.783, 98 %, 69, 1981 MiB, 295.14 W, 1545 MHz, 9501 MHz
2026/10/10 14:20:56.837, 98 %, 68, 2631 MiB, 295.22 W, 1545 MHz, 9501 MHz
2026/10/10 14:21:26.879, 91 %, 68, 2551 MiB, 291.83 W, 1935 MHz, 9501 MHz
2026/10/10 14:21:56.921, 91 %, 68, 2551 MiB, 291.26 W, 1935 MHz, 9501 MHz
2026/10/10 14:22:26.965, 83 %, 67, 2551 MiB, 255.33 W, 1905 MHz, 9501 MHz
2026/10/10 14:22:57.011, 19 %, 64, 2631 MiB, 269.36 W, 1935 MHz, 9501 MHz
2026/10/10 14:23:27.070, 82 %, 67, 2631 MiB, 278.10 W, 1875 MHz, 9501 MHz
2026/10/10 14:23:57.129, 84 %, 68, 1981 MiB, 310.20 W, 1890 MHz, 9501 MHz
2026/10/10 14:24:27.178, 82 %, 67, 2631 MiB, 258.39 W, 1890 MHz, 9501 MHz
2026/10/10 14:24:57.227, 99 %, 69, 2551 MiB, 278.11 W, 1875 MHz, 9501 MHz
2026/10/10 14:25:27.274, 98 %, 69, 1981 MiB, 275.49 W, 1875 MHz, 9501 MHz
2026/10/10 14:25:57.319, 98 %, 70, 2631 MiB, 285.64 W, 1875 MHz, 9501 MHz
2026/10/10 14:26:27.367, 99 %, 69, 2631 MiB, 277.46 W, 1860 MHz, 9501 MHz
2026/10/10 14:26:57.429, 98 %, 69, 1981 MiB, 282.40 W, 1935 MHz, 9751 MHz
2026/10/10 14:27:27.473, 87 %, 67, 2189 MiB, 281.89 W, 1935 MHz, 9501 MHz
2026/10/10 14:27:57.527, 0 %, 64, 2551 MiB, 245.84 W, 1950 MHz, 9751 MHz
2026/10/10 14:28:27.583, 81 %, 65, 1981 MiB, 256.59 W, 1950 MHz, 9501 MHz
2026/10/10 14:28:57.636, 84 %, 65, 2631 MiB, 229.63 W, 1950 MHz, 9501 MHz
2026/10/10 14:29:27.692, 82 %, 65, 2631 MiB, 251.51 W, 1950 MHz, 9501 MHz
2026/10/10 14:29:57.738, 82 %, 64, 2631 MiB, 266.34 W, 1950 MHz, 9751 MHz
2026/10/10 14:30:27.785, 84 %, 65, 2631 MiB, 239.18 W, 1950 MHz, 9501 MHz
2026/10/10 14:30:57.829, 84 %, 65, 1981 MiB, 268.13 W, 1950 MHz, 9501 MHz
2026/10/10 14:31:27.884, 0 %, 62, 1981 MiB, 226.58 W, 1950 MHz, 9751 MHz
2026/10/10 14:31:57.935, 100 %, 67, 2903 MiB, 341.07 W, 1680 MHz, 9501 MHz
2026/10/10 14:32:27.994, 0 %, 63, 1981 MiB, 230.76 W, 1950 MHz, 9751 MHz
2026/10/10 14:32:58.046, 0 %, 62, 1981 MiB, 223.67 W, 1845 MHz, 9751 MHz
2026/10/10 14:33:28.087, 6 %, 64, 1981 MiB, 298.86 W, 1950 MHz, 9501 MHz
2026/10/10 14:33:58.141, 0 %, 62, 3023 MiB, 193.53 W, 1950 MHz, 9751 MHz
2026/10/10 14:34:28.193, 0 %, 63, 1981 MiB, 236.58 W, 1950 MHz, 9751 MHz
2026/10/10 14:34:58.255, 0 %, 64, 1981 MiB, 297.36 W, 1950 MHz, 9501 MHz
2026/10/10 14:35:28.300, 0 %, 63, 1981 MiB, 259.83 W, 1950 MHz, 9751 MHz
2026/10/10 14:35:58.358, 3 %, 64, 1981 MiB, 305.88 W, 1950 MHz, 9751 MHz
2026/10/10 14:36:28.415, 90 %, 67, 2903 MiB, 290.42 W, 1710 MHz, 9501 MHz
2026/10/10 14:36:58.460, 0 %, 63, 1981 MiB, 226.65 W, 1950 MHz, 9751 MHz
2026/10/10 14:37:28.516, 97 %, 68, 2903 MiB, 334.07 W, 1710 MHz, 9501 MHz
2026/10/10 14:37:58.560, 0 %, 63, 1981 MiB, 249.92 W, 1950 MHz, 9751 MHz
2026/10/10 14:38:28.614, 90 %, 66, 3023 MiB, 195.53 W, 1650 MHz, 9501 MHz
2026/10/10 14:38:58.672, 93 %, 67, 3023 MiB, 337.43 W, 1710 MHz, 9501 MHz
2026/10/10 14:39:28.717, 0 %, 63, 1981 MiB, 263.57 W, 1950 MHz, 9751 MHz
2026/10/10 14:39:58.775, 0 %, 63, 1981 MiB, 239.68 W, 1950 MHz, 9751 MHz
2026/10/10 14:40:28.866, 91 %, 66, 3023 MiB, 167.16 W, 1725 MHz, 9501 MHz
2026/10/10 14:40:58.912, 100 %, 67, 2903 MiB, 247.26 W, 1710 MHz, 9501 MHz
2026/10/10 14:41:28.965, 0 %, 62, 2903 MiB, 181.43 W, 1950 MHz, 9751 MHz
2026/10/10 14:41:59.012, 100 %, 66, 2903 MiB, 336.01 W, 1740 MHz, 9501 MHz
2026/10/10 14:42:29.069, 1 %, 64, 1981 MiB, 295.61 W, 1950 MHz, 9501 MHz
2026/10/10 14:42:59.116, 25 %, 62, 3023 MiB, 157.85 W, 1950 MHz, 9501 MHz
2026/10/10 14:43:29.164, 100 %, 67, 3023 MiB, 337.61 W, 1695 MHz, 9501 MHz
2026/10/10 14:43:59.221, 0 %, 62, 1981 MiB, 272.53 W, 1950 MHz, 9751 MHz
2026/10/10 14:44:29.279, 99 %, 66, 3023 MiB, 198.92 W, 1830 MHz, 9501 MHz
2026/10/10 14:44:59.333, 90 %, 64, 2903 MiB, 188.75 W, 1950 MHz, 9501 MHz
2026/10/10 14:45:29.385, 64 %, 66, 1981 MiB, 308.68 W, 1950 MHz, 9501 MHz
2026/10/10 14:45:59.434, 90 %, 66, 2239 MiB, 284.27 W, 1845 MHz, 9501 MHz
2026/10/10 14:46:29.488, 98 %, 66, 2903 MiB, 230.56 W, 1785 MHz, 9501 MHz
2026/10/10 14:46:59.535, 0 %, 62, 1981 MiB, 199.06 W, 1950 MHz, 9751 MHz
2026/10/10 14:47:29.585, 89 %, 66, 3023 MiB, 269.26 W, 1935 MHz, 9501 MHz
2026/10/10 14:47:59.648, 90 %, 66, 3023 MiB, 262.00 W, 1950 MHz, 9501 MHz
2026/10/10 14:48:29.696, 32 %, 62, 3023 MiB, 155.02 W, 1950 MHz, 9501 MHz
2026/10/10 14:48:59.736, 98 %, 65, 3023 MiB, 181.26 W, 1725 MHz, 9501 MHz
2026/10/10 14:49:29.794, 0 %, 54, 1981 MiB, 24.37 W, 210 MHz, 405 MHz
2026/10/10 14:49:59.854, 0 %, 48, 1981 MiB, 18.07 W, 210 MHz, 405 MHz
2026/10/10 14:50:29.896, 0 %, 55, 1981 MiB, 214.60 W, 1965 MHz, 9751 MHz
2026/10/10 14:51:00.134, 0 %, 56, 2193 MiB, 166.02 W, 1965 MHz, 9501 MHz
2026/10/10 14:51:30.209, 50 %, 58, 2257 MiB, 183.88 W, 1965 MHz, 9501 MHz
2026/10/10 14:52:00.262, 0 %, 60, 2297 MiB, 232.53 W, 1965 MHz, 9751 MHz
2026/10/10 14:52:30.327, 15 %, 60, 2265 MiB, 191.22 W, 1950 MHz, 9501 MHz
2026/10/10 14:53:00.385, 8 %, 61, 2257 MiB, 215.76 W, 1950 MHz, 9751 MHz
2026/10/10 14:53:30.433, 0 %, 60, 2239 MiB, 215.31 W, 1950 MHz, 9751 MHz
2026/10/10 14:54:00.482, 79 %, 62, 2309 MiB, 246.50 W, 1950 MHz, 9751 MHz
2026/10/10 14:54:30.538, 77 %, 62, 2309 MiB, 205.49 W, 1950 MHz, 9501 MHz
2026/10/10 14:55:00.589, 0 %, 60, 1991 MiB, 207.39 W, 1965 MHz, 9751 MHz
2026/10/10 14:55:30.640, 13 %, 59, 2309 MiB, 184.59 W, 1950 MHz, 9501 MHz
2026/10/10 14:56:00.686, 97 %, 61, 1981 MiB, 193.79 W, 1950 MHz, 9501 MHz
2026/10/10 14:56:30.741, 98 %, 65, 2337 MiB, 327.68 W, 1905 MHz, 9501 MHz
2026/10/10 14:57:00.788, 59 %, 66, 2237 MiB, 324.01 W, 1935 MHz, 9751 MHz
2026/10/10 14:57:30.836, 95 %, 69, 2337 MiB, 294.51 W, 1860 MHz, 9501 MHz
2026/10/10 14:58:00.880, 95 %, 69, 2383 MiB, 290.57 W, 1860 MHz, 9501 MHz
2026/10/10 14:58:30.932, 95 %, 70, 2383 MiB, 284.35 W, 1860 MHz, 9501 MHz
2026/10/10 14:59:00.989, 0 %, 56, 2284 MiB, 158.32 W, 1965 MHz, 9501 MHz
2026/10/10 14:59:31.035, 0 %, 49, 1981 MiB, 26.43 W, 210 MHz, 405 MHz
2026/10/10 15:00:01.076, 0 %, 49, 1999 MiB, 35.48 W, 1755 MHz, 9751 MHz
2026/10/10 15:00:31.130, 0 %, 48, 1981 MiB, 88.84 W, 360 MHz, 810 MHz
2026/10/10 15:01:01.193, 0 %, 43, 1981 MiB, 19.99 W, 210 MHz, 405 MHz
2026/10/10 15:01:31.253, 0 %, 43, 1999 MiB, 24.88 W, 210 MHz, 405 MHz
2026/10/10 15:02:01.306, 0 %, 51, 2268 MiB, 180.15 W, 1965 MHz, 9501 MHz
2026/10/10 15:02:31.358, 0 %, 50, 1999 MiB, 127.78 W, 420 MHz, 5001 MHz
2026/10/10 15:03:01.422, 0 %, 48, 1981 MiB, 28.44 W, 210 MHz, 810 MHz
2026/10/10 15:03:31.485, 0 %, 43, 1981 MiB, 20.07 W, 210 MHz, 405 MHz
2026/10/10 15:04:01.533, 0 %, 43, 1981 MiB, 18.59 W, 210 MHz, 405 MHz
2026/10/10 15:04:31.589, 0 %, 44, 1981 MiB, 19.11 W, 210 MHz, 405 MHz
