case,precision,branch,seed,mode,control_loss,candidate_loss,loss_ratio,parameter_max_abs,parameter_max_normalized,parameter_values,control_parameters_sha256,candidate_parameters_sha256
small,f32,0,0,1,0.00500442879274,0.00500442925841,1.0000000930515787,4.6566128730773926e-09,4.620051206854997e-09,46704,824df45ce70b2b7d57949ed56186a250f85507fb1900c15230c26240073badac,d11a9728ddc8880a5a24fd12ae458d1217f31aaa07fa8029bb7ff92da6613371
small,f32,0,0,2,0.00500442879274,0.00500442879274,1.0,0.0,0.0,46704,824df45ce70b2b7d57949ed56186a250f85507fb1900c15230c26240073badac,824df45ce70b2b7d57949ed56186a250f85507fb1900c15230c26240073badac
small,f32,0,0,3,0.00500442879274,0.00500442925841,1.0000000930515787,4.6566128730773926e-09,4.620051206854997e-09,46704,824df45ce70b2b7d57949ed56186a250f85507fb1900c15230c26240073badac,d11a9728ddc8880a5a24fd12ae458d1217f31aaa07fa8029bb7ff92da6613371
small,f32,0,0,4,0.00500442879274,0.00500442925841,1.0000000930515787,3.725290298461914e-09,3.6958361889943114e-09,46704,824df45ce70b2b7d57949ed56186a250f85507fb1900c15230c26240073badac,eadf82882d4d59b14bb867ac2cf4abaf08074cbd066c4e7f7648f22adfcc1e73
small,f32,0,1,1,0.00500404555351,0.00500404555351,1.0,7.450580596923828e-09,7.3501195412417005e-09,46704,b211030e46723911ed91e9d57740466c535bce87dafe4f0a9ef02166da861901,ccb2f6239996d891a6e2a22384f30df60c951bb388ae09ce11b652863bc57432
small,f32,0,1,2,0.00500404555351,0.00500404555351,1.0,0.0,0.0,46704,b211030e46723911ed91e9d57740466c535bce87dafe4f0a9ef02166da861901,b211030e46723911ed91e9d57740466c535bce87dafe4f0a9ef02166da861901
small,f32,0,1,3,0.00500404555351,0.00500404555351,1.0,7.450580596923828e-09,7.3501195412417005e-09,46704,b211030e46723911ed91e9d57740466c535bce87dafe4f0a9ef02166da861901,ccb2f6239996d891a6e2a22384f30df60c951bb388ae09ce11b652863bc57432
small,f32,0,1,4,0.00500404555351,0.00500404508784,0.9999999069412948,3.725290298461914e-09,3.690899038544238e-09,46704,b211030e46723911ed91e9d57740466c535bce87dafe4f0a9ef02166da861901,b539e421c53e6d6e80d6a1aa95c8c13a49ceaae8243eef8220e13c7d72652010
small,f32,0,2,1,0.00500709749758,0.00500709749758,1.0,3.725290298461914e-09,3.6923986696025433e-09,46704,9505f9b287efd08f38723465fbbd72730dcbf2f1fd59b1eda9d84c2c6ccee8fd,28c1b3ebeb375e6ffdf2ba4e7bcafc1f09f8b6411c34d6bbfc064afd5138010a
small,f32,0,2,2,0.00500709749758,0.00500709749758,1.0,0.0,0.0,46704,9505f9b287efd08f38723465fbbd72730dcbf2f1fd59b1eda9d84c2c6ccee8fd,9505f9b287efd08f38723465fbbd72730dcbf2f1fd59b1eda9d84c2c6ccee8fd
small,f32,0,2,3,0.00500709749758,0.00500709749758,1.0,3.725290298461914e-09,3.6923986696025433e-09,46704,9505f9b287efd08f38723465fbbd72730dcbf2f1fd59b1eda9d84c2c6ccee8fd,28c1b3ebeb375e6ffdf2ba4e7bcafc1f09f8b6411c34d6bbfc064afd5138010a
small,f32,0,2,4,0.00500709749758,0.00500709749758,1.0,3.725290298461914e-09,3.6959789946721474e-09,46704,9505f9b287efd08f38723465fbbd72730dcbf2f1fd59b1eda9d84c2c6ccee8fd,8c81c3f7b041dd7138e1b99ec5102f505871988a22e2596acf3a30a9222be456
small,f32,1,0,1,0.00500455312431,0.00500455312431,1.0,3.725290298461914e-09,3.6676203170226084e-09,53360,d10a4f95426ba1be0d39947e582cb6946978288a7ef341c234df1847ff9bca2f,a19764787f63c39cca333141e48cd474e66def2119e947f865a5d0626cca8af1
small,f32,1,0,2,0.00500455312431,0.00500455312431,1.0,0.0,0.0,53360,d10a4f95426ba1be0d39947e582cb6946978288a7ef341c234df1847ff9bca2f,d10a4f95426ba1be0d39947e582cb6946978288a7ef341c234df1847ff9bca2f
small,f32,1,0,3,0.00500455312431,0.00500455312431,1.0,3.725290298461914e-09,3.6676203170226084e-09,53360,d10a4f95426ba1be0d39947e582cb6946978288a7ef341c234df1847ff9bca2f,a19764787f63c39cca333141e48cd474e66def2119e947f865a5d0626cca8af1
small,f32,1,0,4,0.00500455312431,0.00500455312431,1.0,2.7939677238464355e-09,2.7798664046614162e-09,53360,d10a4f95426ba1be0d39947e582cb6946978288a7ef341c234df1847ff9bca2f,78062ac46927a8f9c534b239477eaf225c7312b7b03e980fd2e79d9d337e57e7
small,f32,1,0,5,0.00500455312431,0.00500455312431,1.0,0.0,0.0,53360,d10a4f95426ba1be0d39947e582cb6946978288a7ef341c234df1847ff9bca2f,d10a4f95426ba1be0d39947e582cb6946978288a7ef341c234df1847ff9bca2f
small,f32,1,1,1,0.00500404881313,0.0050040492788,1.0000000930586446,3.725290298461914e-09,3.6572149481639154e-09,53360,11d8b5a5b684c16198c0dcf09ac5c1937425dbeff8816e2deb2ef8e49fe4de4d,b608cc3b8930bea70129192b2b0af2a8596520323f90b60f402b0d4fb47b18ff
small,f32,1,1,2,0.00500404881313,0.00500404881313,1.0,0.0,0.0,53360,11d8b5a5b684c16198c0dcf09ac5c1937425dbeff8816e2deb2ef8e49fe4de4d,11d8b5a5b684c16198c0dcf09ac5c1937425dbeff8816e2deb2ef8e49fe4de4d
small,f32,1,1,3,0.00500404881313,0.0050040492788,1.0000000930586446,3.725290298461914e-09,3.6572149481639154e-09,53360,11d8b5a5b684c16198c0dcf09ac5c1937425dbeff8816e2deb2ef8e49fe4de4d,b608cc3b8930bea70129192b2b0af2a8596520323f90b60f402b0d4fb47b18ff
small,f32,1,1,4,0.00500404881313,0.00500404881313,1.0,3.725290298461914e-09,3.6572149481639154e-09,53360,11d8b5a5b684c16198c0dcf09ac5c1937425dbeff8816e2deb2ef8e49fe4de4d,f7b6ed1e8e9a0937402b7a1f8c992b9f52ce382a21b8c58d3f39fe59061e451e
small,f32,1,1,5,0.00500404881313,0.00500404881313,1.0,0.0,0.0,53360,11d8b5a5b684c16198c0dcf09ac5c1937425dbeff8816e2deb2ef8e49fe4de4d,11d8b5a5b684c16198c0dcf09ac5c1937425dbeff8816e2deb2ef8e49fe4de4d
small,f32,1,2,1,0.00500684138387,0.00500684138387,1.0,3.725290298461914e-09,3.6862831283338757e-09,53360,4c0ca944a3c0a21743becf8b88fa98fcd0476fd15893566ad68845ce1c3953cb,e529d16075380b0f73b7382fbbefd12013b6733ffc0719790d59903443c144ca
small,f32,1,2,2,0.00500684138387,0.00500684138387,1.0,0.0,0.0,53360,4c0ca944a3c0a21743becf8b88fa98fcd0476fd15893566ad68845ce1c3953cb,4c0ca944a3c0a21743becf8b88fa98fcd0476fd15893566ad68845ce1c3953cb
small,f32,1,2,3,0.00500684138387,0.00500684138387,1.0,3.725290298461914e-09,3.6862831283338757e-09,53360,4c0ca944a3c0a21743becf8b88fa98fcd0476fd15893566ad68845ce1c3953cb,e529d16075380b0f73b7382fbbefd12013b6733ffc0719790d59903443c144ca
small,f32,1,2,4,0.00500684138387,0.00500684138387,1.0,2.7939677238464355e-09,2.7720297559098902e-09,53360,4c0ca944a3c0a21743becf8b88fa98fcd0476fd15893566ad68845ce1c3953cb,53437a3725433c9d9b326b77a4c8dba143547dc895eb29d3865f4cda1a77dfc5
small,f32,1,2,5,0.00500684138387,0.00500684138387,1.0,0.0,0.0,53360,4c0ca944a3c0a21743becf8b88fa98fcd0476fd15893566ad68845ce1c3953cb,4c0ca944a3c0a21743becf8b88fa98fcd0476fd15893566ad68845ce1c3953cb
small,tf32,0,0,1,0.00500442786142,0.00500442879274,1.0000001860991958,4.917383193969727e-07,4.804669955745951e-07,46704,eb5c3e47770cd0c84935fe5214941f04a49badb6ccac79f0ea5f89514526ef32,5d1095f566d17abb1cef25f45455bbab572981ad56646bac24d91563281b9877
small,tf32,0,0,2,0.00500442786142,0.00500442832708,1.0000000930495978,7.450580596923828e-08,7.38846714712865e-08,46704,eb5c3e47770cd0c84935fe5214941f04a49badb6ccac79f0ea5f89514526ef32,34c094dcdf8f5b7f354ba787e0f3261b322b8b5cf9eaa5ac3c5393142f14b0be
small,tf32,0,0,3,0.00500442786142,0.00500442879274,1.0000001860991958,4.917383193969727e-07,4.804669955745951e-07,46704,eb5c3e47770cd0c84935fe5214941f04a49badb6ccac79f0ea5f89514526ef32,5d1095f566d17abb1cef25f45455bbab572981ad56646bac24d91563281b9877
small,tf32,0,0,4,0.00500442786142,0.00500442925841,1.0000002791507918,4.917383193969727e-07,4.804669955745951e-07,46704,eb5c3e47770cd0c84935fe5214941f04a49badb6ccac79f0ea5f89514526ef32,e0826ad17b023132ac4bcf21e1fd4833aa32ef400d0e6e1beea3e64efe689872
small,tf32,0,1,1,0.00500404508784,0.00500404462218,0.9999999069432844,2.7567148208618164e-07,2.710274519768884e-07,46704,3dc722055183e679cb775b581385d141c7cd5d5ef8982b0ddd1344e8d3efe5bc,e1102fc2afd7284ff3651e45176440472c579277a73a4bca7982eedaf2374625
small,tf32,0,1,2,0.00500404508784,0.00500404555351,1.0000000930587138,4.98257577419281e-08,4.9530995998282516e-08,46704,3dc722055183e679cb775b581385d141c7cd5d5ef8982b0ddd1344e8d3efe5bc,37dbc4c72243e343d437b7d2fdc77a2fab121b264b9703928e5c6a563d62aedc
small,tf32,0,1,3,0.00500404508784,0.00500404462218,0.9999999069432844,2.7567148208618164e-07,2.710274519768884e-07,46704,3dc722055183e679cb775b581385d141c7cd5d5ef8982b0ddd1344e8d3efe5bc,e1102fc2afd7284ff3651e45176440472c579277a73a4bca7982eedaf2374625
small,tf32,0,1,4,0.00500404508784,0.00500404508784,1.0,3.1385570764541626e-07,3.1076204768715365e-07,46704,3dc722055183e679cb775b581385d141c7cd5d5ef8982b0ddd1344e8d3efe5bc,c856c11d08c269e0c0aecdca8036ddf7905ad13705e5061987c056885e2c0d6e
small,tf32,0,2,1,0.00500709749758,0.00500709749758,1.0,4.209578037261963e-07,4.133331772665289e-07,46704,064dbf4ec3f5231c924ee267446048a6584c8fb559712a8916a00466a0961a66,cfad0d1c17408066a8f6f4b007286903222e8be8ab68ccd482616dce70d0a666
small,tf32,0,2,2,0.00500709749758,0.00500709796324,1.0000000929999866,5.494803190231323e-08,5.4470369667152087e-08,46704,064dbf4ec3f5231c924ee267446048a6584c8fb559712a8916a00466a0961a66,d44f838502adde64eb379afa2884712e286dc979b3d6be15579481e9b6568a15
small,tf32,0,2,3,0.00500709749758,0.00500709749758,1.0,4.209578037261963e-07,4.133331772665289e-07,46704,064dbf4ec3f5231c924ee267446048a6584c8fb559712a8916a00466a0961a66,cfad0d1c17408066a8f6f4b007286903222e8be8ab68ccd482616dce70d0a666
small,tf32,0,2,4,0.00500709749758,0.00500709749758,1.0,4.2282044887542725e-07,4.151620851305401e-07,46704,064dbf4ec3f5231c924ee267446048a6584c8fb559712a8916a00466a0961a66,1684b2603825ac620188dc3ae444f0ae589a930f8419c1c90bbb1960fb3f7ceb
small,tf32,1,0,1,0.00500455312431,0.00500455358997,1.0000000930472688,3.157183527946472e-07,3.117555035447442e-07,53360,dc450d96ed827ad53f0ce9590bba1c73cf3d102dceab6f0833454f5bdd15b6d8,449888e1f50deff1b153ca779042d6f01891f7f0d3398b9a9ca73987cf54dd34
small,tf32,1,0,2,0.00500455312431,0.00500455312431,1.0,4.842877388000488e-08,4.796401102340631e-08,53360,dc450d96ed827ad53f0ce9590bba1c73cf3d102dceab6f0833454f5bdd15b6d8,9652da91b9b53b92d25a017c949d1e8079beae9027b4e0faa3e0c22f4f223b86
small,tf32,1,0,3,0.00500455312431,0.00500455358997,1.0000000930472688,3.157183527946472e-07,3.117555035447442e-07,53360,dc450d96ed827ad53f0ce9590bba1c73cf3d102dceab6f0833454f5bdd15b6d8,449888e1f50deff1b153ca779042d6f01891f7f0d3398b9a9ca73987cf54dd34
small,tf32,1,0,4,0.00500455312431,0.00500455312431,1.0,3.157183527946472e-07,3.117555035447442e-07,53360,dc450d96ed827ad53f0ce9590bba1c73cf3d102dceab6f0833454f5bdd15b6d8,a3c281d441d0cfa28d647226e53f77e6b4d3ff5b13ab147d1942b3fde58ad47a
small,tf32,1,0,5,0.00500455312431,0.00500455312431,1.0,0.0,0.0,53360,dc450d96ed827ad53f0ce9590bba1c73cf3d102dceab6f0833454f5bdd15b6d8,dc450d96ed827ad53f0ce9590bba1c73cf3d102dceab6f0833454f5bdd15b6d8
small,tf32,1,1,1,0.00500404881313,0.00500404881313,1.0,2.8219074010849e-07,2.7900984874378856e-07,53360,3ef68e9026deaf28b88db64bd0b6e9988412484c8b0412353d4963868082ae12,47e9034ec26cac31aac9292f588b2c2dd670c60e5a265117243b85c72bdc81ae
small,tf32,1,1,2,0.00500404881313,0.0050040492788,1.0000000930586446,6.332993507385254e-08,6.303760885994222e-08,53360,3ef68e9026deaf28b88db64bd0b6e9988412484c8b0412353d4963868082ae12,5109c743e332b874f3b029814a19e45c791388e71c7e936b0f504228198a2fae
small,tf32,1,1,3,0.00500404881313,0.00500404881313,1.0,2.8219074010849e-07,2.7900984874378856e-07,53360,3ef68e9026deaf28b88db64bd0b6e9988412484c8b0412353d4963868082ae12,47e9034ec26cac31aac9292f588b2c2dd670c60e5a265117243b85c72bdc81ae
small,tf32,1,1,4,0.00500404881313,0.00500404881313,1.0,2.8219074010849e-07,2.7900984874378856e-07,53360,3ef68e9026deaf28b88db64bd0b6e9988412484c8b0412353d4963868082ae12,70483f9d5aec20f210a85d17a8c59d4387576c4d4e79710cf0c1e0658ed71b85
small,tf32,1,1,5,0.00500404881313,0.00500404881313,1.0,0.0,0.0,53360,3ef68e9026deaf28b88db64bd0b6e9988412484c8b0412353d4963868082ae12,3ef68e9026deaf28b88db64bd0b6e9988412484c8b0412353d4963868082ae12
small,tf32,1,2,1,0.00500684091821,0.00500684138387,1.0000000930047523,2.915039658546448e-07,2.878268425181759e-07,53360,819938d4ce5ea1550b4ff49a37fafe7715cf547f1183c43304c8740460121792,69b04d8bb5ad67512aedb0740416117399b43863d9db10bdbc8be7f096684d18
small,tf32,1,2,2,0.00500684091821,0.00500684091821,1.0,3.91155481338501e-08,3.876893518294003e-08,53360,819938d4ce5ea1550b4ff49a37fafe7715cf547f1183c43304c8740460121792,9ba20794061a4409177d330781c7349196f45614041fa5804b3f35e7d20df9f8
small,tf32,1,2,3,0.00500684091821,0.00500684138387,1.0000000930047523,2.915039658546448e-07,2.878268425181759e-07,53360,819938d4ce5ea1550b4ff49a37fafe7715cf547f1183c43304c8740460121792,69b04d8bb5ad67512aedb0740416117399b43863d9db10bdbc8be7f096684d18
small,tf32,1,2,4,0.00500684091821,0.00500684138387,1.0000000930047523,2.942979335784912e-07,2.90585566248382e-07,53360,819938d4ce5ea1550b4ff49a37fafe7715cf547f1183c43304c8740460121792,eb238e1c98c2d4a8689e91dffe405ad742d24b0b6e5380e73c088b992d107ed3
small,tf32,1,2,5,0.00500684091821,0.00500684091821,1.0,0.0,0.0,53360,819938d4ce5ea1550b4ff49a37fafe7715cf547f1183c43304c8740460121792,819938d4ce5ea1550b4ff49a37fafe7715cf547f1183c43304c8740460121792
deep,f32,0,0,1,0.00499771256,0.00499771256,1.0,1.5366822481155396e-07,1.5231394163155287e-07,150864,846dc4b508d84ff14cd80b71b2ecd24370e435c3c64e63eb349a2eae13d14331,d13ecd58ac20f8eee8a700bf415caaee833ced44722f0900fd774e7c9e561a56
deep,f32,0,0,2,0.00499771256,0.00499771256,1.0,0.0,0.0,150864,846dc4b508d84ff14cd80b71b2ecd24370e435c3c64e63eb349a2eae13d14331,846dc4b508d84ff14cd80b71b2ecd24370e435c3c64e63eb349a2eae13d14331
deep,f32,0,0,3,0.00499771256,0.00499771256,1.0,1.5366822481155396e-07,1.5231394163155287e-07,150864,846dc4b508d84ff14cd80b71b2ecd24370e435c3c64e63eb349a2eae13d14331,d13ecd58ac20f8eee8a700bf415caaee833ced44722f0900fd774e7c9e561a56
deep,f32,0,0,4,0.00499771256,0.00499771256,1.0,1.4435499906539917e-07,1.4308279365388302e-07,150864,846dc4b508d84ff14cd80b71b2ecd24370e435c3c64e63eb349a2eae13d14331,4c6fcc1ddbf3fb11e54576af5f9d6c338bccdf0bc05fde1904a9e8c7a4d18ad6
deep,f32,0,1,1,0.00499828206375,0.00499828252941,1.00000009316401,1.2945383787155151e-07,1.2809567209557474e-07,150864,53b3b84e049cf7e253455f1ab944fb03a9f8be6a18bd75bfc94ef76b33ed141f,8d801ebf8dad99ef8f406e044c9cf10b48b546de7d68fa47c569a7f573df87f8
deep,f32,0,1,2,0.00499828206375,0.00499828206375,1.0,0.0,0.0,150864,53b3b84e049cf7e253455f1ab944fb03a9f8be6a18bd75bfc94ef76b33ed141f,53b3b84e049cf7e253455f1ab944fb03a9f8be6a18bd75bfc94ef76b33ed141f
deep,f32,0,1,3,0.00499828206375,0.00499828252941,1.00000009316401,1.2945383787155151e-07,1.2809567209557474e-07,150864,53b3b84e049cf7e253455f1ab944fb03a9f8be6a18bd75bfc94ef76b33ed141f,8d801ebf8dad99ef8f406e044c9cf10b48b546de7d68fa47c569a7f573df87f8
deep,f32,0,1,4,0.00499828206375,0.00499828252941,1.00000009316401,1.3131648302078247e-07,1.2993877529119454e-07,150864,53b3b84e049cf7e253455f1ab944fb03a9f8be6a18bd75bfc94ef76b33ed141f,a77b08f2bd008bec178b83a63933e9115cb4de9180d7c39b0c6f1b265d37b780
deep,f32,0,2,1,0.0049989442341,0.0049989442341,1.0,1.825392246246338e-07,1.8111089086733134e-07,150864,a17a8c59168eacab652bbdfa263232106fa17fc77f4cd1cd1af48c4f106bf4cf,2ad15963710ff2175560efcdc03da8277c62a551983a6cf735a72c76509297f3
deep,f32,0,2,2,0.0049989442341,0.0049989442341,1.0,0.0,0.0,150864,a17a8c59168eacab652bbdfa263232106fa17fc77f4cd1cd1af48c4f106bf4cf,a17a8c59168eacab652bbdfa263232106fa17fc77f4cd1cd1af48c4f106bf4cf
deep,f32,0,2,3,0.0049989442341,0.0049989442341,1.0,1.825392246246338e-07,1.8111089086733134e-07,150864,a17a8c59168eacab652bbdfa263232106fa17fc77f4cd1cd1af48c4f106bf4cf,2ad15963710ff2175560efcdc03da8277c62a551983a6cf735a72c76509297f3
deep,f32,0,2,4,0.0049989442341,0.0049989442341,1.0,1.7508864402770996e-07,1.7371860960744026e-07,150864,a17a8c59168eacab652bbdfa263232106fa17fc77f4cd1cd1af48c4f106bf4cf,fc5242b11031cb2f3e86b5f63e27b33b7905ffaeb4a8564cc1a620facf30b05d
deep,f32,1,0,1,0.00499771442264,0.00499771442264,1.0,1.51805579662323e-07,1.5007060932650243e-07,172368,07337a88be2bdafb03c5c185da405281ac4769c799c9275e2799fc1aed9bbf0b,9a2f26558f3dedb4e8288b09de915776349c60687fb4680fe106d4d7bf9e31e5
deep,f32,1,0,2,0.00499771442264,0.00499771442264,1.0,0.0,0.0,172368,07337a88be2bdafb03c5c185da405281ac4769c799c9275e2799fc1aed9bbf0b,07337a88be2bdafb03c5c185da405281ac4769c799c9275e2799fc1aed9bbf0b
deep,f32,1,0,3,0.00499771442264,0.00499771442264,1.0,1.51805579662323e-07,1.5007060932650243e-07,172368,07337a88be2bdafb03c5c185da405281ac4769c799c9275e2799fc1aed9bbf0b,9a2f26558f3dedb4e8288b09de915776349c60687fb4680fe106d4d7bf9e31e5
deep,f32,1,0,4,0.00499771442264,0.00499771442264,1.0,1.4994293451309204e-07,1.482292521568521e-07,172368,07337a88be2bdafb03c5c185da405281ac4769c799c9275e2799fc1aed9bbf0b,a61c1509d8edd465e8f9fe8e43d7a69e1dab35febab96175beb39b3116dc1c88
deep,f32,1,0,5,0.00499771442264,0.00499771442264,1.0,0.0,0.0,172368,07337a88be2bdafb03c5c185da405281ac4769c799c9275e2799fc1aed9bbf0b,07337a88be2bdafb03c5c185da405281ac4769c799c9275e2799fc1aed9bbf0b
deep,f32,1,1,1,0.00499828578904,0.00499828578904,1.0,9.778887033462524e-08,9.683721208222917e-08,172368,173eed784feed424cb77afe14c9c2fcab881c548b22e7b86f999d65984628f6a,774c733413416c98a879ab80616d89363dc24ae95d875a68b000beec4b2f4a38
deep,f32,1,1,2,0.00499828578904,0.00499828578904,1.0,0.0,0.0,172368,173eed784feed424cb77afe14c9c2fcab881c548b22e7b86f999d65984628f6a,173eed784feed424cb77afe14c9c2fcab881c548b22e7b86f999d65984628f6a
deep,f32,1,1,3,0.00499828578904,0.00499828578904,1.0,9.778887033462524e-08,9.683721208222917e-08,172368,173eed784feed424cb77afe14c9c2fcab881c548b22e7b86f999d65984628f6a,774c733413416c98a879ab80616d89363dc24ae95d875a68b000beec4b2f4a38
deep,f32,1,1,4,0.00499828578904,0.00499828578904,1.0,9.96515154838562e-08,9.885876252690311e-08,172368,173eed784feed424cb77afe14c9c2fcab881c548b22e7b86f999d65984628f6a,5c2a7debbae4c1d277cbae47fee3d897866125398e8fa5596783ea5ec6e86b1c
deep,f32,1,1,5,0.00499828578904,0.00499828578904,1.0,0.0,0.0,172368,173eed784feed424cb77afe14c9c2fcab881c548b22e7b86f999d65984628f6a,173eed784feed424cb77afe14c9c2fcab881c548b22e7b86f999d65984628f6a
deep,f32,1,2,1,0.00499894516543,0.00499894516543,1.0,1.2200325727462769e-07,1.2103952204556615e-07,172368,bce5f4029193ce1957d9a35d921d99ab521909f94efd704b6d17fed321d44c35,a4022694da29f0bd2b27f3ccc9621ceedf82493e17fd7ab6e4ee05202373aace
deep,f32,1,2,2,0.00499894516543,0.00499894516543,1.0,0.0,0.0,172368,bce5f4029193ce1957d9a35d921d99ab521909f94efd704b6d17fed321d44c35,bce5f4029193ce1957d9a35d921d99ab521909f94efd704b6d17fed321d44c35
deep,f32,1,2,3,0.00499894516543,0.00499894516543,1.0,1.2200325727462769e-07,1.2103952204556615e-07,172368,bce5f4029193ce1957d9a35d921d99ab521909f94efd704b6d17fed321d44c35,a4022694da29f0bd2b27f3ccc9621ceedf82493e17fd7ab6e4ee05202373aace
deep,f32,1,2,4,0.00499894516543,0.00499894516543,1.0,1.2665987014770508e-07,1.2565935113127478e-07,172368,bce5f4029193ce1957d9a35d921d99ab521909f94efd704b6d17fed321d44c35,2805999ee20f6eb8c297711a8f9fb175c3f50a2c2f2ac5a4acc19db280fd85d3
deep,f32,1,2,5,0.00499894516543,0.00499894516543,1.0,0.0,0.0,172368,bce5f4029193ce1957d9a35d921d99ab521909f94efd704b6d17fed321d44c35,bce5f4029193ce1957d9a35d921d99ab521909f94efd704b6d17fed321d44c35
deep,tf32,0,0,1,0.00499771162868,0.00499771302566,1.000000279523931,7.860362529754639e-07,7.696249951146139e-07,150864,d8f7ebb54aa78db2b516aa2c4194382a0ed329b60ddefcaf2a2d4a457a9c02ae,19df5966171cc284a4de8ffdadbc8d66d3135c8a7df5c7f2117116077e438103
deep,tf32,0,0,2,0.00499771162868,0.00499771162868,1.0,1.4062970876693726e-07,1.395313055477246e-07,150864,d8f7ebb54aa78db2b516aa2c4194382a0ed329b60ddefcaf2a2d4a457a9c02ae,e1f5a2f16c64eaf48ee96c620c943e8bfc051a1f87f076847f88bbc4438fa851
deep,tf32,0,0,3,0.00499771162868,0.00499771302566,1.000000279523931,7.860362529754639e-07,7.696249951146139e-07,150864,d8f7ebb54aa78db2b516aa2c4194382a0ed329b60ddefcaf2a2d4a457a9c02ae,19df5966171cc284a4de8ffdadbc8d66d3135c8a7df5c7f2117116077e438103
deep,tf32,0,0,4,0.00499771162868,0.00499771302566,1.000000279523931,9.685754776000977e-07,9.534396213521622e-07,150864,d8f7ebb54aa78db2b516aa2c4194382a0ed329b60ddefcaf2a2d4a457a9c02ae,12e2eafd365d022a8fe3d3773d4baac3b77b72602b3b5b6c98590d71d5b4a705
deep,tf32,0,1,1,0.00499828066677,0.00499828206375,1.000000279492108,7.096678018569946e-07,7.032929981631372e-07,150864,baec1a8ec6c1f5b14c53f469167953ce473324d334a5f20236eeae80bd2e111d,21a4a7d67c95c00c449f21f8dcf1b6b6c1e96bffb774cb4a22499ca557c494a2
deep,tf32,0,1,2,0.00499828066677,0.00499827833846,0.9999995341778192,1.8812716007232666e-07,1.851988842658378e-07,150864,baec1a8ec6c1f5b14c53f469167953ce473324d334a5f20236eeae80bd2e111d,04d050d7033d24b2987f0a63851e8175a9ba1771afe7b3377b52744f20860e8c
deep,tf32,0,1,3,0.00499828066677,0.00499828206375,1.000000279492108,7.096678018569946e-07,7.032929981631372e-07,150864,baec1a8ec6c1f5b14c53f469167953ce473324d334a5f20236eeae80bd2e111d,21a4a7d67c95c00c449f21f8dcf1b6b6c1e96bffb774cb4a22499ca557c494a2
deep,tf32,0,1,4,0.00499828066677,0.00499828206375,1.000000279492108,8.922070264816284e-07,8.781970051531391e-07,150864,baec1a8ec6c1f5b14c53f469167953ce473324d334a5f20236eeae80bd2e111d,02f73d4740121d893775b89ad46f256ced3e0ba3cbfd564f03b160e6848a66ad
deep,tf32,0,2,1,0.00499894469976,0.0049989442341,0.9999999068483394,6.137415766716003e-07,6.087504325638317e-07,150864,e1b83f21b7e52db6b947b1558d80e70a76c25052fb79a48ba3a2b9961050c72e,588360fd9b354f0e250d45c80b14171d33925609b24f41016a38f8d365af31e5
deep,tf32,0,2,2,0.00499894469976,0.00499894469976,1.0,2.7008354663848877e-07,2.6796259488331413e-07,150864,e1b83f21b7e52db6b947b1558d80e70a76c25052fb79a48ba3a2b9961050c72e,7772da58f097353874502f293b7f8e44fe7d7d5ec27472ef8fac347e7807fd41
deep,tf32,0,2,3,0.00499894469976,0.0049989442341,0.9999999068483394,6.137415766716003e-07,6.087504325638317e-07,150864,e1b83f21b7e52db6b947b1558d80e70a76c25052fb79a48ba3a2b9961050c72e,588360fd9b354f0e250d45c80b14171d33925609b24f41016a38f8d365af31e5
deep,tf32,0,2,4,0.00499894469976,0.0049989442341,0.9999999068483394,7.748603820800781e-07,7.627651666007107e-07,150864,e1b83f21b7e52db6b947b1558d80e70a76c25052fb79a48ba3a2b9961050c72e,2c6afaa42490d0a31e27b54cacab77c94a8e24159615bd6f022c61aa61a049a9
deep,tf32,1,0,1,0.00499771209434,0.00499771442264,1.0000004658731747,9.145587682723999e-07,8.988229724624146e-07,172368,40638a25fd9a999ef67ad571389e61c4922ddec2a2d83bfa35292f086bfe2f7a,8967481fce0d37b5fe610ac15c0483fd66191d6f6358f3d1e5489f8aff882274
deep,tf32,1,0,2,0.00499771209434,0.00499771256,1.000000093174635,1.3504177331924438e-07,1.3397927062006625e-07,172368,40638a25fd9a999ef67ad571389e61c4922ddec2a2d83bfa35292f086bfe2f7a,c548dac9575dd495be18379249fe35b86ebf82f4fb97535a3e465736c7c9c336
deep,tf32,1,0,3,0.00499771209434,0.00499771442264,1.0000004658731747,9.145587682723999e-07,8.988229724624146e-07,172368,40638a25fd9a999ef67ad571389e61c4922ddec2a2d83bfa35292f086bfe2f7a,8967481fce0d37b5fe610ac15c0483fd66191d6f6358f3d1e5489f8aff882274
deep,tf32,1,0,4,0.00499771209434,0.0049977148883,1.0000005590478098,9.164214134216309e-07,9.006535691476741e-07,172368,40638a25fd9a999ef67ad571389e61c4922ddec2a2d83bfa35292f086bfe2f7a,0d5334c120cee4075f58215beb77655c1ef3e719b5b5f4fb90a258b43386a1e9
deep,tf32,1,0,5,0.00499771209434,0.00499771209434,1.0,0.0,0.0,172368,40638a25fd9a999ef67ad571389e61c4922ddec2a2d83bfa35292f086bfe2f7a,40638a25fd9a999ef67ad571389e61c4922ddec2a2d83bfa35292f086bfe2f7a
deep,tf32,1,1,1,0.00499828252941,0.00499828532338,1.0000005589860084,7.580965757369995e-07,7.514830760845974e-07,172368,991a9c35322e228f470c74ed36de50cf2fe5e80bcba5672f7e1f374633b1bdb4,4bd558defb0057ae4b822556695f4ad2302bb4fbc583148961d82a5f46defeaa
deep,tf32,1,1,2,0.00499828252941,0.00499828485772,1.000000465822007,1.862645149230957e-07,1.8445267953107162e-07,172368,991a9c35322e228f470c74ed36de50cf2fe5e80bcba5672f7e1f374633b1bdb4,f817768920a7ca07d558054a899ae12d0f86bfb9467c4d9d34e91003c49f34c8
deep,tf32,1,1,3,0.00499828252941,0.00499828532338,1.0000005589860084,7.580965757369995e-07,7.514830760845974e-07,172368,991a9c35322e228f470c74ed36de50cf2fe5e80bcba5672f7e1f374633b1bdb4,4bd558defb0057ae4b822556695f4ad2302bb4fbc583148961d82a5f46defeaa
deep,tf32,1,1,4,0.00499828252941,0.00499828578904,1.0000006521500098,7.60890543460846e-07,7.542526697311008e-07,172368,991a9c35322e228f470c74ed36de50cf2fe5e80bcba5672f7e1f374633b1bdb4,d89c6b4966b9ec618dd5aa7dc212ecd1d40bff80112d8d7ccc713d7edf6524df
deep,tf32,1,1,5,0.00499828252941,0.00499828252941,1.0,0.0,0.0,172368,991a9c35322e228f470c74ed36de50cf2fe5e80bcba5672f7e1f374633b1bdb4,991a9c35322e228f470c74ed36de50cf2fe5e80bcba5672f7e1f374633b1bdb4
deep,tf32,1,2,1,0.00499894144014,0.00499894516543,1.000000745215771,6.277114152908325e-07,6.179135900101158e-07,172368,f10cc577ac29a5d4df5b3d683d5d258da9c0cfaec650d7e6383fd347a8699a5d,d2e224c6914a9f825b9ac435dc7c216d8676acc959f98aa200c9c84ea38cfb94
deep,tf32,1,2,2,0.00499894144014,0.00499894283712,1.0000002794551641,1.0803341865539551e-07,1.0708177114645232e-07,172368,f10cc577ac29a5d4df5b3d683d5d258da9c0cfaec650d7e6383fd347a8699a5d,8185541f1656e82f4ce7d77669ab94d138588d18d41a9817d09c7ab86360cb8e
deep,tf32,1,2,3,0.00499894144014,0.00499894516543,1.000000745215771,6.277114152908325e-07,6.179135900101158e-07,172368,f10cc577ac29a5d4df5b3d683d5d258da9c0cfaec650d7e6383fd347a8699a5d,d2e224c6914a9f825b9ac435dc7c216d8676acc959f98aa200c9c84ea38cfb94
deep,tf32,1,2,4,0.00499894144014,0.00499894516543,1.000000745215771,7.133930921554565e-07,7.06713977827659e-07,172368,f10cc577ac29a5d4df5b3d683d5d258da9c0cfaec650d7e6383fd347a8699a5d,2931951df17f0f957acdcc92b17f7b5cd58753376d561bb2d7c8e3c35bb5df7e
deep,tf32,1,2,5,0.00499894144014,0.00499894144014,1.0,0.0,0.0,172368,f10cc577ac29a5d4df5b3d683d5d258da9c0cfaec650d7e6383fd347a8699a5d,f10cc577ac29a5d4df5b3d683d5d258da9c0cfaec650d7e6383fd347a8699a5d
medium,f32,0,0,1,0.00501445587724,0.0050144540146,0.9999996285459387,3.166496753692627e-08,3.083947953124695e-08,935946,503751db0c66880ef4b435691cfcdd8460811baf174364b8fd6a805c131f45d3,f272c7383e4d8ab9e7c04d503baf53aa2b92c4d99b9e3610dc34521a2385aa11
medium,f32,0,0,2,0.00501445587724,0.00501445587724,1.0,0.0,0.0,935946,503751db0c66880ef4b435691cfcdd8460811baf174364b8fd6a805c131f45d3,503751db0c66880ef4b435691cfcdd8460811baf174364b8fd6a805c131f45d3
medium,f32,0,0,3,0.00501445587724,0.0050144540146,0.9999996285459387,3.166496753692627e-08,3.083947953124695e-08,935946,503751db0c66880ef4b435691cfcdd8460811baf174364b8fd6a805c131f45d3,f272c7383e4d8ab9e7c04d503baf53aa2b92c4d99b9e3610dc34521a2385aa11
medium,f32,0,0,4,0.00501445587724,0.00501445587724,1.0,2.468004822731018e-08,2.4618709308832775e-08,935946,503751db0c66880ef4b435691cfcdd8460811baf174364b8fd6a805c131f45d3,df8e9d546d36ebe4d5dfb465d918164e88a4c87c9fd2ad7b8ccc71d196103338
medium,f32,0,1,1,0.00500313285738,0.00500313285738,1.0,2.0954757928848267e-08,2.0867767390881082e-08,935946,81306cd7f1744f5b7c14cd57e61be3de850f28211d4bccb58d45824b3f7c4d6b,50d10e83a0c1bedd3c2648a7f3de2d0645ddd869ad418e9337c2b3874d0abc45
medium,f32,0,1,2,0.00500313285738,0.00500313285738,1.0,0.0,0.0,935946,81306cd7f1744f5b7c14cd57e61be3de850f28211d4bccb58d45824b3f7c4d6b,81306cd7f1744f5b7c14cd57e61be3de850f28211d4bccb58d45824b3f7c4d6b
medium,f32,0,1,3,0.00500313285738,0.00500313285738,1.0,2.0954757928848267e-08,2.0867767390881082e-08,935946,81306cd7f1744f5b7c14cd57e61be3de850f28211d4bccb58d45824b3f7c4d6b,50d10e83a0c1bedd3c2648a7f3de2d0645ddd869ad418e9337c2b3874d0abc45
medium,f32,0,1,4,0.00500313285738,0.00500313285738,1.0,2.561137080192566e-08,2.5471565300184402e-08,935946,81306cd7f1744f5b7c14cd57e61be3de850f28211d4bccb58d45824b3f7c4d6b,cc335cf81753c1a68b412fc57fef465138f886534115d763cbc817b4f093a9c7
medium,f32,0,2,1,0.00501160742715,0.00501160649583,0.9999998141674078,2.60770320892334e-08,2.5861190146859214e-08,935946,b94f819bcec484cac0275ce00887ffd0b2713eb562e18976333b7678657ec080,85901937305e96c02775d78d29cef3a1e0702c3fce4e8d0ffa0164a9aeef1629
medium,f32,0,2,2,0.00501160742715,0.00501160742715,1.0,0.0,0.0,935946,b94f819bcec484cac0275ce00887ffd0b2713eb562e18976333b7678657ec080,b94f819bcec484cac0275ce00887ffd0b2713eb562e18976333b7678657ec080
medium,f32,0,2,3,0.00501160742715,0.00501160649583,0.9999998141674078,2.60770320892334e-08,2.5861190146859214e-08,935946,b94f819bcec484cac0275ce00887ffd0b2713eb562e18976333b7678657ec080,85901937305e96c02775d78d29cef3a1e0702c3fce4e8d0ffa0164a9aeef1629
medium,f32,0,2,4,0.00501160742715,0.00501160696149,0.9999999070837038,2.0489096641540527e-08,2.0353179057679302e-08,935946,b94f819bcec484cac0275ce00887ffd0b2713eb562e18976333b7678657ec080,2f9b373a188bd26514faffc0e7cc2c582dc99ab4b71001d00aa08702bb3b4773
medium,f32,1,0,1,0.00500488188118,0.00500488188118,1.0,2.9802322387695312e-08,2.9169763819514253e-08,1069578,172e5c2fd2ecbb9ee12d679c213fcc23945f1e89cf1e1b2cee54f00ac9d06801,2f1f1b8a430fb7298edc28bc0bc918c7b77283fc5c1a697be4809a366839d459
medium,f32,1,0,2,0.00500488188118,0.00500488188118,1.0,0.0,0.0,1069578,172e5c2fd2ecbb9ee12d679c213fcc23945f1e89cf1e1b2cee54f00ac9d06801,172e5c2fd2ecbb9ee12d679c213fcc23945f1e89cf1e1b2cee54f00ac9d06801
medium,f32,1,0,3,0.00500488188118,0.00500488188118,1.0,2.9802322387695312e-08,2.9169763819514253e-08,1069578,172e5c2fd2ecbb9ee12d679c213fcc23945f1e89cf1e1b2cee54f00ac9d06801,2f1f1b8a430fb7298edc28bc0bc918c7b77283fc5c1a697be4809a366839d459
medium,f32,1,0,4,0.00500488188118,0.00500488188118,1.0,4.563480615615845e-08,4.502339747435757e-08,1069578,172e5c2fd2ecbb9ee12d679c213fcc23945f1e89cf1e1b2cee54f00ac9d06801,f58fb3d296a396bd647369dde2aaf5d929fff5631353151d078205a041a81a0d
medium,f32,1,0,5,0.00500488188118,0.00500488188118,1.0,0.0,0.0,1069578,172e5c2fd2ecbb9ee12d679c213fcc23945f1e89cf1e1b2cee54f00ac9d06801,172e5c2fd2ecbb9ee12d679c213fcc23945f1e89cf1e1b2cee54f00ac9d06801
medium,f32,1,1,1,0.00501585938036,0.00501585286111,0.9999987002725743,4.807952791452408e-08,4.804740054552197e-08,1069578,d9d4c0a651831598933a8a610ae807c5be720d4ac3e90e27e5a6b27dfd1bcbbf,a5a68350d38b8447fd07e55ed372920feaacb63d103f4c9c003726ca6edbe37e
medium,f32,1,1,2,0.00501585938036,0.00501585938036,1.0,0.0,0.0,1069578,d9d4c0a651831598933a8a610ae807c5be720d4ac3e90e27e5a6b27dfd1bcbbf,d9d4c0a651831598933a8a610ae807c5be720d4ac3e90e27e5a6b27dfd1bcbbf
medium,f32,1,1,3,0.00501585938036,0.00501585286111,0.9999987002725743,4.807952791452408e-08,4.804740054552197e-08,1069578,d9d4c0a651831598933a8a610ae807c5be720d4ac3e90e27e5a6b27dfd1bcbbf,a5a68350d38b8447fd07e55ed372920feaacb63d103f4c9c003726ca6edbe37e
medium,f32,1,1,4,0.00501585938036,0.00501585518941,0.9999991644602287,3.3760443329811096e-08,3.3661588765702433e-08,1069578,d9d4c0a651831598933a8a610ae807c5be720d4ac3e90e27e5a6b27dfd1bcbbf,e602a6a0b56051d1a3ee9b8f7f8ca5b617d7e76ff02c2f4e11773390a8c60199
medium,f32,1,1,5,0.00501585938036,0.00501585938036,1.0,0.0,0.0,1069578,d9d4c0a651831598933a8a610ae807c5be720d4ac3e90e27e5a6b27dfd1bcbbf,d9d4c0a651831598933a8a610ae807c5be720d4ac3e90e27e5a6b27dfd1bcbbf
medium,f32,1,2,1,0.00500325579196,0.00500325579196,1.0,1.816079020500183e-08,1.8062528393947277e-08,1069578,ea9893c3f276843098701920d00104f7214772b8b907d0f08a7280991676d221,e1a08c749e57fe46e2c0dd2caeb6c52e2dcc337745806e7e0cf67d312dc80fb9
medium,f32,1,2,2,0.00500325579196,0.00500325579196,1.0,0.0,0.0,1069578,ea9893c3f276843098701920d00104f7214772b8b907d0f08a7280991676d221,ea9893c3f276843098701920d00104f7214772b8b907d0f08a7280991676d221
medium,f32,1,2,3,0.00500325579196,0.00500325579196,1.0,1.816079020500183e-08,1.8062528393947277e-08,1069578,ea9893c3f276843098701920d00104f7214772b8b907d0f08a7280991676d221,e1a08c749e57fe46e2c0dd2caeb6c52e2dcc337745806e7e0cf67d312dc80fb9
medium,f32,1,2,4,0.00500325579196,0.00500325486064,0.9999998138572084,2.0489096641540527e-08,2.0407833843490993e-08,1069578,ea9893c3f276843098701920d00104f7214772b8b907d0f08a7280991676d221,cd5f2e9d4a7fd9faeb550a3697e24bd36103fff7cca37c3464eec34df1c206a8
medium,f32,1,2,5,0.00500325579196,0.00500325579196,1.0,0.0,0.0,1069578,ea9893c3f276843098701920d00104f7214772b8b907d0f08a7280991676d221,ea9893c3f276843098701920d00104f7214772b8b907d0f08a7280991676d221
medium,tf32,0,0,1,0.00502074696124,0.00501445773989,0.9987473534518762,6.871414370834827e-06,6.862595414797305e-06,935946,58401d7fac11cb038bae515d893f0d362f88371f6a8f6e02888dd53c63b498b8,879f57b126c11a4198a4cd0fde2e88f69ff897cb7542b0a7871740300f13a486
medium,tf32,0,0,2,0.00502074696124,0.00502147478983,1.000144964204653,2.2599706426262856e-06,2.2560287111606056e-06,935946,58401d7fac11cb038bae515d893f0d362f88371f6a8f6e02888dd53c63b498b8,e751e7a190ae3acefdf981e4c26b785ed6d13ce688329b1d277f0d7d4b67beaa
medium,tf32,0,0,3,0.00502074696124,0.00501445773989,0.9987473534518762,6.871414370834827e-06,6.862595414797305e-06,935946,58401d7fac11cb038bae515d893f0d362f88371f6a8f6e02888dd53c63b498b8,879f57b126c11a4198a4cd0fde2e88f69ff897cb7542b0a7871740300f13a486
medium,tf32,0,0,4,0.00502074696124,0.00501445587724,0.9987469824612618,6.869900971651077e-06,6.861083957950336e-06,935946,58401d7fac11cb038bae515d893f0d362f88371f6a8f6e02888dd53c63b498b8,df8e9d546d36ebe4d5dfb465d918164e88a4c87c9fd2ad7b8ccc71d196103338
medium,tf32,0,1,1,0.00500625371933,0.00500313285738,0.9993766073145774,8.210539817810059e-06,8.18145760050046e-06,935946,ff18a5f6c1daa67f395bb6e7960f9d00bb8a14d493eb1e2c2844ee4d783be9bf,f5e1ca62b0392c9c20701bd0f3e1625e4ce488ab614d01b6bdbf6f42bef65c35
medium,tf32,0,1,2,0.00500625371933,0.00500604789704,0.9999588869638778,2.9588118195533752e-06,2.943587311052884e-06,935946,ff18a5f6c1daa67f395bb6e7960f9d00bb8a14d493eb1e2c2844ee4d783be9bf,1e691b1ff7b333fd41a62cb4f4bf8d00863099ac7027b9beed62a1ee3ee6986c
medium,tf32,0,1,3,0.00500625371933,0.00500313285738,0.9993766073145774,8.210539817810059e-06,8.18145760050046e-06,935946,ff18a5f6c1daa67f395bb6e7960f9d00bb8a14d493eb1e2c2844ee4d783be9bf,f5e1ca62b0392c9c20701bd0f3e1625e4ce488ab614d01b6bdbf6f42bef65c35
medium,tf32,0,1,4,0.00500625371933,0.00500313285738,0.9993766073145774,8.20518471300602e-06,8.176121463794146e-06,935946,ff18a5f6c1daa67f395bb6e7960f9d00bb8a14d493eb1e2c2844ee4d783be9bf,cc335cf81753c1a68b412fc57fef465138f886534115d763cbc817b4f093a9c7
medium,tf32,0,2,1,0.00501529779285,0.00501160882413,0.999264456693826,8.354196324944496e-06,8.332807269863869e-06,935946,1f9f36a9d0beadaf45de807888506a0b5669f73a76702c54bd678d94818eaee4,cf81b5de23ff3eb97e0b60ff12c36ed6af7ccb85cbb5f2b3c0572b94ae873764
medium,tf32,0,2,2,0.00501529779285,0.0050186496228,1.0006683212220775,7.438473403453827e-06,7.406642288952851e-06,935946,1f9f36a9d0beadaf45de807888506a0b5669f73a76702c54bd678d94818eaee4,f085f651a596e97416e822da993eb12ac7ec585586ebd55367f94028e9ed1059
medium,tf32,0,2,3,0.00501529779285,0.00501160882413,0.999264456693826,8.354196324944496e-06,8.332807269863869e-06,935946,1f9f36a9d0beadaf45de807888506a0b5669f73a76702c54bd678d94818eaee4,cf81b5de23ff3eb97e0b60ff12c36ed6af7ccb85cbb5f2b3c0572b94ae873764
medium,tf32,0,2,4,0.00501529779285,0.00501160696149,0.9992640853021205,8.35140235722065e-06,8.330020455470781e-06,935946,1f9f36a9d0beadaf45de807888506a0b5669f73a76702c54bd678d94818eaee4,2f9b373a188bd26514faffc0e7cc2c582dc99ab4b71001d00aa08702bb3b4773
medium,tf32,1,0,1,0.00500788772479,0.00500499038026,0.9994214437924281,5.969079211354256e-06,5.948701092925497e-06,1069578,d1202e76d49b627c21dfedf734a8ab584d93e500eef4a246aedc1f45ec13a166,fcff9fa063d69fb2359a3b48579692f16906c780d07afe2b6dd6cfc50d31b995
medium,tf32,1,0,2,0.00500788772479,0.00500809773803,1.0000419364912998,2.782326191663742e-06,2.7730336142440286e-06,1069578,d1202e76d49b627c21dfedf734a8ab584d93e500eef4a246aedc1f45ec13a166,e787f25f464255cb890b66164924fe7ac47666087ba678dc977a18606f3ce2b1
medium,tf32,1,0,3,0.00500788772479,0.00500499038026,0.9994214437924281,5.969079211354256e-06,5.948701092925497e-06,1069578,d1202e76d49b627c21dfedf734a8ab584d93e500eef4a246aedc1f45ec13a166,fcff9fa063d69fb2359a3b48579692f16906c780d07afe2b6dd6cfc50d31b995
medium,tf32,1,0,4,0.00500788772479,0.00500498805195,0.9994209788638739,5.983514711260796e-06,5.963087310804398e-06,1069578,d1202e76d49b627c21dfedf734a8ab584d93e500eef4a246aedc1f45ec13a166,be1ccfdf21cfec7cc34c1a1fa744dfcd24d97972ccc5c1fd07f7795d4440906d
medium,tf32,1,0,5,0.00500788772479,0.00500566139817,0.9995554359957036,4.18955460190773e-06,4.175911342586694e-06,1069578,d1202e76d49b627c21dfedf734a8ab584d93e500eef4a246aedc1f45ec13a166,8a5d5517bd8e08f1f065a4814aa402a5128d188035a17ee1f21eaab8cba634d3
medium,tf32,1,1,1,0.00502611603588,0.00501586077735,0.9979596056961696,7.41821713745594e-06,7.392193097839352e-06,1069578,78d747efc72efe2636c87e8cbed3c7331fd0ad6e00549e6580a616612cb9672e,b80480e59693c928ddfc67ca8f34631ff9746033cc22aec7885f9dbadf530e2a
medium,tf32,1,1,2,0.00502611603588,0.00502618867904,1.000014453140254,1.12154521048069e-05,1.117610688688119e-05,1069578,78d747efc72efe2636c87e8cbed3c7331fd0ad6e00549e6580a616612cb9672e,608d5d333725beeb23e7f80c0be6a9c6af69f747ecea44b84c387891c879bf7f
medium,tf32,1,1,3,0.00502611603588,0.00501586077735,0.9979596056961696,7.41821713745594e-06,7.392193097839352e-06,1069578,78d747efc72efe2636c87e8cbed3c7331fd0ad6e00549e6580a616612cb9672e,b80480e59693c928ddfc67ca8f34631ff9746033cc22aec7885f9dbadf530e2a
medium,tf32,1,1,4,0.00502611603588,0.0050158710219,0.9979616439598958,7.416820153594017e-06,7.3908010147726864e-06,1069578,78d747efc72efe2636c87e8cbed3c7331fd0ad6e00549e6580a616612cb9672e,0d72ba1b015133c29a0e365c58ab199a9f844123deb53c130bf139a9ac621898
medium,tf32,1,1,5,0.00502611603588,0.00502397213131,0.9995734470603752,1.4395453035831451e-05,1.434495197430123e-05,1069578,78d747efc72efe2636c87e8cbed3c7331fd0ad6e00549e6580a616612cb9672e,0b6f1add244416b83d6308460b9840bec6dcb1a4ed4ef076d1b7f0d67c6b6662
medium,tf32,1,2,1,0.00500639760867,0.00500330235809,0.9993817409598791,9.860843420028687e-06,9.841484584380295e-06,1069578,19b07ff94a26815b73750ffa7276b1a2aeb9c350477d272c804ba3e842b04251,1c8a4d2367e7591eb700d929277bb4f06148d090636c41af3be43a7f3bc975a9
medium,tf32,1,2,2,0.00500639760867,0.00500646233559,1.0000129288412667,2.8223730623722076e-06,2.804906256316795e-06,1069578,19b07ff94a26815b73750ffa7276b1a2aeb9c350477d272c804ba3e842b04251,d4923b5df4d07d861bc1b21f10e1e1f57e3b7b06b5ba3f59e67483b092b641dc
medium,tf32,1,2,3,0.00500639760867,0.00500330235809,0.9993817409598791,9.860843420028687e-06,9.841484584380295e-06,1069578,19b07ff94a26815b73750ffa7276b1a2aeb9c350477d272c804ba3e842b04251,1c8a4d2367e7591eb700d929277bb4f06148d090636c41af3be43a7f3bc975a9
medium,tf32,1,2,4,0.00500639760867,0.00500330235809,0.9993817409598791,9.851064532995224e-06,9.831724895285472e-06,1069578,19b07ff94a26815b73750ffa7276b1a2aeb9c350477d272c804ba3e842b04251,8bcb50bf6b515512911187b91ca4fc677abb735b2ffc62f1ab7fceb9a413b9ca
medium,tf32,1,2,5,0.00500639760867,0.00500563718379,0.9998481093713606,2.182670868933201e-06,2.1795784533869115e-06,1069578,19b07ff94a26815b73750ffa7276b1a2aeb9c350477d272c804ba3e842b04251,d47e3c42e7525bcb7cc8c16df5b6e00a4aeb42f20a6cf6335c4f9ace64399b5f
