case,precision,protocol,branch,mode,control_ms,candidate_ms,ratio,seed_ratio_min,seed_ratio_max,control_min,control_max,candidate_min,candidate_max,samples
deep,f32,host,0,1,0.5106995000000001,0.6017895,1.1805325511678058,1.167321414098211,1.1900503846172679,0.506889,0.526912,0.592578,0.614553,60
deep,f32,host,0,2,0.5100275,0.5566605,1.092017598131547,1.080897365257707,1.092789539484733,0.505107,0.523518,0.549548,0.568463,60
deep,f32,host,0,3,0.5100199999999999,0.973495,1.9075096228885218,1.900569102020224,1.9086874630868278,0.502717,0.521133,0.962242,0.979321,60
deep,f32,host,0,4,0.511169,2.198932,4.302351590839646,4.291583874330016,4.3073074141031125,0.502756,0.524572,2.187569,2.208955,60
deep,f32,host,1,1,0.638255,0.7267975,1.1431269753792965,1.1303352410826621,1.1431768723268154,0.627564,0.645569,0.719059,0.742854,60
deep,f32,host,1,2,0.6347510000000001,0.687846,1.0872586018169819,1.0862279199305394,1.08766551518836,0.627218,0.651616,0.677492,0.717852,60
deep,f32,host,1,3,0.6358285,1.0926865000000001,1.7213603982834993,1.706106351149191,1.7302127807501841,0.629556,0.647787,1.084009,1.108244,60
deep,f32,host,1,4,0.6379245,2.5405655,3.9775139016429897,3.9744868264597293,3.996135058284737,0.627279,0.647986,2.530494,2.554211,60
deep,f32,host,1,5,0.638982,0.637272,0.9974446457122407,0.9965640587849326,0.9995659895321366,0.631093,0.653844,0.627877,0.646473,60
deep,f32,resident,0,1,0.309981,0.396184,1.2851276759881163,1.2528046714027732,1.2881602819630769,0.306545,0.326696,0.392993,0.411205,60
deep,f32,resident,0,2,0.3089,0.3542995,1.1459828105563254,1.1436660598246853,1.1613910368001295,0.30595,0.313143,0.351916,0.371657,60
deep,f32,resident,0,3,0.3084735,0.7683205,2.4903165178484334,2.4815403059542813,2.4937960635192327,0.305892,0.322436,0.762861,0.77921,60
deep,f32,resident,0,4,0.30998749999999997,1.9981485,6.422536117221772,6.410927982686818,6.473385532532212,0.306175,0.324177,1.993086,2.011703,60
deep,f32,resident,1,1,0.4357955,0.520258,1.19380117120094,1.190305196194285,1.1942982999802592,0.43246,0.44697,0.517113,0.531808,60
deep,f32,resident,1,2,0.436913,0.48433499999999996,1.1061404942524662,1.1035030702770037,1.1110314472468055,0.43353,0.446097,0.48163,0.495483,60
deep,f32,resident,1,3,0.436535,0.886152,2.033024890150065,2.0239985261252316,2.0336239602341806,0.434228,0.447457,0.881261,0.896475,60
deep,f32,resident,1,4,0.436073,2.3411619999999997,5.369321191635345,5.346163372976329,5.3768823142049715,0.433466,0.446857,2.335049,2.348474,60
deep,f32,resident,1,5,0.437228,0.437348,1.0006939949494487,0.9976928464506915,1.0038107691375706,0.432881,0.453079,0.432649,0.448097,60
deep,tf32,host,0,1,0.4680475,0.5726095,1.2252172089750972,1.2196771755270959,1.2256972812696652,0.45977,0.479954,0.564937,0.590602,60
deep,tf32,host,0,2,0.4681375,0.528484,1.1306274010422799,1.1225245494387026,1.140172313021813,0.46276,0.480143,0.519459,0.542487,60
deep,tf32,host,0,3,0.4680435,0.947214,2.0293137331382716,2.019685249115629,2.0306080312161803,0.459233,0.479684,0.932907,0.959859,60
deep,tf32,host,0,4,0.468428,2.1777465,4.651673026044501,4.649169206925488,4.672222609441601,0.458737,0.482499,2.166443,2.222549,60
deep,tf32,host,1,1,0.5895760000000001,0.6976195000000001,1.1857147836169617,1.174861299854657,1.1868825681087292,0.581914,0.607876,0.689303,0.707683,60
deep,tf32,host,1,2,0.589172,0.64961,1.1040684233284872,1.1002438993353212,1.1067870403656423,0.579713,0.604952,0.640025,0.661498,60
deep,tf32,host,1,3,0.587936,1.063139,1.8065597672592808,1.8049889319972392,1.822494180564496,0.580462,0.601384,1.056835,1.078345,60
deep,tf32,host,1,4,0.5894775,2.5249385,4.277225994163966,4.246005500842274,4.298868974584071,0.580782,0.602501,2.509725,2.534479,60
deep,tf32,host,1,5,0.587376,0.58985,1.000285565718475,0.9965446431431524,1.0082854164908934,0.580563,0.60927,0.583049,0.610226,60
deep,tf32,resident,0,1,0.265935,0.372004,1.4038378876847888,1.370850186031698,1.4116951978113368,0.262842,0.288062,0.369741,0.381154,60
deep,tf32,resident,0,2,0.2674335,0.3272395,1.226521219753864,1.2227171575853748,1.229094314149849,0.263446,0.275635,0.324521,0.343724,60
deep,tf32,resident,0,3,0.26537849999999996,0.7439555,2.795378960924208,2.79051046801948,2.8104113013179823,0.263086,0.285848,0.738821,0.755491,60
deep,tf32,resident,0,4,0.264695,1.9872445,7.512212757602531,7.500156716727907,7.530266885626406,0.262802,0.274467,1.979855,1.995589,60
deep,tf32,resident,1,1,0.3890565,0.492146,1.264257212994384,1.258742161088028,1.281677445025458,0.386007,0.440409,0.485053,0.566504,60
deep,tf32,resident,1,2,0.3900405,0.44917799999999997,1.1449967527216813,1.13564083331317,1.148831645122991,0.385869,0.432473,0.444244,0.487005,60
deep,tf32,resident,1,3,0.4003765,0.8699874999999999,2.199457006125722,2.1581968626312764,2.202690328504039,0.385518,0.772705,0.852374,0.973988,60
deep,tf32,resident,1,4,0.391927,2.3320315000000003,6.022769546782151,5.947659895847951,6.058357300228638,0.385131,0.439774,2.32572,2.757512,60
deep,tf32,resident,1,5,0.388703,0.390887,1.0000090306849774,0.9985910222830084,1.0118261079063204,0.385258,0.443191,0.385487,0.432406,60
irregular,f32,host,0,1,0.180578875,0.18165474999999998,1.003651973745606,0.9972794289726189,1.007655928190184,0.17692575,0.18816425,0.1779345,0.1864085,60
irregular,f32,host,0,2,0.181372375,0.19044899999999998,1.04738251822193,1.0336538265337354,1.060652609747667,0.17916525,0.18916475,0.18633175,0.19637325,60
irregular,f32,host,0,3,0.182678125,0.18076637499999998,0.9972038725397327,0.9717214682477681,1.0163680351574624,0.17814725,0.18978,0.17800025,0.19280425,60
irregular,f32,host,0,4,0.181441,0.182602,1.0128970321404653,1.0006647092378758,1.0279555577255142,0.17786225,0.19319025,0.17783525,0.1934715,60
irregular,f32,host,1,1,0.19946599999999998,0.20010875,1.0017414990567926,0.9845221093509275,1.0065459914896417,0.195758,0.2185435,0.1967455,0.212655,60
irregular,f32,host,1,2,0.199195125,0.210353125,1.0529731819122858,1.0471353057750927,1.059776875820657,0.19725175,0.2071915,0.2051605,0.21573175,60
irregular,f32,host,1,3,0.199583125,0.198870375,0.9996283960215342,0.9883022344159127,0.9999893188639544,0.1960215,0.20994375,0.19608725,0.20787225,60
irregular,f32,host,1,4,0.202069,0.199448375,0.9894460012933821,0.981039407466027,1.000667169242367,0.19504475,0.21156425,0.195492,0.2082415,60
irregular,f32,host,1,5,0.199633125,0.20104175,1.0060583093388864,0.997939352046904,1.0158103559084002,0.19676925,0.21090175,0.19750375,0.2106975,60
irregular,f32,resident,0,1,0.108611125,0.10814575,0.9954051656412983,0.9859842941179822,1.0006543534155863,0.1069965,0.119963,0.10663175,0.1109525,60
irregular,f32,resident,0,2,0.10871600000000001,0.11858712499999999,1.0871026508703374,1.0730269060053828,1.1010021030081558,0.10718425,0.114503,0.1171375,0.12880225,60
irregular,f32,resident,0,3,0.108658125,0.108764375,1.0040964957451048,0.991730429698314,1.0060459560914572,0.10654275,0.12404475,0.1067005,0.12439225,60
irregular,f32,resident,0,4,0.10846425,0.107970875,0.9984757257597734,0.9832753942195681,1.00085512046596,0.10666525,0.125851,0.106549,0.11551875,60
irregular,f32,resident,1,1,0.12255925000000001,0.121140625,0.9827826258272798,0.9801908595606502,1.0060820424337609,0.119436,0.128832,0.119445,0.129266,60
irregular,f32,resident,1,2,0.12211487500000001,0.1312215,1.0690247069860426,1.0541353639733817,1.1044446688498104,0.119965,0.129805,0.129515,0.14266025,60
irregular,f32,resident,1,3,0.12256662500000001,0.12113275,0.9996574741816006,0.9686085975636788,1.0022741387876781,0.11946425,0.13289125,0.119263,0.13201575,60
irregular,f32,resident,1,4,0.121699625,0.12068075,0.9929311313798989,0.9831571037409692,0.9990872664354132,0.1196585,0.1282555,0.119239,0.1269045,60
irregular,f32,resident,1,5,0.121735375,0.122785875,1.0085124197599777,0.9941815245471416,1.0151018149944777,0.119464,0.13736825,0.1198925,0.140442,60
irregular,tf32,host,0,1,0.1812725,0.1807875,0.9967218796682369,0.9885670856506621,0.997270318785563,0.178801,0.1933085,0.1766535,0.2002335,60
irregular,tf32,host,0,2,0.182130375,0.19049825,1.0460255809694816,1.0440401422987398,1.0518612567119483,0.176904,0.18931225,0.18878375,0.197384,60
irregular,tf32,host,0,3,0.180842375,0.180565875,1.0015547411673251,0.9966685294244081,1.0048898941031876,0.1771485,0.19225075,0.177808,0.188767,60
irregular,tf32,host,0,4,0.182167125,0.18443312499999998,1.001979527981895,0.9994583978906737,1.0274307420898854,0.17776575,0.191699,0.178435,0.19102575,60
irregular,tf32,host,1,1,0.20103237499999999,0.200236625,0.9945971133522253,0.9855403297156017,1.0095635507927196,0.196285,0.2134035,0.19632225,0.2117655,60
irregular,tf32,host,1,2,0.19950099999999998,0.209629,1.052998782761089,1.0384015472341512,1.0538229114155295,0.194667,0.210473,0.205715,0.217716,60
irregular,tf32,host,1,3,0.1995575,0.199241625,1.002637689001869,0.9860761180477433,1.0127013539460263,0.1965635,0.21112275,0.19613825,0.208443,60
irregular,tf32,host,1,4,0.20034524999999997,0.19878162500000002,0.9932879758115373,0.991010398266144,0.9977952989661918,0.19651075,0.210138,0.195071,0.20976025,60
irregular,tf32,host,1,5,0.198788125,0.20333537499999998,1.0256558785572956,1.0018473359553721,1.0352814354555715,0.196319,0.206634,0.19577275,0.213583,60
irregular,tf32,resident,0,1,0.107876125,0.107604375,0.9988941575622832,0.9965043973567117,0.9989547867302957,0.106016,0.11742925,0.10615025,0.12195625,60
irregular,tf32,resident,0,2,0.107846375,0.118438,1.095707929041842,1.08412425441743,1.0983814000055623,0.10590425,0.116695,0.11658325,0.1287365,60
irregular,tf32,resident,0,3,0.108296125,0.108909375,1.0042496034089463,0.9998937793534474,1.0176501397457232,0.10635825,0.124535,0.10583175,0.11613275,60
irregular,tf32,resident,0,4,0.107578375,0.108308875,1.0062991630629285,0.9911634471119921,1.0104946615433683,0.10593925,0.12003275,0.1061165,0.11541875,60
irregular,tf32,resident,1,1,0.12195862499999999,0.12164025,0.9973427920558963,0.993743038822161,1.004511250487516,0.11918075,0.1339705,0.11903675,0.1287025,60
irregular,tf32,resident,1,2,0.12075325,0.130467375,1.079251641572434,1.0720732568066962,1.083676825735662,0.11976375,0.127171,0.129253,0.1348775,60
irregular,tf32,resident,1,3,0.120760375,0.12132137500000001,1.0070679524538444,0.99259279786354,1.0100061651322914,0.1190135,0.12502025,0.118917,0.131385,60
irregular,tf32,resident,1,4,0.12093575000000001,0.120943875,1.0075415358305666,0.9924291448930378,1.0129490245853685,0.11907925,0.1307605,0.118831,0.13178725,60
irregular,tf32,resident,1,5,0.12141474999999999,0.12136675,0.9993348041667617,0.990966417690757,1.0083502369257082,0.11891125,0.13073825,0.11949225,0.1347895,60
large,f32,host,0,1,21.209,21.660195,1.0213225819075609,1.0203711236163036,1.0215380502416442,21.05766,21.36823,21.52243,21.8489,60
large,f32,host,0,2,21.207545,21.89668,1.0319890986593954,1.0310866804187384,1.032714135123089,20.99282,21.34169,21.76813,22.11738,60
large,f32,host,0,3,21.171055,31.516405,1.4892927955823794,1.4842404401325522,1.4896017365940335,20.9302,21.30218,31.29204,31.83737,60
large,f32,host,0,4,21.1574,54.791875000000005,2.5943511521090143,2.586101415334006,2.5956607648890913,21.02261,21.38501,54.07719,56.12596,60
large,f32,host,1,1,23.87435,24.274385,1.0168179405249347,1.0159676112406462,1.017854869089256,23.71801,24.26401,24.00113,24.52675,60
large,f32,host,1,2,23.84356,24.51538,1.0282708849041373,1.0259446145725322,1.0300411801439833,23.68068,24.11491,24.37603,24.72619,60
large,f32,host,1,3,23.81795,34.19455,1.4344992795577793,1.4283771884388274,1.4487741903218154,23.49033,24.07971,33.98742,34.44471,60
large,f32,host,1,4,23.84585,57.918459999999996,2.4328564096118432,2.4244197963640013,2.4412012867272996,23.58598,24.08591,57.48542,59.28816,60
large,f32,host,1,5,23.84421,23.995905,1.006746791187127,1.0035760943713015,1.0070402013295061,23.64025,24.00033,23.74217,24.28272,60
large,f32,resident,0,1,15.115590000000001,15.46233,1.02325988784036,1.02254872684825,1.02453782648495,14.98348,15.4749,15.41992,15.97386,60
large,f32,resident,0,2,15.072165,15.67993,1.0410240080117465,1.0369825690941785,1.041111226136629,14.98179,15.46095,15.58542,16.15682,60
large,f32,resident,0,3,15.100840000000002,24.931085,1.6514031815200743,1.6472966592292118,1.6544729699725276,15.00084,15.44418,24.71509,25.29525,60
large,f32,resident,0,4,15.11329,48.077905,3.181934931223686,3.1785653553925055,3.1829553873835734,14.98151,15.46925,47.91698,48.24367,60
large,f32,resident,1,1,17.61757,18.055974999999997,1.0231036402863731,1.0218040624652787,1.0268309300936578,17.45486,18.43208,17.9188,18.80037,60
large,f32,resident,1,2,17.614055,18.228814999999997,1.0355702375566864,1.0298648382010314,1.0370783445379272,17.46901,18.43404,18.03045,19.01137,60
large,f32,resident,1,3,17.5676,27.82726,1.5815701339721544,1.577958388936859,1.5955076858009152,17.44987,18.43955,27.65008,28.05704,60
large,f32,resident,1,4,17.64039,51.334735,2.9079240481578092,2.9044429236778546,2.918770569922031,17.46126,18.42671,51.17819,51.4215,60
large,f32,resident,1,5,17.644575,17.81636,1.0100316903401052,1.0097283771019454,1.0104010581842666,17.469,18.43362,17.6955,18.62689,60
large,tf32,host,0,1,18.07181,19.752245000000002,1.0928753381521485,1.090268274826144,1.0995348501484563,17.94161,18.16076,19.60311,20.01073,60
large,tf32,host,0,2,18.1012,19.32815,1.0678435202824892,1.0654382032882066,1.0693530085419456,17.96752,18.2272,19.21322,19.43665,60
large,tf32,host,0,3,18.037615000000002,29.30324,1.6237130083940956,1.6195495525643233,1.626921442276956,17.98432,18.1706,29.1247,29.55106,60
large,tf32,host,0,4,18.0598,54.751805,3.026968567722961,3.010854224362091,3.032141446248971,17.9557,18.21495,54.10285,55.97416,60
large,tf32,host,1,1,19.14051,21.615180000000002,1.1295133134518005,1.1260116200596564,1.1309717585245807,19.01805,19.2938,21.49552,21.85604,60
large,tf32,host,1,2,19.143214999999998,20.39809,1.0641991267379065,1.0632335308081307,1.0669341110809965,18.98987,19.26337,20.21503,20.45398,60
large,tf32,host,1,3,19.104550000000003,31.11992,1.629332488136041,1.6270507705546426,1.6296973570663544,18.97553,19.2386,30.9148,31.39363,60
large,tf32,host,1,4,19.13136,57.036915,2.977432182264482,2.9734265946621767,2.9872077581455017,19.02785,19.2204,56.3116,57.73532,60
large,tf32,host,1,5,19.120345,19.439445,1.0165122497999237,1.0160956491852595,1.0181285158618958,19.02641,19.26772,19.30433,19.63334,60
large,tf32,resident,0,1,10.079515,13.259985,1.3130126699845353,1.3111013254700368,1.3188785356038883,10.06175,10.22621,13.18094,13.48594,60
large,tf32,resident,0,2,10.077125,11.580015,1.1479419747457884,1.1476883589218865,1.150562817323138,10.05584,10.19484,11.52737,11.68249,60
large,tf32,resident,0,3,10.078814999999999,22.560445,2.2399066747315683,2.236437265013152,2.240128951102314,10.04953,10.16249,22.32556,23.00024,60
large,tf32,resident,0,4,10.104115,48.011165000000005,4.753350781659255,4.746372633756658,4.756903994065785,10.05219,10.17829,47.89637,48.25809,60
large,tf32,resident,1,1,11.862905,15.191365000000001,1.2806879933709323,1.2801455927530458,1.2810566039645634,11.83861,11.9339,15.14162,15.25942,60
large,tf32,resident,1,2,11.867415000000001,13.339575,1.1240747421246668,1.1235327313769754,1.1253402594424236,11.84383,11.92881,13.31477,13.48051,60
large,tf32,resident,1,3,11.858895,24.41793,2.057854029146976,2.052065753239798,2.0631266411779885,11.84082,11.95171,24.14906,24.67948,60
large,tf32,resident,1,4,11.85843,50.210629999999995,4.231548152158696,4.231463387904435,4.235895805468458,11.84254,11.92217,49.9964,50.39531,60
large,tf32,resident,1,5,11.86093,12.34788,1.040934422816082,1.0395332177854026,1.0412085930940307,11.84006,11.95382,12.32976,12.39606,60
medium,f32,host,0,1,2.059288125,2.158475,1.0389148077914707,1.0322433320062505,1.0440461022826668,1.9323775,2.15623125,2.0254325,2.25963625,60
medium,f32,host,0,2,2.057498125,2.083001875,0.9968977009017299,0.9957672777490328,1.0155902986936336,1.92731625,2.15488375,1.95525,2.1582875,60
medium,f32,host,0,3,2.047529375,3.1170318750000003,1.5055866600329106,1.4738039648281567,1.5420694812157556,1.9238025,2.14761,3.01392375,3.1956575,60
medium,f32,host,0,4,2.07327,4.689130625000001,2.262326499989299,2.24983752245969,2.286105030487154,1.9270625,2.15559125,4.61986625,4.88111875,60
medium,f32,host,1,1,2.295755625,2.3343437500000004,1.0198973527036561,1.0013157154209336,1.040022519615015,2.14923125,2.3381725,2.21089125,2.4409975,60
medium,f32,host,1,2,2.23439375,2.2543662500000003,1.0111691461788095,0.9852320217050426,1.0114289950014403,2.0942225,2.33632125,2.13763375,2.34011,60
medium,f32,host,1,3,2.232383125,3.3126187500000004,1.4914742302918416,1.4438367845995042,1.509151070819792,2.15495875,2.33361875,3.2042775,3.3770975,60
medium,f32,host,1,4,2.2640824999999998,4.883645625,2.1394033743366667,2.1142079599880588,2.200894213790276,2.143755,2.33944625,4.83216,4.92422125,60
medium,f32,host,1,5,2.210349375,2.2385462499999997,1.013158959300467,1.0032709360940897,1.032373007824126,2.113655,2.31244625,2.11120875,2.35124625,60
medium,f32,resident,0,1,0.871749375,0.959000625,1.10088043357717,1.0936756715531737,1.1032263782003635,0.83727,0.90056625,0.93114125,0.97472125,60
medium,f32,resident,0,2,0.871099375,0.8688081249999999,0.9978867231650651,0.9959706089790272,1.0007177891239623,0.8416925,0.8939325,0.82808,0.8981525,60
medium,f32,resident,0,3,0.8745037499999999,1.8662575000000001,2.131292395700336,2.1300878456426564,2.1377987920770023,0.834485,0.88967375,1.84713,1.874715,60
medium,f32,resident,0,4,0.874631875,3.3815049999999998,3.8692236595582608,3.8545991591843185,3.8700630574658472,0.84006375,0.89098,3.3718025,3.41949,60
medium,f32,resident,1,1,1.066734375,1.1495587500000002,1.0762201345673645,1.0754023171921485,1.0771578847400713,1.0429,1.07946375,1.12185,1.1605875,60
medium,f32,resident,1,2,1.064113125,1.057124375,0.9915225599639547,0.9888860994902422,0.9975459103317467,1.03553125,1.07516,1.028125,1.0723125,60
medium,f32,resident,1,3,1.0667325,2.0584350000000002,1.9301892464775234,1.9281221959567894,1.935260824893586,1.0327,1.07914625,2.04805125,2.0668175,60
medium,f32,resident,1,4,1.065385,3.60517375,3.3906031156672194,3.3758778000497456,3.391754589913979,1.0389825,1.0807025,3.5939175,3.616975,60
medium,f32,resident,1,5,1.06741875,1.071340625,1.0061047811397232,1.0015127255179166,1.0083890663594108,1.0365,1.085295,1.04948375,1.08527125,60
medium,tf32,host,0,1,2.0201506250000003,2.108769375,1.0707610642375749,1.0281920521942498,1.0791837624515075,1.8154925,2.05945125,1.97956625,2.21228375,60
medium,tf32,host,0,2,1.960631875,1.977603125,1.00672316037279,1.005316551409083,1.008746522824795,1.84279125,2.05845625,1.85308125,2.0803775,60
medium,tf32,host,0,3,1.9592999999999998,3.0886593749999998,1.5826882898184294,1.5537932102664511,1.601948082544108,1.84262625,2.04932875,3.01265875,3.15542625,60
medium,tf32,host,0,4,1.975791875,4.667136875000001,2.381417371700452,2.323595800704612,2.39844599071282,1.83121,2.06059,4.62362125,4.7149575,60
medium,tf32,host,1,1,2.119179375,2.31690125,1.0913218317417492,1.0569444001694088,1.124003316730605,2.0179125,2.21205625,2.14882375,2.37373,60
medium,tf32,host,1,2,2.0900724999999998,2.1162062500000003,1.01303977169198,0.9998015718027247,1.0487192895433546,1.976815,2.20070625,2.01240625,2.2357175,60
medium,tf32,host,1,3,2.1029906250000003,3.2373318749999997,1.548681866357272,1.4733698555629076,1.5524166496820757,2.00680125,2.20546875,3.18047125,3.30001875,60
medium,tf32,host,1,4,2.1427,4.858145,2.250861015089955,2.21451694926119,2.3329321814299098,2.01962875,2.2134875,4.80836625,4.911045,60
medium,tf32,host,1,5,2.1108599999999997,2.1442125,1.0116425737343058,1.0081955146377615,1.0296023706249855,1.97303,2.21027375,2.00138125,2.23586,60
medium,tf32,resident,0,1,0.7231125,0.89814625,1.2417824479470712,1.2396110629003625,1.2433358087651059,0.70400875,0.7315625,0.87942625,0.909595,60
medium,tf32,resident,0,2,0.722180625,0.748876875,1.0369648578038697,1.0317335891036326,1.0391770180003452,0.70681125,0.7328,0.72985875,0.75905625,60
medium,tf32,resident,0,3,0.7221593749999999,1.8063425,2.5018054072205906,2.4954446371131835,2.5058166956244294,0.70654375,0.73400375,1.799615,1.81421,60
medium,tf32,resident,0,4,0.723491875,3.382325625,4.67909103995297,4.6685290570019236,4.688427474565402,0.70688125,0.73614625,3.37511125,3.4179225,60
medium,tf32,resident,1,1,0.883616875,1.05275375,1.1896787456998907,1.1854586723160065,1.1913443260124241,0.8715825,0.90041,1.03786375,1.0668825,60
medium,tf32,resident,1,2,0.885689375,0.908033125,1.0266606486957606,1.0256679551732493,1.0268393509630271,0.86635125,0.89372375,0.89448625,0.91789875,60
medium,tf32,resident,1,3,0.8843162499999999,1.964595,2.2217830017445857,2.2171504907545505,2.224177473182867,0.87300375,0.8979675,1.9522725,1.977865,60
medium,tf32,resident,1,4,0.8836774999999999,3.583250625,4.0581874276245,4.048029128600454,4.062258207140489,0.8724125,0.89208125,3.56602875,3.59749,60
medium,tf32,resident,1,5,0.88328875,0.899916875,1.0176249018279147,1.0174666566835673,1.0211895518594227,0.8715175,0.89511625,0.88701625,0.91111125,60
small,f32,host,0,1,0.35943400000000003,0.378485333,1.0525957065217524,1.047174541439347,1.0564943504461035,0.352321333,0.370617333,0.370616,0.384761667,60
small,f32,host,0,2,0.35954733299999997,0.37612616649999997,1.0458398061602354,1.0445936243116574,1.0466810238114073,0.352037667,0.37748,0.369269667,0.382840667,60
small,f32,host,0,3,0.3611048335,0.45237666649999997,1.2528350669781818,1.249731337465458,1.2589844822480916,0.353113,0.374493333,0.445891,0.462730667,60
small,f32,host,0,4,0.35930633300000003,0.7038981664999999,1.9529519581344545,1.9529502634250626,1.9714234534798454,0.352668667,0.365639667,0.697395667,0.712585667,60
small,f32,host,1,1,0.405772,0.422608,1.0441418233179756,1.0418923732209378,1.0472768974227538,0.398444333,0.410392667,0.417044667,0.431303,60
small,f32,host,1,2,0.405625,0.4224938335,1.0402845225333814,1.0392373892506845,1.0489536011423235,0.398892,0.436487667,0.41482,0.444324333,60
small,f32,host,1,3,0.40605633350000003,0.497998167,1.2261029226468318,1.2243230415989155,1.2370718481265675,0.396322,0.410218667,0.490981,0.504895667,60
small,f32,host,1,4,0.4058445,0.7996581665,1.9745789335570643,1.9620435588678675,1.9789270575936813,0.399490333,0.413615,0.793545,0.813310333,60
small,f32,host,1,5,0.4065543335,0.40653916700000003,0.9963725914339912,0.9958032698746756,1.0030094281471347,0.39803,0.432937,0.401334667,0.412146333,60
small,f32,resident,0,1,0.1614168335,0.17769933300000001,1.0978053835913464,1.0931148632818413,1.1077945623990633,0.159317,0.173143667,0.175975333,0.185614667,60
small,f32,resident,0,2,0.1614386665,0.179034833,1.1045239291948508,1.0892061809214957,1.1076682460818943,0.159511,0.175646667,0.175467,0.186479,60
small,f32,resident,0,3,0.16170299999999999,0.252912833,1.572094349253778,1.5574134440663536,1.5811457599323624,0.159810333,0.168030333,0.250426333,0.259888667,60
small,f32,resident,0,4,0.1618086665,0.5045895,3.1204890596258097,3.1046806521696646,3.1213058716628446,0.159575,0.171147667,0.500063667,0.510064,60
small,f32,resident,1,1,0.197901333,0.2161378335,1.0922725290771083,1.0858088667226142,1.10033544018516,0.196022,0.211656667,0.214998333,0.224548,60
small,f32,resident,1,2,0.198615833,0.216441,1.0900305116230526,1.08347480239049,1.0907260510935877,0.196775667,0.202776,0.213095,0.227110333,60
small,f32,resident,1,3,0.1990603335,0.291024667,1.4597921901590087,1.4536396927716257,1.4692686797515504,0.19722,0.208065333,0.288936333,0.295365667,60
small,f32,resident,1,4,0.1986978335,0.599829,3.02206463087519,3.0160811814316375,3.0296587152181544,0.196054,0.213691667,0.595911333,0.607522667,60
small,f32,resident,1,5,0.19913583299999998,0.19919399999999998,0.9982526719417172,0.9964309072696553,1.0114151724557054,0.196111667,0.204189,0.196757333,0.205671,60
small,tf32,host,0,1,0.3530121665,0.375581167,1.0617929549961236,1.0602075912390294,1.0624948777562426,0.348950333,0.360752333,0.366906,0.386167,60
small,tf32,host,0,2,0.352041,0.370257,1.0529970098357988,1.042674470013988,1.054855747999613,0.344104333,0.369272333,0.365602333,0.381429667,60
small,tf32,host,0,3,0.3521253335,0.4487123335,1.269596217281071,1.2689241930666781,1.2784912761751064,0.347109,0.358979333,0.439961333,0.452052,60
small,tf32,host,0,4,0.35326816699999997,0.6904523335,1.952266887641319,1.9443312408615634,1.965087591814741,0.348255333,0.361548333,0.680297667,0.699133333,60
small,tf32,host,1,1,0.3984876665,0.41852433349999996,1.0511834322689504,1.0459250246818916,1.0577659367997603,0.388806333,0.402746333,0.413129333,0.427924333,60
small,tf32,host,1,2,0.3985801665,0.41419249999999996,1.0371137673499657,1.0311399448646275,1.0423024510327246,0.390369,0.419262333,0.406116667,0.421304667,60
small,tf32,host,1,3,0.397064667,0.4925813335,1.2351960432198612,1.2339059329525173,1.2356331313874747,0.390708667,0.423431667,0.485148667,0.499582,60
small,tf32,host,1,4,0.39692700000000003,0.7613051664999999,1.9184169885142608,1.9061631135860702,1.9212223417987637,0.389413667,0.408576667,0.756009667,0.765253,60
small,tf32,host,1,5,0.39744883350000004,0.3975836665,1.0059936737642614,0.9947927147342408,1.0075326296503229,0.388934,0.404948,0.391147667,0.408668,60
small,tf32,resident,0,1,0.1540065,0.17605300000000002,1.137371925757074,1.1312874679268023,1.1571352893371367,0.152475667,0.164231333,0.172913,0.183775,60
small,tf32,resident,0,2,0.15448716699999998,0.1720516665,1.1088245976157378,1.1055055266285951,1.1269131283679972,0.152311,0.165713333,0.169997,0.182473667,60
small,tf32,resident,0,3,0.1546941665,0.2496353335,1.6174983917432473,1.6131366724807945,1.6243687624965761,0.151674333,0.165892,0.24734,0.258003667,60
small,tf32,resident,0,4,0.1542828335,0.4848805,3.149960939173792,3.122801261017821,3.150308328900899,0.152106667,0.162206,0.480751333,0.491480333,60
small,tf32,resident,1,1,0.189836333,0.212745833,1.1182488723520938,1.1118962430186792,1.1231399174020735,0.187398667,0.200194333,0.209930667,0.217624333,60
small,tf32,resident,1,2,0.189468333,0.20729399999999998,1.0874055672972456,1.0832955471741632,1.09906191883315,0.187528,0.194151,0.205465333,0.215953667,60
small,tf32,resident,1,3,0.191554,0.28672166649999997,1.494786119163959,1.4927237485764937,1.514469856734431,0.188673667,0.202117333,0.284398333,0.290263667,60
small,tf32,resident,1,4,0.189269,0.5691541665,3.00446269709544,3.0005880963984937,3.0072856175818576,0.187834333,0.198081333,0.564432667,0.573100667,60
small,tf32,resident,1,5,0.1898388335,0.1894151665,1.0010834821681551,0.9956606084683547,1.0045592749929204,0.187674333,0.198281,0.187826333,0.194946667,60
tiny,f32,host,0,1,0.16549675,0.16535275,0.9920304377307316,0.991772628654166,1.0017190669907414,0.1597265,0.178146,0.162368,0.1786415,60
tiny,f32,host,0,2,0.1652565,0.17349225000000001,1.0427658270073388,1.0370567567870301,1.0578782227499528,0.16161025,0.184616,0.170488,0.1840205,60
tiny,f32,host,0,3,0.16569175,0.16469262499999998,0.9969844863350055,0.9887102187320373,0.9998868451829463,0.16219,0.17882525,0.16035225,0.1741075,60
tiny,f32,host,0,4,0.165675125,0.1649055,0.9932655353647678,0.9891875267963597,1.0122181000289119,0.161705,0.17525825,0.1608805,0.18168425,60
tiny,f32,host,1,1,0.178536625,0.1773095,0.9953555552439314,0.9821892164267872,0.9968661070529418,0.17486375,0.1852005,0.17355825,0.190231,60
tiny,f32,host,1,2,0.17908825,0.1877915,1.0467790639154506,1.0401611473982073,1.0635565820515707,0.174887,0.18447325,0.1833695,0.19622,60
tiny,f32,host,1,3,0.17847037500000001,0.17801212500000002,0.9936848302378607,0.9909897539189071,1.016544541158357,0.17311925,0.18406375,0.174259,0.18907725,60
tiny,f32,host,1,4,0.178357125,0.17863875,1.0074445393388896,0.9773877599260093,1.0086487391152392,0.17302075,0.19135875,0.1756665,0.18954875,60
tiny,f32,host,1,5,0.179007375,0.178427875,0.998709828184657,0.9890051174720769,0.9995154947302187,0.17456675,0.1864415,0.17634675,0.18993675,60
tiny,f32,resident,0,1,0.08733437499999999,0.08693925,0.9895009486147939,0.9834792464575268,0.9941536092485017,0.0853245,0.101558,0.0850555,0.0929245,60
tiny,f32,resident,0,2,0.09014112499999999,0.096983375,1.0791775343786063,1.0261762944499297,1.1207609449837317,0.08517,0.10008875,0.09367925,0.112364,60
tiny,f32,resident,0,3,0.0871695,0.086776875,1.012430054435419,0.9627085064229565,1.0133681715987117,0.0843135,0.10227575,0.08473775,0.10190325,60
tiny,f32,resident,0,4,0.086796,0.086630125,0.9948727315979068,0.986810392354386,1.0022066485208672,0.0846275,0.09899125,0.0844455,0.092597,60
tiny,f32,resident,1,1,0.101688875,0.0993295,0.9767981010705449,0.9741847642264222,1.01546418919333,0.09754025,0.11528825,0.0978805,0.10832775,60
tiny,f32,resident,1,2,0.099866875,0.10927075,1.0859433078802574,1.0806593398441413,1.112976650165533,0.0983465,0.1150345,0.10731075,0.1184515,60
tiny,f32,resident,1,3,0.09967324999999999,0.099841125,1.0168240147687622,0.9937396557691703,1.0189703294588512,0.09760725,0.11117925,0.09774225,0.1070635,60
tiny,f32,resident,1,4,0.0999495,0.09992337500000001,0.9961930775041397,0.9838900946731616,1.0193717982774748,0.0982785,0.1154745,0.098145,0.11512325,60
tiny,f32,resident,1,5,0.099675125,0.09949025,1.0030208621192218,0.9809323733690133,1.0046498909339043,0.09779725,0.1076945,0.09801575,0.11008875,60
tiny,tf32,host,0,1,0.1660525,0.165398375,0.9915720266587065,0.9822375207509916,1.0102543363195113,0.16256225,0.17322675,0.1605585,0.17625225,60
tiny,tf32,host,0,2,0.16618137500000002,0.17543275,1.053246089525715,1.046173438102901,1.0672588156310276,0.1626875,0.17531875,0.1693975,0.189968,60
tiny,tf32,host,0,3,0.16566187500000001,0.163523625,0.9869111646296395,0.9748670699819716,0.992211546650121,0.1610485,0.18343625,0.160781,0.17108425,60
tiny,tf32,host,0,4,0.165947625,0.16451325,0.9947349441582701,0.9911269801190529,0.9967359135017076,0.16029375,0.17530775,0.16104525,0.17426575,60
tiny,tf32,host,1,1,0.17919137499999999,0.179159,1.0075448136454002,0.9936471962291958,1.0117503484798442,0.17498525,0.18645975,0.17521225,0.186242,60
tiny,tf32,host,1,2,0.18008475,0.18744824999999998,1.0440846748029526,1.0303951640140887,1.0470283427328035,0.1754825,0.18878,0.18471075,0.19901025,60
tiny,tf32,host,1,3,0.17862475,0.17895675,1.0005765888166929,0.9815803905919878,1.0157647247249497,0.17602075,0.18662975,0.17541525,0.184785,60
tiny,tf32,host,1,4,0.179582625,0.180754125,1.0061939030173384,0.9960164576055172,1.0085572531504945,0.17577,0.19103775,0.173929,0.18776825,60
tiny,tf32,host,1,5,0.179312125,0.17987562499999998,1.00278582250953,0.9837293793784911,1.0095015947931176,0.17586225,0.18935275,0.1755915,0.19131525,60
tiny,tf32,resident,0,1,0.086510875,0.08622475,1.0026311720925258,0.9920693824552201,1.0132023032451927,0.08462225,0.1033555,0.0845975,0.10200825,60
tiny,tf32,resident,0,2,0.089459,0.10396225,1.1505655725157453,1.0991079329395166,1.1739238092003983,0.08500775,0.094546,0.095332,0.11130925,60
tiny,tf32,resident,0,3,0.08606725,0.086297,0.999121247479406,0.9841369662589678,1.0096436217027964,0.08461525,0.10085825,0.084633,0.097988,60
tiny,tf32,resident,0,4,0.086408125,0.086134125,0.9980254062466071,0.9951580248553761,0.9980646600552209,0.084841,0.09694275,0.0850205,0.0926005,60
tiny,tf32,resident,1,1,0.099974625,0.101179125,1.0138852521658512,1.0022435606404554,1.0186296303582318,0.0981205,0.1069655,0.09769175,0.116938,60
tiny,tf32,resident,1,2,0.0996295,0.109620125,1.1021297374450665,1.0999391496541338,1.1035731684865853,0.09736175,0.11331325,0.10734775,0.12021325,60
tiny,tf32,resident,1,3,0.100296125,0.10033,1.0025647605159562,0.994489967511953,1.0077570963412672,0.0984775,0.10693275,0.0979975,0.11281275,60
tiny,tf32,resident,1,4,0.102056875,0.099410375,0.9906523235548266,0.9478707809117661,1.0003443604070994,0.09827875,0.11019975,0.097842,0.1044295,60
tiny,tf32,resident,1,5,0.09993374999999999,0.100041875,1.0007244885871227,0.9979315346714486,1.0127557789554287,0.09820175,0.10723325,0.0991845,0.10806225,60
wide,f32,host,0,1,6.590785,6.773845,1.0307800006293355,1.0240460043188349,1.0327568359808388,6.42726,6.6814725,6.62526,6.865615,60
wide,f32,host,0,2,6.5944087499999995,6.7320225,1.0280724217800439,1.02092839002734,1.0284920221611205,6.4452525,6.68431,6.541655,6.8119675,60
wide,f32,host,0,3,6.592873750000001,8.66814125,1.3141515198162022,1.3080903061842222,1.315572479171471,6.44382,6.6905925,8.61134,8.7224225,60
wide,f32,host,0,4,6.50559875,16.57104,2.5522800595249535,2.5279038765189203,2.5540021907629384,6.4085075,6.65885,16.448475,17.0733025,60
wide,f32,host,1,1,7.110346249999999,7.301565,1.0273339405979856,1.023362331886741,1.0300474866497251,6.9626375,7.2046925,7.1889175,7.3851575,60
wide,f32,host,1,2,7.1319775,7.232245000000001,1.0147133126297307,1.0079088963299454,1.0192500355417984,6.9922225,7.19096,7.1175,7.315265,60
wide,f32,host,1,3,7.1190637500000005,9.1977025,1.288994926836672,1.2875169000571718,1.2956279259589942,7.01591,7.19172,9.1312775,9.270745,60
wide,f32,host,1,4,7.1036175,17.19632125,2.418743706450749,2.4157998885182574,2.4276359796183495,6.9902475,7.1746925,17.1324075,17.613685,60
wide,f32,host,1,5,7.120643749999999,7.18207375,1.0077884460937963,1.007059720892147,1.0174521301159136,7.005375,7.1870525,7.06741,7.2702175,60
wide,f32,resident,0,1,2.9548337499999997,3.09879625,1.0486001735177146,1.0477324930037148,1.0493061155380594,2.9451725,3.0214175,3.08918,3.1667125,60
wide,f32,resident,0,2,2.95557875,3.0229274999999998,1.0225825807006186,1.0213386928386359,1.0235854538477762,2.9446025,3.025535,2.9966825,3.0628575,60
wide,f32,resident,0,3,2.95644625,4.9865949999999994,1.6863231173046929,1.6856304451769328,1.6875599617597776,2.9431175,3.017135,4.9603475,5.0357775,60
wide,f32,resident,0,4,2.95399,12.49302875,4.226826196686593,4.213883892144695,4.231565339189973,2.9438825,3.0232075,12.451845,12.50664,60
wide,f32,resident,1,1,3.4978474999999998,3.654885,1.0450647029384428,1.0441778542185094,1.045350311462988,3.4902475,3.5277075,3.6325775,3.691155,60
wide,f32,resident,1,2,3.4974625,3.58149,1.0241653912164492,1.023675736337416,1.0259341290994155,3.4868975,3.5394125,3.57015,3.61855,60
wide,f32,resident,1,3,3.4979062499999998,5.55219375,1.5879668229220456,1.5821565498459027,1.5881568385833722,3.4888075,3.529055,5.5110575,5.5786925,60
wide,f32,resident,1,4,3.50073375,13.18314375,3.7662016518252863,3.7628416474597226,3.7680282398601865,3.4907475,3.55426,13.16365,13.2065325,60
wide,f32,resident,1,5,3.4990525,3.54781625,1.0142222053836434,1.0114941830681305,1.0172446811779476,3.4865325,3.5349675,3.5307475,3.60109,60
wide,tf32,host,0,1,6.69346875,7.2324025,1.0786932969540017,1.0778846445696904,1.0887453323361596,6.58434,6.7676225,7.0140775,7.3003775,60
wide,tf32,host,0,2,6.6321725,6.88537125,1.0349103801619477,1.0341767402833897,1.038623272933867,6.52035,6.760415,6.77339,6.9660875,60
wide,tf32,host,0,3,6.6655887499999995,9.05590125,1.3569582248677146,1.354883767223135,1.3615136844170475,6.501975,6.7421925,8.994655,9.0859375,60
wide,tf32,host,0,4,6.64492875,16.52965375,2.4888841176475025,2.4677564831789582,2.500537593989223,6.50942,6.7218925,16.44281,17.192235,60
wide,tf32,host,1,1,7.1162525,7.6881275,1.0785234076472838,1.0776900489694201,1.0849167203166956,6.988805,7.1852,7.567315,7.7293975,60
wide,tf32,host,1,2,7.16128,7.356885,1.0265483265561464,1.0263556628557273,1.0286312062275977,7.0042725,7.191825,7.2409175,7.405215,60
wide,tf32,host,1,3,7.16234875,9.49080875,1.3257690898990842,1.3244801257704522,1.32939873267575,7.01326,7.219815,9.448015,9.528155,60
wide,tf32,host,1,4,7.11361375,17.083613749999998,2.3996980437685416,2.3960120359761654,2.409466368041584,7.012995,7.19595,16.9765975,17.5627025,60
wide,tf32,host,1,5,7.13229875,7.19949875,1.0117668721630946,1.0076443303512985,1.0133474143916101,7.027045,7.223265,7.10026,7.2845625,60
wide,tf32,resident,0,1,2.85285,3.41032625,1.1967533716958565,1.1930298367416963,1.1994268044678504,2.8343025,2.8706675,3.3881575,3.428925,60
wide,tf32,resident,0,2,2.8520525,3.05061,1.070830757087417,1.0685596629921452,1.0714584673269167,2.83419,2.878235,3.0398925,3.0682725,60
wide,tf32,resident,0,3,2.85122625,5.20360125,1.8246161059151127,1.8234329878240987,1.8249506966036217,2.8373,2.86393,5.188995,5.239505,60
wide,tf32,resident,0,4,2.8508725,12.510402500000001,4.39302278826848,4.386766364773413,4.395122308352602,2.836835,2.8639975,12.4967575,12.5557625,60
wide,tf32,resident,1,1,3.30952875,3.8759924999999997,1.1715810168866565,1.169529859078427,1.1720645317119138,3.30144,3.3244025,3.8618975,3.894835,60
wide,tf32,resident,1,2,3.3114075,3.51814375,1.0626811679010688,1.0615798861866492,1.063622143775743,3.2994125,3.3241925,3.5033275,3.5286025,60
wide,tf32,resident,1,3,3.3103225,5.68966125,1.7189563454121937,1.718943216766102,1.7192936275796433,3.30224,3.3229775,5.66474,5.7055825,60
wide,tf32,resident,1,4,3.3132925,13.11948125,3.95944705050595,3.9563963202818253,3.961985143159435,3.300325,3.3219275,13.0996125,13.16442,60
wide,tf32,resident,1,5,3.311375,3.3772124999999997,1.0199208794725096,1.0198741243730405,1.0200256108620853,3.3024625,3.3403025,3.3665275,3.3967825,60
