rep,impl,precision,branch,case,window,steps,ms_per_step,checksum
1,base,f32,0,64x64x32x16-b1024,0,400,0.1681,0
1,base,f32,0,64x64x32x16-b1024,1,400,0.1704,0
1,base,f32,0,64x64x32x16-b1024,2,400,0.1577,-1.345087351
1,final,f32,0,64x64x32x16-b1024,0,400,0.1584,0
1,final,f32,0,64x64x32x16-b1024,1,400,0.1590,0
1,final,f32,0,64x64x32x16-b1024,2,400,0.1580,-1.345087351
1,base,f32,0,16x24x8-b1024,0,400,0.0808,0
1,base,f32,0,16x24x8-b1024,1,400,0.0859,0
1,base,f32,0,16x24x8-b1024,2,400,0.0790,-0.2587565239
1,final,f32,0,16x24x8-b1024,0,400,0.0841,0
1,final,f32,0,16x24x8-b1024,1,400,0.0787,0
1,final,f32,0,16x24x8-b1024,2,400,0.0798,-0.2587565239
2,final,f32,0,64x64x32x16-b1024,0,400,0.1528,0
2,final,f32,0,64x64x32x16-b1024,1,400,0.1559,0
2,final,f32,0,64x64x32x16-b1024,2,400,0.1554,-1.345087351
2,base,f32,0,64x64x32x16-b1024,0,400,0.1573,0
2,base,f32,0,64x64x32x16-b1024,1,400,0.1602,0
2,base,f32,0,64x64x32x16-b1024,2,400,0.1552,-1.345087351
2,final,f32,0,16x24x8-b1024,0,400,0.0776,0
2,final,f32,0,16x24x8-b1024,1,400,0.0786,0
2,final,f32,0,16x24x8-b1024,2,400,0.0786,-0.2587565239
2,base,f32,0,16x24x8-b1024,0,400,0.0781,0
2,base,f32,0,16x24x8-b1024,1,400,0.0828,0
2,base,f32,0,16x24x8-b1024,2,400,0.0799,-0.2587565239
3,base,f32,0,64x64x32x16-b1024,0,400,0.1537,0
3,base,f32,0,64x64x32x16-b1024,1,400,0.1504,0
3,base,f32,0,64x64x32x16-b1024,2,400,0.1496,-1.345087351
3,final,f32,0,64x64x32x16-b1024,0,400,0.1515,0
3,final,f32,0,64x64x32x16-b1024,1,400,0.1544,0
3,final,f32,0,64x64x32x16-b1024,2,400,0.1511,-1.345087351
3,base,f32,0,16x24x8-b1024,0,400,0.0771,0
3,base,f32,0,16x24x8-b1024,1,400,0.0775,0
3,base,f32,0,16x24x8-b1024,2,400,0.0772,-0.2587565239
3,final,f32,0,16x24x8-b1024,0,400,0.0777,0
3,final,f32,0,16x24x8-b1024,1,400,0.0775,0
3,final,f32,0,16x24x8-b1024,2,400,0.0778,-0.2587565239
4,final,f32,0,64x64x32x16-b1024,0,400,0.1505,0
4,final,f32,0,64x64x32x16-b1024,1,400,0.1511,0
4,final,f32,0,64x64x32x16-b1024,2,400,0.1525,-1.345087351
4,base,f32,0,64x64x32x16-b1024,0,400,0.1530,0
4,base,f32,0,64x64x32x16-b1024,1,400,0.1515,0
4,base,f32,0,64x64x32x16-b1024,2,400,0.1546,-1.345087351
4,final,f32,0,16x24x8-b1024,0,400,0.0775,0
4,final,f32,0,16x24x8-b1024,1,400,0.0769,0
4,final,f32,0,16x24x8-b1024,2,400,0.0776,-0.2587565239
4,base,f32,0,16x24x8-b1024,0,400,0.0777,0
4,base,f32,0,16x24x8-b1024,1,400,0.0772,0
4,base,f32,0,16x24x8-b1024,2,400,0.0832,-0.2587565239
5,base,f32,0,64x64x32x16-b1024,0,400,0.1496,0
5,base,f32,0,64x64x32x16-b1024,1,400,0.1495,0
5,base,f32,0,64x64x32x16-b1024,2,400,0.1510,-1.345087351
5,final,f32,0,64x64x32x16-b1024,0,400,0.1504,0
5,final,f32,0,64x64x32x16-b1024,1,400,0.1520,0
5,final,f32,0,64x64x32x16-b1024,2,400,0.1515,-1.345087351
5,base,f32,0,16x24x8-b1024,0,400,0.0776,0
5,base,f32,0,16x24x8-b1024,1,400,0.0771,0
5,base,f32,0,16x24x8-b1024,2,400,0.0780,-0.2587565239
5,final,f32,0,16x24x8-b1024,0,400,0.0813,0
5,final,f32,0,16x24x8-b1024,1,400,0.0807,0
5,final,f32,0,16x24x8-b1024,2,400,0.0783,-0.2587565239
6,final,f32,0,64x64x32x16-b1024,0,400,0.1508,0
6,final,f32,0,64x64x32x16-b1024,1,400,0.1499,0
6,final,f32,0,64x64x32x16-b1024,2,400,0.1502,-1.345087351
6,base,f32,0,64x64x32x16-b1024,0,400,0.1489,0
6,base,f32,0,64x64x32x16-b1024,1,400,0.1554,0
6,base,f32,0,64x64x32x16-b1024,2,400,0.1497,-1.345087351
6,final,f32,0,16x24x8-b1024,0,400,0.0818,0
6,final,f32,0,16x24x8-b1024,1,400,0.0829,0
6,final,f32,0,16x24x8-b1024,2,400,0.0774,-0.2587565239
6,base,f32,0,16x24x8-b1024,0,400,0.0777,0
6,base,f32,0,16x24x8-b1024,1,400,0.0779,0
6,base,f32,0,16x24x8-b1024,2,400,0.0788,-0.2587565239
