"suite","case","backend","build","round","median_ms"
"m2","6","cpu_full","base","0","3.5550999999999999"
"m2","6","cpu_full","m1","0","3.3294999999999999"
"m2","21","cpu_full","base","0","15.264900000000001"
"m2","21","cpu_full","m1","0","14.645300000000001"
"m2","15","cpu_full","base","0","101.41379999999999"
"m2","15","cpu_full","m1","0","135.02209999999999"
"m4","8","cpu_full","base","0","6.1985999999999999"
"m4","8","cpu_full","m1","0","6.0423999999999998"
"m4","3","m4_resident_full","base","0","6.9311999999999996"
"m4","3","m4_transfer_full","base","0","8.5898000000000003"
"m4","3","m4_resident_full","m1","0","6.9683000000000002"
"m4","3","m4_transfer_full","m1","0","8.8115000000000006"
"m4","5","m4_resident_full","base","0","1.5210999999999999"
"m4","5","m4_transfer_full","base","0","1.8819999999999999"
"m4","5","m4_resident_full","m1","0","1.4816"
"m4","5","m4_transfer_full","m1","0","1.8922000000000001"
"m2","6","cpu_full","base","1","3.0082"
"m2","6","cpu_full","m1","1","3.0259999999999998"
"m2","21","cpu_full","base","1","13.325699999999999"
"m2","21","cpu_full","m1","1","13.171099999999999"
"m2","15","cpu_full","base","1","81.605199999999996"
"m2","15","cpu_full","m1","1","86.819900000000004"
"m4","8","cpu_full","base","1","3.4396"
"m4","8","cpu_full","m1","1","3.3368000000000002"
"m4","3","m4_resident_full","base","1","7.0034999999999998"
"m4","3","m4_transfer_full","base","1","8.6085999999999991"
"m4","3","m4_resident_full","m1","1","6.9949000000000003"
"m4","3","m4_transfer_full","m1","1","8.5742999999999991"
"m4","5","m4_resident_full","base","1","1.4847999999999999"
"m4","5","m4_transfer_full","base","1","1.9373"
"m4","5","m4_resident_full","m1","1","1.4764999999999999"
"m4","5","m4_transfer_full","m1","1","1.8665"
"m2","6","cpu_full","base","2","2.9986000000000002"
"m2","6","cpu_full","m1","2","2.9325999999999999"
"m2","21","cpu_full","base","2","13.6823"
"m2","21","cpu_full","m1","2","13.5764"
"m2","15","cpu_full","base","2","81.812799999999996"
"m2","15","cpu_full","m1","2","83.219899999999996"
"m4","8","cpu_full","base","2","3.4228999999999998"
"m4","8","cpu_full","m1","2","3.3622000000000001"
"m4","3","m4_resident_full","base","2","6.9362000000000004"
"m4","3","m4_transfer_full","base","2","8.7140000000000004"
"m4","3","m4_resident_full","m1","2","7.2104999999999997"
"m4","3","m4_transfer_full","m1","2","8.3445999999999998"
"m4","5","m4_resident_full","base","2","1.4651000000000001"
"m4","5","m4_transfer_full","base","2","1.8553999999999999"
"m4","5","m4_resident_full","m1","2","1.4797"
"m4","5","m4_transfer_full","m1","2","1.843"
