"map","kernel","instances","med_ns","total_ns"
"none","kan::cuda::<unnamed>::input_kernel","315","239584.0","87631302"
"none","kan::cuda::<unnamed>::parameter_kernel","315","181024.0","77792335"
"none","kan::cuda::<unnamed>::forward_kernel","315","159360.0","56123185"
"none","void kan::cuda::<unnamed>::basis_kernel<","315","40480.0","12194610"
"none","kan::cuda::<unnamed>::candidate_kernel","105","2208.0","236032"
"affine","kan::cuda::<unnamed>::input_kernel","315","239648.0","88662762"
"affine","kan::cuda::<unnamed>::parameter_kernel","315","181152.0","80590654"
"affine","kan::cuda::<unnamed>::forward_kernel","315","159264.0","55113609"
"affine","void kan::cuda::<unnamed>::basis_kernel<","315","43616.0","13101753"
"affine","kan::cuda::<unnamed>::affine_forward_kernel","105","3136.0","328707"
"affine","kan::cuda::<unnamed>::affine_input_kernel","105","2688.0","284608"
"affine","kan::cuda::<unnamed>::candidate_kernel","105","2240.0","239522"
"tanh","kan::cuda::<unnamed>::input_kernel","315","239584.0","88045010"
"tanh","kan::cuda::<unnamed>::parameter_kernel","315","180928.0","76865518"
"tanh","kan::cuda::<unnamed>::forward_kernel","315","159680.0","55151214"
"tanh","void kan::cuda::<unnamed>::basis_kernel<","315","44416.0","12430068"
"tanh","kan::cuda::<unnamed>::tanh_forward_kernel","105","6880.0","725697"
"tanh","kan::cuda::<unnamed>::tanh_input_kernel","105","3776.0","395618"
"tanh","kan::cuda::<unnamed>::candidate_kernel","105","2208.0","236609"
"layernorm","kan::cuda::<unnamed>::input_kernel","315","239648.0","84466634"
"layernorm","kan::cuda::<unnamed>::parameter_kernel","315","181088.0","77182040"
"layernorm","kan::cuda::<unnamed>::forward_kernel","315","159264.0","55124817"
"layernorm","void kan::cuda::<unnamed>::basis_kernel<","315","43616.0","11211763"
"layernorm","void kan::cuda::<unnamed>::layer_norm_input_kernel<","105","7360.0","775393"
"layernorm","void kan::cuda::<unnamed>::layer_norm_forward_kernel<","105","5760.0","609282"
"layernorm","kan::cuda::<unnamed>::candidate_kernel","105","2208.0","233952"
"layernorm-affine","kan::cuda::<unnamed>::input_kernel","315","239616.0","86958867"
"layernorm-affine","kan::cuda::<unnamed>::parameter_kernel","315","181088.0","75881675"
"layernorm-affine","kan::cuda::<unnamed>::forward_kernel","315","159424.0","55222000"
"layernorm-affine","void kan::cuda::<unnamed>::basis_kernel<","315","43904.0","11484501"
"layernorm-affine","void kan::cuda::<unnamed>::layer_norm_input_kernel<","105","7936.0","832354"
"layernorm-affine","void kan::cuda::<unnamed>::layer_norm_forward_kernel<","105","6720.0","706977"
"layernorm-affine","kan::cuda::<unnamed>::layer_norm_parameter_partial_kernel","105","3648.0","384289"
"layernorm-affine","kan::cuda::<unnamed>::layer_norm_parameter_finish_kernel","105","2240.0","237057"
"layernorm-affine","kan::cuda::<unnamed>::candidate_kernel","105","2240.0","234497"
