run,case,api,calls,calls_per_step,total_ms
before-matched,64x64x32x16-b1024,cudaMemcpyAsync,674,3.06,249.32
before-matched,64x64x32x16-b1024,cudaLaunchKernel,3741,17.00,22.84
before-matched,64x64x32x16-b1024,cudaLaunchKernelExC_v11060,660,3.00,6.94
before-matched,64x64x32x16-b1024,cudaMemsetAsync,660,3.00,4.02
before-matched,64x64x32x16-b1024,cudaStreamSynchronize,669,3.04,2.91
before-matched,64x64x32x16-b1024,cuLaunchKernel,440,2.00,2.39
before-matched,64x64x32x16-b1024,cudaDeviceSynchronize,4,0.02,0.02
before-matched,64x64x32x16-b1024,cuCtxSynchronize,1,0.00,0.01
after-matched-n1,64x64x32x16-b1024,cudaMemcpyAsync,234,1.06,108.50
after-matched-n1,64x64x32x16-b1024,cudaGraphLaunch_v10000,220,1.00,5.64
after-matched-n1,64x64x32x16-b1024,cudaLaunchKernelExC_v11060,6,0.03,2.68
after-matched-n1,64x64x32x16-b1024,cudaStreamSynchronize,229,1.04,2.31
after-matched-n1,64x64x32x16-b1024,cudaLaunchKernel,35,0.16,1.85
after-matched-n1,64x64x32x16-b1024,cudaMemsetAsync,1,0.00,0.04
after-matched-n1,64x64x32x16-b1024,cudaDeviceSynchronize,4,0.02,0.02
after-matched-n1,64x64x32x16-b1024,cuLaunchKernel,4,0.02,0.01
after-matched-n1,64x64x32x16-b1024,cuCtxSynchronize,1,0.00,0.01
after-matched-n64,64x64x32x16-b1024,cudaMemcpyAsync,19,0.09,40.62
after-matched-n64,64x64x32x16-b1024,cudaGraphLaunch_v10000,220,1.00,4.26
after-matched-n64,64x64x32x16-b1024,cudaLaunchKernelExC_v11060,6,0.03,2.51
after-matched-n64,64x64x32x16-b1024,cudaLaunchKernel,35,0.16,1.71
after-matched-n64,64x64x32x16-b1024,cudaStreamSynchronize,14,0.06,1.69
after-matched-n64,64x64x32x16-b1024,cudaMemsetAsync,1,0.00,0.03
after-matched-n64,64x64x32x16-b1024,cudaDeviceSynchronize,4,0.02,0.02
after-matched-n64,64x64x32x16-b1024,cuCtxSynchronize,1,0.00,0.01
after-matched-n64,64x64x32x16-b1024,cuLaunchKernel,4,0.02,0.01
before-realistic,64x64x32x16-b1024,cudaMemcpyAsync,1332,6.05,249.16
before-realistic,64x64x32x16-b1024,cudaStreamSynchronize,1327,6.03,33.70
before-realistic,64x64x32x16-b1024,cudaLaunchKernel,3741,17.00,28.77
before-realistic,64x64x32x16-b1024,cudaMemsetAsync,660,3.00,7.72
before-realistic,64x64x32x16-b1024,cudaLaunchKernelExC_v11060,660,3.00,6.66
before-realistic,64x64x32x16-b1024,cuLaunchKernel,440,2.00,2.62
before-realistic,64x64x32x16-b1024,cudaDeviceSynchronize,4,0.02,0.01
before-realistic,64x64x32x16-b1024,cuCtxSynchronize,1,0.00,0.01
after-realistic-n1,64x64x32x16-b1024,cudaMemcpyAsync,672,3.05,130.79
after-realistic-n1,64x64x32x16-b1024,cudaGraphLaunch_v10000,220,1.00,8.16
after-realistic-n1,64x64x32x16-b1024,cudaLaunchKernelExC_v11060,6,0.03,2.74
after-realistic-n1,64x64x32x16-b1024,cudaLaunchKernel,37,0.17,1.55
after-realistic-n1,64x64x32x16-b1024,cudaEventRecord,660,3.00,1.54
after-realistic-n1,64x64x32x16-b1024,cudaStreamSynchronize,228,1.04,1.45
after-realistic-n1,64x64x32x16-b1024,cudaStreamWaitEvent,222,1.01,0.26
after-realistic-n1,64x64x32x16-b1024,cudaEventSynchronize,220,1.00,0.17
after-realistic-n1,64x64x32x16-b1024,cudaMemsetAsync,1,0.00,0.03
after-realistic-n1,64x64x32x16-b1024,cudaDeviceSynchronize,4,0.02,0.01
after-realistic-n1,64x64x32x16-b1024,cuLaunchKernel,4,0.02,0.01
after-realistic-n1,64x64x32x16-b1024,cuCtxSynchronize,1,0.00,0.01
before-matched,1024x1024x1024-b4096,cudaMemcpyAsync,79,3.59,674.33
before-matched,1024x1024x1024-b4096,cudaStreamSynchronize,77,3.50,12.60
before-matched,1024x1024x1024-b4096,cudaLaunchKernel,254,11.55,6.46
before-matched,1024x1024x1024-b4096,cudaMemsetAsync,115,5.23,1.48
before-matched,1024x1024x1024-b4096,cuLaunchKernel,92,4.18,0.88
before-matched,1024x1024x1024-b4096,cudaDeviceSynchronize,4,0.18,0.03
before-matched,1024x1024x1024-b4096,cuCtxSynchronize,1,0.05,0.01
after-matched-n1,1024x1024x1024-b4096,cudaMemcpyAsync,33,1.50,418.32
after-matched-n1,1024x1024x1024-b4096,cudaStreamSynchronize,31,1.41,12.01
after-matched-n1,1024x1024x1024-b4096,cudaGraphLaunch_v10000,23,1.05,2.25
after-matched-n1,1024x1024x1024-b4096,cudaLaunchKernel,25,1.14,1.51
after-matched-n1,1024x1024x1024-b4096,cudaMemsetAsync,5,0.23,0.05
after-matched-n1,1024x1024x1024-b4096,cudaDeviceSynchronize,4,0.18,0.02
after-matched-n1,1024x1024x1024-b4096,cuLaunchKernel,6,0.27,0.01
after-matched-n1,1024x1024x1024-b4096,cuCtxSynchronize,1,0.05,0.01
after-matched-n64,1024x1024x1024-b4096,cudaMemcpyAsync,12,0.55,632.56
after-matched-n64,1024x1024x1024-b4096,cudaStreamSynchronize,10,0.45,11.47
after-matched-n64,1024x1024x1024-b4096,cudaLaunchKernel,25,1.14,1.63
after-matched-n64,1024x1024x1024-b4096,cudaGraphLaunch_v10000,23,1.05,1.01
after-matched-n64,1024x1024x1024-b4096,cudaMemsetAsync,5,0.23,0.05
after-matched-n64,1024x1024x1024-b4096,cudaDeviceSynchronize,4,0.18,0.02
after-matched-n64,1024x1024x1024-b4096,cuLaunchKernel,6,0.27,0.01
after-matched-n64,1024x1024x1024-b4096,cuCtxSynchronize,1,0.05,0.01
before-realistic,1024x1024x1024-b4096,cudaMemcpyAsync,146,6.64,1029.53
before-realistic,1024x1024x1024-b4096,cudaStreamSynchronize,144,6.55,240.41
before-realistic,1024x1024x1024-b4096,cudaLaunchKernel,254,11.55,4.83
before-realistic,1024x1024x1024-b4096,cudaMemsetAsync,115,5.23,2.41
before-realistic,1024x1024x1024-b4096,cuLaunchKernel,92,4.18,1.44
before-realistic,1024x1024x1024-b4096,cudaDeviceSynchronize,4,0.18,0.03
before-realistic,1024x1024x1024-b4096,cuCtxSynchronize,1,0.05,0.01
after-realistic-n1,1024x1024x1024-b4096,cudaMemcpyAsync,77,3.50,804.99
after-realistic-n1,1024x1024x1024-b4096,cudaGraphLaunch_v10000,23,1.05,2.22
after-realistic-n1,1024x1024x1024-b4096,cudaLaunchKernel,27,1.23,2.04
after-realistic-n1,1024x1024x1024-b4096,cudaStreamSynchronize,30,1.36,1.51
after-realistic-n1,1024x1024x1024-b4096,cudaEventSynchronize,23,1.05,0.36
after-realistic-n1,1024x1024x1024-b4096,cudaEventRecord,69,3.14,0.32
after-realistic-n1,1024x1024x1024-b4096,cudaStreamWaitEvent,25,1.14,0.09
after-realistic-n1,1024x1024x1024-b4096,cudaMemsetAsync,5,0.23,0.05
after-realistic-n1,1024x1024x1024-b4096,cudaDeviceSynchronize,4,0.18,0.03
after-realistic-n1,1024x1024x1024-b4096,cuLaunchKernel,6,0.27,0.01
after-realistic-n1,1024x1024x1024-b4096,cuCtxSynchronize,1,0.05,0.01
