Time (%),Total Time (ns),Num Calls,Avg (ns),Med (ns),Min (ns),Max (ns),StdDev (ns),Name
56.8,141394974,337,419569.7,28479.0,4583,4560290,963737.1,cudaMemcpyAsync
37.2,92736218,3,30912072.7,8027.0,7297,92720894,53528009.5,cudaStreamCreateWithFlags
3.0,7373472,170,43373.4,3142.5,370,1461222,184377.1,cudaStreamSynchronize
1.8,4493252,594,7564.4,4400.5,3512,505316,21628.8,cudaLaunchKernel
0.4,1040163,6,173360.5,93241.0,9275,627358,230380.7,cudaMalloc
0.3,854398,81,10548.1,8295.0,3438,39705,7328.5,cudaMemsetAsync
0.3,704430,6,117405.0,121376.5,9871,180891,59521.9,cudaFree
0.1,241215,1,241215.0,241215.0,241215,241215,0.0,cuLibraryUnload
0.1,181050,1,181050.0,181050.0,181050,181050,0.0,cuLibraryLoadData
0.0,62683,594,105.5,66.0,59,707,75.2,cuKernelGetName
0.0,24644,3,8214.7,5717.0,4206,14721,5685.1,cudaStreamDestroy
0.0,8356,1,8356.0,8356.0,8356,8356,0.0,cuModuleGetLoadingMode
0.0,7802,1,7802.0,7802.0,7802,7802,0.0,cuCtxSynchronize
0.0,3258,8,407.3,435.0,222,576,131.2,cuLibraryGetKernel
0.0,295,1,295.0,295.0,295,295,0.0,cuDeviceGetLuid
