rep,impl,precision,policy,case,window,steps,ms_per_step,checksum
1,base,f64,guarded,64x64x32x16-b1024,0,50,10.2867,0
1,base,f64,guarded,64x64x32x16-b1024,1,50,10.0155,0
1,base,f64,guarded,64x64x32x16-b1024,2,50,9.9975,-5.0987569944814553
1,base,f64,guarded,256x256x256x10-b2048,0,3,358.1759,0
1,base,f64,guarded,256x256x256x10-b2048,1,3,357.2272,0
1,base,f64,guarded,256x256x256x10-b2048,2,3,357.6139,-9.8978966251085811
1,final,f64,guarded,64x64x32x16-b1024,0,50,4.3900,0
1,final,f64,guarded,64x64x32x16-b1024,1,50,4.3777,0
1,final,f64,guarded,64x64x32x16-b1024,2,50,4.4425,-5.0987569944814553
1,final,f64,guarded,256x256x256x10-b2048,0,3,137.8903,0
1,final,f64,guarded,256x256x256x10-b2048,1,3,137.2769,0
1,final,f64,guarded,256x256x256x10-b2048,2,3,137.3399,-9.8978966251085811
1,base,f64,absolute,64x64x32x16-b1024,0,50,10.0658,0
1,base,f64,absolute,64x64x32x16-b1024,1,50,10.0891,0
1,base,f64,absolute,64x64x32x16-b1024,2,50,10.0704,-4.9894680316607758
1,base,f64,absolute,256x256x256x10-b2048,0,3,386.5666,0
1,base,f64,absolute,256x256x256x10-b2048,1,3,386.4197,0
1,base,f64,absolute,256x256x256x10-b2048,2,3,386.0825,-11.915459738883799
1,final,f64,absolute,64x64x32x16-b1024,0,50,4.3290,0
1,final,f64,absolute,64x64x32x16-b1024,1,50,4.3394,0
1,final,f64,absolute,64x64x32x16-b1024,2,50,4.3557,-4.9894680316607758
1,final,f64,absolute,256x256x256x10-b2048,0,3,134.2012,0
1,final,f64,absolute,256x256x256x10-b2048,1,3,133.5923,0
1,final,f64,absolute,256x256x256x10-b2048,2,3,133.7254,-11.915459738883799
1,base,f64,smooth,64x64x32x16-b1024,0,50,10.5835,0
1,base,f64,smooth,64x64x32x16-b1024,1,50,10.6071,0
1,base,f64,smooth,64x64x32x16-b1024,2,50,10.5932,-4.8369072962300343
1,base,f64,smooth,256x256x256x10-b2048,0,3,397.0154,0
1,base,f64,smooth,256x256x256x10-b2048,1,3,392.5876,0
1,base,f64,smooth,256x256x256x10-b2048,2,3,392.1217,-10.727510373910846
1,final,f64,smooth,64x64x32x16-b1024,0,50,4.3607,0
1,final,f64,smooth,64x64x32x16-b1024,1,50,4.3803,0
1,final,f64,smooth,64x64x32x16-b1024,2,50,4.3572,-4.8369072962300343
1,final,f64,smooth,256x256x256x10-b2048,0,3,135.9943,0
1,final,f64,smooth,256x256x256x10-b2048,1,3,135.6312,0
1,final,f64,smooth,256x256x256x10-b2048,2,3,135.9742,-10.727510373910846
1,base,f32,guarded,64x64x32x16-b1024,0,200,1.6879,0
1,base,f32,guarded,64x64x32x16-b1024,1,200,1.6917,0
1,base,f32,guarded,64x64x32x16-b1024,2,200,1.7102,-5.1108818118973431
1,base,f32,guarded,256x256x256x10-b2048,0,20,157.6333,0
1,base,f32,guarded,256x256x256x10-b2048,1,20,157.8428,0
1,base,f32,guarded,256x256x256x10-b2048,2,20,157.8240,-9.8994502536961271
1,base,f32,guarded,256x256x256x10-b8192,0,5,701.9886,0
1,base,f32,guarded,256x256x256x10-b8192,1,5,708.5579,0
1,base,f32,guarded,256x256x256x10-b8192,2,5,701.4411,-9.8978642468452733
1,final,f32,guarded,64x64x32x16-b1024,0,200,0.5323,0
1,final,f32,guarded,64x64x32x16-b1024,1,200,0.5366,0
1,final,f32,guarded,64x64x32x16-b1024,2,200,0.5295,-5.1108818118973431
1,final,f32,guarded,256x256x256x10-b2048,0,20,13.6141,0
1,final,f32,guarded,256x256x256x10-b2048,1,20,13.6910,0
1,final,f32,guarded,256x256x256x10-b2048,2,20,13.6850,-9.8994502536961271
1,final,f32,guarded,256x256x256x10-b8192,0,5,57.4155,0
1,final,f32,guarded,256x256x256x10-b8192,1,5,57.2181,0
1,final,f32,guarded,256x256x256x10-b8192,2,5,57.5749,-9.8978642468452733
1,base,f32,absolute,64x64x32x16-b1024,0,200,2.0450,0
1,base,f32,absolute,64x64x32x16-b1024,1,200,2.0444,0
1,base,f32,absolute,64x64x32x16-b1024,2,200,2.0765,-5.0043009860483849
1,base,f32,absolute,256x256x256x10-b2048,0,20,180.8561,0
1,base,f32,absolute,256x256x256x10-b2048,1,20,182.0763,0
1,base,f32,absolute,256x256x256x10-b2048,2,20,181.0340,-11.916683620860329
1,base,f32,absolute,256x256x256x10-b8192,0,5,774.1644,0
1,base,f32,absolute,256x256x256x10-b8192,1,5,781.2836,0
1,base,f32,absolute,256x256x256x10-b8192,2,5,776.0216,-11.915443146294876
1,final,f32,absolute,64x64x32x16-b1024,0,200,0.5917,0
1,final,f32,absolute,64x64x32x16-b1024,1,200,0.5989,0
1,final,f32,absolute,64x64x32x16-b1024,2,200,0.5984,-5.0043009860483849
1,final,f32,absolute,256x256x256x10-b2048,0,20,15.5221,0
1,final,f32,absolute,256x256x256x10-b2048,1,20,15.5243,0
1,final,f32,absolute,256x256x256x10-b2048,2,20,15.6143,-11.916683620860329
1,final,f32,absolute,256x256x256x10-b8192,0,5,66.3953,0
1,final,f32,absolute,256x256x256x10-b8192,1,5,66.1691,0
1,final,f32,absolute,256x256x256x10-b8192,2,5,67.1599,-11.915443146294876
1,base,f32,smooth,64x64x32x16-b1024,0,200,2.1085,0
1,base,f32,smooth,64x64x32x16-b1024,1,200,2.1219,0
1,base,f32,smooth,64x64x32x16-b1024,2,200,2.1384,-4.8506130964163958
1,base,f32,smooth,256x256x256x10-b2048,0,20,215.7404,0
1,base,f32,smooth,256x256x256x10-b2048,1,20,215.9360,0
1,base,f32,smooth,256x256x256x10-b2048,2,20,216.0041,-10.728924185349367
1,base,f32,smooth,256x256x256x10-b8192,0,5,940.0365,0
1,base,f32,smooth,256x256x256x10-b8192,1,5,947.4821,0
1,base,f32,smooth,256x256x256x10-b8192,2,5,939.5199,-10.727490160684816
1,final,f32,smooth,64x64x32x16-b1024,0,200,0.6123,0
1,final,f32,smooth,64x64x32x16-b1024,1,200,0.6077,0
1,final,f32,smooth,64x64x32x16-b1024,2,200,0.6131,-4.8506130964163958
1,final,f32,smooth,256x256x256x10-b2048,0,20,15.8653,0
1,final,f32,smooth,256x256x256x10-b2048,1,20,15.8794,0
1,final,f32,smooth,256x256x256x10-b2048,2,20,16.1390,-10.728924185349367
1,final,f32,smooth,256x256x256x10-b8192,0,5,67.3016,0
1,final,f32,smooth,256x256x256x10-b8192,1,5,67.1903,0
1,final,f32,smooth,256x256x256x10-b8192,2,5,68.5331,-10.727490160684816
2,final,f64,guarded,64x64x32x16-b1024,0,50,4.4700,0
2,final,f64,guarded,64x64x32x16-b1024,1,50,4.4747,0
2,final,f64,guarded,64x64x32x16-b1024,2,50,4.4425,-5.0987569944814553
2,final,f64,guarded,256x256x256x10-b2048,0,3,138.6790,0
2,final,f64,guarded,256x256x256x10-b2048,1,3,138.3002,0
2,final,f64,guarded,256x256x256x10-b2048,2,3,138.4359,-9.8978966251085811
2,base,f64,guarded,64x64x32x16-b1024,0,50,10.1280,0
2,base,f64,guarded,64x64x32x16-b1024,1,50,10.1298,0
2,base,f64,guarded,64x64x32x16-b1024,2,50,10.0962,-5.0987569944814553
2,base,f64,guarded,256x256x256x10-b2048,0,3,360.0022,0
2,base,f64,guarded,256x256x256x10-b2048,1,3,360.3533,0
2,base,f64,guarded,256x256x256x10-b2048,2,3,360.0889,-9.8978966251085811
2,final,f64,absolute,64x64x32x16-b1024,0,50,4.3477,0
2,final,f64,absolute,64x64x32x16-b1024,1,50,4.3681,0
2,final,f64,absolute,64x64x32x16-b1024,2,50,4.3727,-4.9894680316607758
2,final,f64,absolute,256x256x256x10-b2048,0,3,134.6097,0
2,final,f64,absolute,256x256x256x10-b2048,1,3,135.0852,0
2,final,f64,absolute,256x256x256x10-b2048,2,3,134.6448,-11.915459738883799
2,base,f64,absolute,64x64x32x16-b1024,0,50,10.1597,0
2,base,f64,absolute,64x64x32x16-b1024,1,50,10.1569,0
2,base,f64,absolute,64x64x32x16-b1024,2,50,10.1551,-4.9894680316607758
2,base,f64,absolute,256x256x256x10-b2048,0,3,389.8262,0
2,base,f64,absolute,256x256x256x10-b2048,1,3,388.7148,0
2,base,f64,absolute,256x256x256x10-b2048,2,3,390.2773,-11.915459738883799
2,final,f64,smooth,64x64x32x16-b1024,0,50,4.3654,0
2,final,f64,smooth,64x64x32x16-b1024,1,50,4.3903,0
2,final,f64,smooth,64x64x32x16-b1024,2,50,4.3975,-4.8369072962300343
2,final,f64,smooth,256x256x256x10-b2048,0,3,136.9618,0
2,final,f64,smooth,256x256x256x10-b2048,1,3,137.0760,0
2,final,f64,smooth,256x256x256x10-b2048,2,3,136.7063,-10.727510373910846
2,base,f64,smooth,64x64x32x16-b1024,0,50,10.6358,0
2,base,f64,smooth,64x64x32x16-b1024,1,50,10.6547,0
2,base,f64,smooth,64x64x32x16-b1024,2,50,10.6167,-4.8369072962300343
2,base,f64,smooth,256x256x256x10-b2048,0,3,400.7591,0
2,base,f64,smooth,256x256x256x10-b2048,1,3,400.7120,0
2,base,f64,smooth,256x256x256x10-b2048,2,3,393.6286,-10.727510373910846
2,final,f32,guarded,64x64x32x16-b1024,0,200,0.5349,0
2,final,f32,guarded,64x64x32x16-b1024,1,200,0.5404,0
2,final,f32,guarded,64x64x32x16-b1024,2,200,0.5391,-5.1108818118973431
2,final,f32,guarded,256x256x256x10-b2048,0,20,13.7211,0
2,final,f32,guarded,256x256x256x10-b2048,1,20,13.6944,0
2,final,f32,guarded,256x256x256x10-b2048,2,20,13.7076,-9.8994502536961271
2,final,f32,guarded,256x256x256x10-b8192,0,5,57.3555,0
2,final,f32,guarded,256x256x256x10-b8192,1,5,57.5856,0
2,final,f32,guarded,256x256x256x10-b8192,2,5,58.1041,-9.8978642468452733
2,base,f32,guarded,64x64x32x16-b1024,0,200,1.7057,0
2,base,f32,guarded,64x64x32x16-b1024,1,200,1.7034,0
2,base,f32,guarded,64x64x32x16-b1024,2,200,1.7321,-5.1108818118973431
2,base,f32,guarded,256x256x256x10-b2048,0,20,157.9140,0
2,base,f32,guarded,256x256x256x10-b2048,1,20,157.5055,0
2,base,f32,guarded,256x256x256x10-b2048,2,20,157.7321,-9.8994502536961271
2,base,f32,guarded,256x256x256x10-b8192,0,5,702.6293,0
2,base,f32,guarded,256x256x256x10-b8192,1,5,708.7939,0
2,base,f32,guarded,256x256x256x10-b8192,2,5,702.7036,-9.8978642468452733
2,final,f32,absolute,64x64x32x16-b1024,0,200,0.5931,0
2,final,f32,absolute,64x64x32x16-b1024,1,200,0.6048,0
2,final,f32,absolute,64x64x32x16-b1024,2,200,0.5984,-5.0043009860483849
2,final,f32,absolute,256x256x256x10-b2048,0,20,15.5975,0
2,final,f32,absolute,256x256x256x10-b2048,1,20,15.5602,0
2,final,f32,absolute,256x256x256x10-b2048,2,20,15.6287,-11.916683620860329
2,final,f32,absolute,256x256x256x10-b8192,0,5,66.2700,0
2,final,f32,absolute,256x256x256x10-b8192,1,5,66.7081,0
2,final,f32,absolute,256x256x256x10-b8192,2,5,67.1806,-11.915443146294876
2,base,f32,absolute,64x64x32x16-b1024,0,200,2.0619,0
2,base,f32,absolute,64x64x32x16-b1024,1,200,2.0656,0
2,base,f32,absolute,64x64x32x16-b1024,2,200,2.1005,-5.0043009860483849
2,base,f32,absolute,256x256x256x10-b2048,0,20,181.0261,0
2,base,f32,absolute,256x256x256x10-b2048,1,20,181.1050,0
2,base,f32,absolute,256x256x256x10-b2048,2,20,182.3811,-11.916683620860329
2,base,f32,absolute,256x256x256x10-b8192,0,5,783.8905,0
2,base,f32,absolute,256x256x256x10-b8192,1,5,797.8255,0
2,base,f32,absolute,256x256x256x10-b8192,2,5,789.3852,-11.915443146294876
2,final,f32,smooth,64x64x32x16-b1024,0,200,0.6100,0
2,final,f32,smooth,64x64x32x16-b1024,1,200,0.6184,0
2,final,f32,smooth,64x64x32x16-b1024,2,200,0.6141,-4.8506130964163958
2,final,f32,smooth,256x256x256x10-b2048,0,20,15.8703,0
2,final,f32,smooth,256x256x256x10-b2048,1,20,15.9637,0
2,final,f32,smooth,256x256x256x10-b2048,2,20,16.2274,-10.728924185349367
2,final,f32,smooth,256x256x256x10-b8192,0,5,67.4511,0
2,final,f32,smooth,256x256x256x10-b8192,1,5,67.3435,0
2,final,f32,smooth,256x256x256x10-b8192,2,5,68.7512,-10.727490160684816
2,base,f32,smooth,64x64x32x16-b1024,0,200,2.1286,0
2,base,f32,smooth,64x64x32x16-b1024,1,200,2.1362,0
2,base,f32,smooth,64x64x32x16-b1024,2,200,2.1529,-4.8506130964163958
2,base,f32,smooth,256x256x256x10-b2048,0,20,216.2207,0
2,base,f32,smooth,256x256x256x10-b2048,1,20,215.9396,0
2,base,f32,smooth,256x256x256x10-b2048,2,20,215.6448,-10.728924185349367
2,base,f32,smooth,256x256x256x10-b8192,0,5,940.3007,0
2,base,f32,smooth,256x256x256x10-b8192,1,5,946.1836,0
2,base,f32,smooth,256x256x256x10-b8192,2,5,939.5665,-10.727490160684816
3,base,f64,guarded,64x64x32x16-b1024,0,50,10.1469,0
3,base,f64,guarded,64x64x32x16-b1024,1,50,10.1722,0
3,base,f64,guarded,64x64x32x16-b1024,2,50,10.1338,-5.0987569944814553
3,base,f64,guarded,256x256x256x10-b2048,0,3,361.3754,0
3,base,f64,guarded,256x256x256x10-b2048,1,3,361.7113,0
3,base,f64,guarded,256x256x256x10-b2048,2,3,361.3829,-9.8978966251085811
3,final,f64,guarded,64x64x32x16-b1024,0,50,4.3885,0
3,final,f64,guarded,64x64x32x16-b1024,1,50,4.3841,0
3,final,f64,guarded,64x64x32x16-b1024,2,50,4.3887,-5.0987569944814553
3,final,f64,guarded,256x256x256x10-b2048,0,3,138.6983,0
3,final,f64,guarded,256x256x256x10-b2048,1,3,138.8409,0
3,final,f64,guarded,256x256x256x10-b2048,2,3,138.9806,-9.8978966251085811
3,base,f64,absolute,64x64x32x16-b1024,0,50,10.2114,0
3,base,f64,absolute,64x64x32x16-b1024,1,50,10.1880,0
3,base,f64,absolute,64x64x32x16-b1024,2,50,10.2079,-4.9894680316607758
3,base,f64,absolute,256x256x256x10-b2048,0,3,386.3147,0
3,base,f64,absolute,256x256x256x10-b2048,1,3,376.5487,0
3,base,f64,absolute,256x256x256x10-b2048,2,3,382.0086,-11.915459738883799
3,final,f64,absolute,64x64x32x16-b1024,0,50,4.3809,0
3,final,f64,absolute,64x64x32x16-b1024,1,50,4.3627,0
3,final,f64,absolute,64x64x32x16-b1024,2,50,4.3721,-4.9894680316607758
3,final,f64,absolute,256x256x256x10-b2048,0,3,135.0143,0
3,final,f64,absolute,256x256x256x10-b2048,1,3,135.5772,0
3,final,f64,absolute,256x256x256x10-b2048,2,3,135.0302,-11.915459738883799
3,base,f64,smooth,64x64x32x16-b1024,0,50,10.6942,0
3,base,f64,smooth,64x64x32x16-b1024,1,50,10.6777,0
3,base,f64,smooth,64x64x32x16-b1024,2,50,10.7124,-4.8369072962300343
3,base,f64,smooth,256x256x256x10-b2048,0,3,390.3611,0
3,base,f64,smooth,256x256x256x10-b2048,1,3,389.3414,0
3,base,f64,smooth,256x256x256x10-b2048,2,3,396.5688,-10.727510373910846
3,final,f64,smooth,64x64x32x16-b1024,0,50,4.3206,0
3,final,f64,smooth,64x64x32x16-b1024,1,50,4.3234,0
3,final,f64,smooth,64x64x32x16-b1024,2,50,4.3281,-4.8369072962300343
3,final,f64,smooth,256x256x256x10-b2048,0,3,137.0591,0
3,final,f64,smooth,256x256x256x10-b2048,1,3,137.4886,0
3,final,f64,smooth,256x256x256x10-b2048,2,3,137.0925,-10.727510373910846
3,base,f32,guarded,64x64x32x16-b1024,0,200,1.7135,0
3,base,f32,guarded,64x64x32x16-b1024,1,200,1.7042,0
3,base,f32,guarded,64x64x32x16-b1024,2,200,1.7376,-5.1108818118973431
3,base,f32,guarded,256x256x256x10-b2048,0,20,157.8630,0
3,base,f32,guarded,256x256x256x10-b2048,1,20,157.6760,0
3,base,f32,guarded,256x256x256x10-b2048,2,20,157.4248,-9.8994502536961271
3,base,f32,guarded,256x256x256x10-b8192,0,5,702.6927,0
3,base,f32,guarded,256x256x256x10-b8192,1,5,708.0200,0
3,base,f32,guarded,256x256x256x10-b8192,2,5,703.1733,-9.8978642468452733
3,final,f32,guarded,64x64x32x16-b1024,0,200,0.5378,0
3,final,f32,guarded,64x64x32x16-b1024,1,200,0.5372,0
3,final,f32,guarded,64x64x32x16-b1024,2,200,0.5325,-5.1108818118973431
3,final,f32,guarded,256x256x256x10-b2048,0,20,13.7137,0
3,final,f32,guarded,256x256x256x10-b2048,1,20,13.7629,0
3,final,f32,guarded,256x256x256x10-b2048,2,20,13.8462,-9.8994502536961271
3,final,f32,guarded,256x256x256x10-b8192,0,5,57.3970,0
3,final,f32,guarded,256x256x256x10-b8192,1,5,58.0352,0
3,final,f32,guarded,256x256x256x10-b8192,2,5,58.0658,-9.8978642468452733
3,base,f32,absolute,64x64x32x16-b1024,0,200,2.0868,0
3,base,f32,absolute,64x64x32x16-b1024,1,200,2.0807,0
3,base,f32,absolute,64x64x32x16-b1024,2,200,2.1101,-5.0043009860483849
3,base,f32,absolute,256x256x256x10-b2048,0,20,181.1570,0
3,base,f32,absolute,256x256x256x10-b2048,1,20,180.9818,0
3,base,f32,absolute,256x256x256x10-b2048,2,20,181.4572,-11.916683620860329
3,base,f32,absolute,256x256x256x10-b8192,0,5,793.0629,0
3,base,f32,absolute,256x256x256x10-b8192,1,5,791.4547,0
3,base,f32,absolute,256x256x256x10-b8192,2,5,790.6673,-11.915443146294876
3,final,f32,absolute,64x64x32x16-b1024,0,200,0.5937,0
3,final,f32,absolute,64x64x32x16-b1024,1,200,0.6024,0
3,final,f32,absolute,64x64x32x16-b1024,2,200,0.5989,-5.0043009860483849
3,final,f32,absolute,256x256x256x10-b2048,0,20,15.5392,0
3,final,f32,absolute,256x256x256x10-b2048,1,20,15.6022,0
3,final,f32,absolute,256x256x256x10-b2048,2,20,15.7562,-11.916683620860329
3,final,f32,absolute,256x256x256x10-b8192,0,5,66.7838,0
3,final,f32,absolute,256x256x256x10-b8192,1,5,66.4697,0
3,final,f32,absolute,256x256x256x10-b8192,2,5,67.3872,-11.915443146294876
3,base,f32,smooth,64x64x32x16-b1024,0,200,2.1236,0
3,base,f32,smooth,64x64x32x16-b1024,1,200,2.1302,0
3,base,f32,smooth,64x64x32x16-b1024,2,200,2.1595,-4.8506130964163958
3,base,f32,smooth,256x256x256x10-b2048,0,20,215.9556,0
3,base,f32,smooth,256x256x256x10-b2048,1,20,215.8838,0
3,base,f32,smooth,256x256x256x10-b2048,2,20,215.9169,-10.728924185349367
3,base,f32,smooth,256x256x256x10-b8192,0,5,940.7776,0
3,base,f32,smooth,256x256x256x10-b8192,1,5,946.1014,0
3,base,f32,smooth,256x256x256x10-b8192,2,5,938.8757,-10.727490160684816
3,final,f32,smooth,64x64x32x16-b1024,0,200,0.6193,0
3,final,f32,smooth,64x64x32x16-b1024,1,200,0.6178,0
3,final,f32,smooth,64x64x32x16-b1024,2,200,0.6099,-4.8506130964163958
3,final,f32,smooth,256x256x256x10-b2048,0,20,15.8972,0
3,final,f32,smooth,256x256x256x10-b2048,1,20,15.9414,0
3,final,f32,smooth,256x256x256x10-b2048,2,20,16.2684,-10.728924185349367
3,final,f32,smooth,256x256x256x10-b8192,0,5,67.4391,0
3,final,f32,smooth,256x256x256x10-b8192,1,5,67.4158,0
3,final,f32,smooth,256x256x256x10-b8192,2,5,68.9822,-10.727490160684816
