build,case,api,calls,total_ms,median_us
base,0,cudaMalloc,230,88.055266,1.681
base,0,cudaMemcpyAsync,230,18.321922,12.837
base,0,cudaFree,230,5.301386,1.4945
base,0,cudaLaunchKernel,92,1.557657,14.0545
base,0,cudaStreamSynchronize,92,0.296347,2.875
base,0,cudaStreamCreateWithFlags,46,0.181783,2.686
base,0,cuLibraryLoadData,1,0.106179,106.179
base,0,cudaStreamDestroy,46,0.076473,1.482
base,0,cuLibraryUnload,1,0.041144,41.144
base,0,cuKernelGetName,92,0.014147,0.129
base,0,cuCtxSynchronize,1,0.010108,10.108
base,0,cuModuleGetLoadingMode,1,0.008399,8.399
base,0,cuLibraryGetKernel,4,0.002366,0.4985
base,0,cuDeviceGetLuid,1,0.00029,0.29
base,1,cudaMemcpyAsync,70,1428.346858,774.0605
base,1,cudaMalloc,70,78.912168,33.003
base,1,cudaFree,70,8.43188,118.103
base,1,cudaLaunchKernel,28,1.351848,30.8195
base,1,cudaStreamSynchronize,28,0.346978,13.844
base,1,cudaStreamCreateWithFlags,14,0.142196,7.1925
base,1,cuLibraryLoadData,1,0.097504,97.504
base,1,cudaStreamDestroy,14,0.087338,5.3775
base,1,cuLibraryUnload,1,0.053288,53.288
base,1,cuModuleGetLoadingMode,1,0.009541,9.541
base,1,cuKernelGetName,28,0.008506,0.267
base,1,cuCtxSynchronize,1,0.007331,7.331
base,1,cuLibraryGetKernel,4,0.002931,0.5525
base,1,cuDeviceGetLuid,1,0.000438,0.438
r7,0,cudaStreamCreateWithFlags,46,83.477655,3.0365
r7,0,cudaStreamSynchronize,276,24.788569,3.313
r7,0,cudaFree,276,15.532418,38.3905
r7,0,cudaMalloc,230,6.899768,28.33
r7,0,cudaMemcpyAsync,322,6.330278,15.2905
r7,0,cuLibraryLoadData,16,5.611003,355.957
r7,0,cudaLaunchKernel,184,3.445267,10.641
r7,0,cuKernelGetFunction,23,0.552898,0.63
r7,0,cudaMemsetAsync,69,0.487132,5.896
r7,0,cudaEventCreateWithFlags,828,0.341606,0.28
r7,0,cudaDeviceSynchronize,184,0.321022,1.467
r7,0,cudaEventDestroy,828,0.240952,0.223
r7,0,cuLaunchKernel,23,0.239098,9.005
r7,0,cuLibraryUnload,1,0.158652,158.652
r7,0,cudaStreamDestroy,46,0.145305,2.7015
r7,0,cuLibraryGetKernel,20,0.084204,4.412
r7,0,cuGetProcAddress_v2,492,0.075347,0.1185
r7,0,cuKernelGetName,184,0.033259,0.1525
r7,0,cuModuleGetLoadingMode,2,0.008445,4.2225
r7,0,cuCtxSynchronize,1,0.007666,7.666
r7,0,cuInit,3,0.005064,1.349
r7,0,cudaGetDriverEntryPointByVersion_v12050,3,0.002515,0.477
r7,0,cuGetProcAddress,2,0.001215,0.6075
r7,0,cuDeviceGetLuid,2,0.000624,0.312
r7,1,cudaMemcpyAsync,98,126.289979,810.197
r7,1,cudaStreamCreateWithFlags,14,78.608437,9.1585
r7,1,cudaStreamSynchronize,84,68.693688,16.7985
r7,1,cudaFree,84,13.121864,42.806
r7,1,cuLibraryLoadData,17,11.089483,328.075
r7,1,cudaMalloc,70,4.136448,28.353
r7,1,cudaLaunchKernelExC_v11060,7,3.143891,7.928
r7,1,cudaLaunchKernel,56,2.324951,35.8715
r7,1,cuKernelGetFunction,28,0.780089,1.381
r7,1,cudaMemsetAsync,35,0.458453,11.71
r7,1,cuLaunchKernel,28,0.325085,8.2015
r7,1,cudaDeviceSynchronize,56,0.212414,1.5995
r7,1,cuLibraryUnload,1,0.175306,175.306
r7,1,cudaEventDestroy,252,0.138728,0.349
r7,1,cudaEventCreateWithFlags,252,0.134637,0.3415
r7,1,cuLibraryGetKernel,23,0.106698,4.525
r7,1,cuGetProcAddress_v2,492,0.098849,0.157
r7,1,cudaStreamDestroy,14,0.083249,5.672
r7,1,cuKernelGetName,56,0.021019,0.3115
r7,1,cuModuleGetLoadingMode,2,0.009815,4.9075
r7,1,cuCtxSynchronize,1,0.007816,7.816
r7,1,cuInit,3,0.006286,1.591
r7,1,cudaGetDriverEntryPointByVersion_v12050,3,0.003848,0.547
r7,1,cuGetProcAddress,2,0.001459,0.7295
r7,1,cuDeviceGetLuid,2,0.000816,0.408
