build,case,kernel,time_pct,instances,median_us
base,0,"kan::cuda::<unnamed>::coefficient_gradient_kernel(const double *, const double *, double *, unsigned",50.2,23,170.976
base,0,"kan::cuda::<unnamed>::forward_kernel(const double *, const double *, const double *, double *, unsig",31.5,23,107.52
base,0,"kan::cuda::<unnamed>::input_gradient_kernel(const double *, const double *, const double *, double *",17.4,23,59.297
base,0,"kan::cuda::<unnamed>::bias_gradient_kernel(const double *, double *, unsigned long long, unsigned lo",0.9,23,3.008
base,1,"kan::cuda::<unnamed>::coefficient_gradient_kernel(const double *, const double *, double *, unsigned",76.3,7,146738.119
base,1,"kan::cuda::<unnamed>::forward_kernel(const double *, const double *, const double *, double *, unsig",11.9,7,22021.954
base,1,"kan::cuda::<unnamed>::input_gradient_kernel(const double *, const double *, const double *, double *",11.6,7,22896.74
base,1,"kan::cuda::<unnamed>::bias_gradient_kernel(const double *, double *, unsigned long long, unsigned lo",0.2,7,383.137
r7,0,"void kan::cuda::<unnamed>::basis_kernel<(kan::detail::BasisKind)0>(const double *, double *, double ",31.7,46,6.464
r7,0,"void cutlass::Kernel2<cutlass_80_tensorop_d884gemm_32x32_16x5_nn_align1>(T1::Params)",20.2,23,8.192
r7,0,"kan::cuda::<unnamed>::parameter_partial_kernel(const double *, const double *, double *, unsigned lo",18.2,23,7.392
r7,0,"kan::cuda::<unnamed>::forward_dot_kernel(const double *, const double *, const double *, double *, u",15.7,46,3.2
r7,0,"kan::cuda::<unnamed>::backward_finish_kernel(const double *, const double *, double *, unsigned long",8.5,23,3.424
r7,0,"kan::cuda::<unnamed>::fill_kernel(double *, unsigned long long, double)",5.8,46,1.152
r7,1,"void cutlass::Kernel2<cutlass_80_tensorop_d884gemm_64x64_16x4_tn_align1>(T1::Params)",47.7,14,2806.133
r7,1,"void cutlass::Kernel2<cutlass_80_tensorop_d884gemm_64x32_16x4_nt_align1>(T1::Params)",24.0,7,2787.301
r7,1,"void cutlass::Kernel2<cutlass_80_tensorop_d884gemm_64x32_16x4_nn_align1>(T1::Params)",17.6,7,2199.044
r7,1,"void kan::cuda::<unnamed>::basis_kernel<(kan::detail::BasisKind)0>(const double *, double *, double ",8.9,14,522.0805
r7,1,"kan::cuda::<unnamed>::backward_finish_kernel(const double *, const double *, double *, unsigned long",1.6,7,91.68
r7,1,"kan::cuda::<unnamed>::bias_kernel(double *, const double *, unsigned long long, unsigned long long, ",0.1,14,8.624
r7,1,"void gemvNSP_kernel<double, double, double, double, (int)1, (int)32, (int)4, (int)1024, (bool)0, cub",0.1,7,8.352
r7,1,"kan::cuda::<unnamed>::fill_kernel(double *, unsigned long long, double)",0.0,14,1.616
r7,1,"void cublasLt::splitKreduce_kernel<(int)32, (int)16, int, double, double, double, double, (bool)0, d",0.0,7,3.04
