"case","family","topology","batch","terms","precision","backend","warmups","repeats","setup_ms","median_ms","iqr_ms","output_checksum","gradient_checksum","parameter_checksum","max_abs_error","workspace_allocations","samples_ms","variant","run"
"0","chebyshev","16x24x8","32","7","double","m2_resident_full","2","7","74.503200000000007","0.28010000000000002","0.0080000000000000071","-2.1767426910085086","-0.022456696270777253","-0.29074473290084352","0","2","0.26669999999999999;0.28149999999999997;0.28139999999999998;0.28100000000000003;0.2797;0.26590000000000003;0.28010000000000002","preopt","0"
"0","chebyshev","16x24x8","32","7","double","m2_transfer_full","2","7","0.31740000000000002","0.39279999999999998","0.013799999999999979","-2.1767426910085086","-0.022456696270777253","-0.29074473290084352","0","2","0.42659999999999998;0.37169999999999997;0.3926;0.38450000000000001;0.39279999999999998;0.40820000000000001;0.39650000000000002","preopt","0"
"0","chebyshev","16x24x8","32","7","double","m2_resident_full","2","7","60.278700000000001","0.26869999999999999","0.0012499999999999734","-2.1767426910085086","-0.022456696270777253","-0.29074473290084352","0","2","0.2681;0.25540000000000002;0.26989999999999997;0.26800000000000002;0.26919999999999999;0.26869999999999999;0.26939999999999997","trial","1"
"0","chebyshev","16x24x8","32","7","double","m2_transfer_full","2","7","0.3347","0.41060000000000002","0.0063000000000000278","-2.1767426910085086","-0.022456696270777253","-0.29074473290084352","0","2","0.40670000000000001;0.41060000000000002;0.4113;0.39419999999999999;0.4108;0.44209999999999999;0.40279999999999999","trial","1"
"0","chebyshev","16x24x8","32","7","double","m2_resident_full","2","7","56.534500000000001","0.25890000000000002","0.0020499999999999963","-2.1767426910085086","-0.022456696270777253","-0.29074473290084352","0","2","0.25850000000000001;0.28939999999999999;0.26150000000000001;0.25890000000000002;0.2581;0.25850000000000001;0.2596","trial","2"
"0","chebyshev","16x24x8","32","7","double","m2_transfer_full","2","7","0.31769999999999998","0.3901","0.010599999999999943","-2.1767426910085086","-0.022456696270777253","-0.29074473290084352","0","2","0.3901;0.39810000000000001;0.3836;0.38600000000000001;0.39269999999999999;0.41720000000000002;0.37609999999999999","trial","2"
"0","chebyshev","16x24x8","32","7","double","m2_resident_full","2","7","54.164999999999999","0.2717","0.014349999999999974","-2.1767426910085086","-0.022456696270777253","-0.29074473290084352","0","2","0.26400000000000001;0.26319999999999999;0.30349999999999999;0.26419999999999999;0.27639999999999998;0.2717;0.28050000000000003","preopt","3"
"0","chebyshev","16x24x8","32","7","double","m2_transfer_full","2","7","0.33739999999999998","0.41699999999999998","0.020399999999999974","-2.1767426910085086","-0.022456696270777253","-0.29074473290084352","0","2","0.41699999999999998;0.443;0.40589999999999998;0.40560000000000002;0.43280000000000002;0.41439999999999999;0.42830000000000001","preopt","3"
"0","chebyshev","16x24x8","32","7","double","m2_resident_full","2","7","57.289000000000001","0.27150000000000002","0.01094999999999996","-2.1767426910085086","-0.022456696270777253","-0.29074473290084352","0","2","0.2762;0.27150000000000002;0.2823;0.26790000000000003;0.2676;0.28120000000000001;0.2676","preopt","4"
"0","chebyshev","16x24x8","32","7","double","m2_transfer_full","2","7","0.44840000000000002","0.63800000000000001","0.0084000000000000741","-2.1767426910085086","-0.022456696270777253","-0.29074473290084352","0","2","0.64039999999999997;0.63549999999999995;0.63500000000000001;0.6331;0.63800000000000001;0.64690000000000003;0.64749999999999996","preopt","4"
"0","chebyshev","16x24x8","32","7","double","m2_resident_full","2","7","53.210900000000002","0.2571","0.0013500000000000179","-2.1767426910085086","-0.022456696270777253","-0.29074473290084352","0","2","0.25600000000000001;0.25790000000000002;0.25769999999999998;0.2571;0.25650000000000001;0.29320000000000002;0.25640000000000002","trial","5"
"0","chebyshev","16x24x8","32","7","double","m2_transfer_full","2","7","0.4869","0.40000000000000002","0.046899999999999942","-2.1767426910085086","-0.022456696270777253","-0.29074473290084352","0","2","0.40039999999999998;0.38519999999999999;0.40000000000000002;0.37509999999999999;0.3826;0.47520000000000001;0.4612","trial","5"
"0","chebyshev","16x24x8","32","7","double","m2_resident_full","2","7","57.203499999999998","0.2636","0.00069999999999997842","-2.1767426910085086","-0.022456696270777253","-0.29074473290084352","0","2","0.26279999999999998;0.2586;0.2631;0.26390000000000002;0.2636;0.26369999999999999;0.2636","trial","6"
"0","chebyshev","16x24x8","32","7","double","m2_transfer_full","2","7","0.32100000000000001","0.38169999999999998","0.021599999999999953","-2.1767426910085086","-0.022456696270777253","-0.29074473290084352","0","2","0.38519999999999999;0.38030000000000003;0.38169999999999998;0.4244;0.41720000000000002;0.37680000000000002;0.37890000000000001","trial","6"
"0","chebyshev","16x24x8","32","7","double","m2_resident_full","2","7","58.0914","0.30559999999999998","0.043250000000000011","-2.1767426910085086","-0.022456696270777253","-0.29074473290084352","0","2","0.26779999999999998;0.2848;0.32829999999999998;0.30559999999999998;0.38080000000000003;0.3412;0.29820000000000002","preopt","7"
"0","chebyshev","16x24x8","32","7","double","m2_transfer_full","2","7","0.41439999999999999","0.39250000000000002","0.015300000000000036","-2.1767426910085086","-0.022456696270777253","-0.29074473290084352","0","2","0.37659999999999999;0.39250000000000002;0.38069999999999998;0.37269999999999998;0.41010000000000002;0.39419999999999999;0.39369999999999999","preopt","7"
"1","chebyshev","16x24x8","1024","7","double","m2_resident_full","2","7","61.3399","0.73629999999999995","0.0030000000000001137","-125.01045579450216","0.0093238527369836968","-0.29103075176823434","0","2","0.73629999999999995;0.72089999999999999;0.73819999999999997;0.77490000000000003;0.7389;0.7359;0.73519999999999996","preopt","0"
"1","chebyshev","16x24x8","1024","7","double","m2_transfer_full","2","7","0.82010000000000005","1.0337000000000001","0.0057000000000000384","-125.01045579450216","0.0093238527369836968","-0.29103075176823434","0","2","1.0391999999999999;1.0335000000000001;1.0369999999999999;1.0337000000000001;1.0308999999999999;1.0313000000000001;1.0426","preopt","0"
"1","chebyshev","16x24x8","1024","7","double","m2_resident_full","2","7","54.573700000000002","0.67200000000000004","0.0036000000000000476","-125.01045579450216","0.0093238527369836968","-0.29103075176823434","0","2","0.69689999999999996;0.67330000000000001;0.67749999999999999;0.67200000000000004;0.67100000000000004;0.67179999999999995;0.67179999999999995","trial","1"
"1","chebyshev","16x24x8","1024","7","double","m2_transfer_full","2","7","0.63870000000000005","1.0173000000000001","0.020600000000000174","-125.01045579450216","0.0093238527369836968","-0.29103075176823434","0","2","1.0477000000000001;1.0303;1.0317000000000001;1.0048999999999999;1.0159;1.0048999999999999;1.0173000000000001","trial","1"
"1","chebyshev","16x24x8","1024","7","double","m2_resident_full","2","7","64.965199999999996","0.66279999999999994","0.009000000000000119","-125.01045579450216","0.0093238527369836968","-0.29103075176823434","0","2","0.89939999999999998;0.66759999999999997;0.66169999999999995;0.65580000000000005;0.65559999999999996;0.66790000000000005;0.66279999999999994","trial","2"
"1","chebyshev","16x24x8","1024","7","double","m2_transfer_full","2","7","0.68889999999999996","1.2583","0.11070000000000002","-125.01045579450216","0.0093238527369836968","-0.29103075176823434","0","2","1.2583;1.4221999999999999;1.9529000000000001;1.2737000000000001;1.2373000000000001;1.2372000000000001;1.2336","trial","2"
"1","chebyshev","16x24x8","1024","7","double","m2_resident_full","2","7","59.047600000000003","0.68779999999999997","0.016900000000000026","-125.01045579450216","0.0093238527369836968","-0.29103075176823434","0","2","0.70069999999999999;0.67230000000000001;0.68679999999999997;0.68779999999999997;0.69220000000000004;0.67230000000000001;0.71179999999999999","preopt","3"
"1","chebyshev","16x24x8","1024","7","double","m2_transfer_full","2","7","0.72740000000000005","1.0485","0.01605000000000012","-125.01045579450216","0.0093238527369836968","-0.29103075176823434","0","2","1.0664;1.0641;1.0455000000000001;1.0378000000000001;1.0607;1.0485;1.0471999999999999","preopt","3"
"1","chebyshev","16x24x8","1024","7","double","m2_resident_full","2","7","57.984699999999997","0.69630000000000003","0.0077499999999999236","-125.01045579450216","0.0093238527369836968","-0.29103075176823434","0","2","0.67010000000000003;0.71599999999999997;0.68899999999999995;0.68959999999999999;0.69669999999999999;0.69630000000000003;0.69740000000000002","preopt","4"
"1","chebyshev","16x24x8","1024","7","double","m2_transfer_full","2","7","0.60409999999999997","1.0306","0.053000000000000158","-125.01045579450216","0.0093238527369836968","-0.29103075176823434","0","2","1.0287999999999999;1.0659000000000001;1.0986;1.2403999999999999;1.0306;1.0256000000000001;1.0297000000000001","preopt","4"
"1","chebyshev","16x24x8","1024","7","double","m2_resident_full","2","7","60.343800000000002","0.65510000000000002","0.0061999999999999833","-125.01045579450216","0.0093238527369836968","-0.29103075176823434","0","2","0.66049999999999998;0.65310000000000001;0.66020000000000001;0.65969999999999995;0.65280000000000005;0.65439999999999998;0.65510000000000002","trial","5"
"1","chebyshev","16x24x8","1024","7","double","m2_transfer_full","2","7","0.67730000000000001","1.0503","0.0064999999999999503","-125.01045579450216","0.0093238527369836968","-0.29103075176823434","0","2","1.0548;1.0549999999999999;1.0569999999999999;1.0503;1.0467;1.0491999999999999;1.0476000000000001","trial","5"
"1","chebyshev","16x24x8","1024","7","double","m2_resident_full","2","7","58.713700000000003","0.67149999999999999","0.0033999999999998476","-125.01045579450216","0.0093238527369836968","-0.29103075176823434","0","2","0.6865;0.66379999999999995;0.67230000000000001;0.67090000000000005;0.6663;0.67169999999999996;0.67149999999999999","trial","6"
"1","chebyshev","16x24x8","1024","7","double","m2_transfer_full","2","7","0.65569999999999995","1.0053000000000001","0.0025499999999998302","-125.01045579450216","0.0093238527369836968","-0.29103075176823434","0","2","1.0226;1.0082;1.0052000000000001;1.0027999999999999;1.0042;1.0053000000000001;1.0063","trial","6"
"1","chebyshev","16x24x8","1024","7","double","m2_resident_full","2","7","59.089100000000002","0.66110000000000002","0.0050999999999999934","-125.01045579450216","0.0093238527369836968","-0.29103075176823434","0","2","0.6613;0.6603;0.66110000000000002;0.66100000000000003;0.66110000000000002;0.67349999999999999;0.67100000000000004","preopt","7"
"1","chebyshev","16x24x8","1024","7","double","m2_transfer_full","2","7","0.69199999999999995","1.0688","0.011149999999999771","-125.01045579450216","0.0093238527369836968","-0.29103075176823434","0","2","1.0649;1.0688;1.0676000000000001;1.1123000000000001;1.0851;1.0632999999999999;1.0697000000000001","preopt","7"
"3","chebyshev","64x64x32x16","1024","7","double","m2_resident_full","2","7","60.463900000000002","2.2785000000000002","0.025649999999999729","-137.66420260386968","0.036721343872001801","0.1501972124242219","0","2","2.6684000000000001;2.2766000000000002;2.2726000000000002;2.2759999999999998;2.3117000000000001;2.2921999999999998;2.2785000000000002","preopt","0"
"3","chebyshev","64x64x32x16","1024","7","double","m2_transfer_full","2","7","2.1463000000000001","4.0396000000000001","0.1800499999999996","-137.66420260386968","0.036721343872001801","0.1501972124242219","0","2","4.0686;3.8334000000000001;3.9289000000000001;4.2835000000000001;4.2183999999999999;4.0396000000000001;3.9980000000000002","preopt","0"
"3","chebyshev","64x64x32x16","1024","7","double","m2_resident_full","2","7","61.970399999999998","2.3182","0.010749999999999815","-137.66420260386968","0.036721343872001801","0.1501972124242219","0","2","2.3151999999999999;2.3203999999999998;2.3525;2.3182;2.3161;2.3323999999999998;2.2751999999999999","trial","1"
"3","chebyshev","64x64x32x16","1024","7","double","m2_transfer_full","2","7","2.0571000000000002","4.1230000000000002","0.33875000000000099","-137.66420260386968","0.036721343872001801","0.1501972124242219","0","2","4.4450000000000003;3.9992000000000001;4.2878999999999996;4.6764999999999999;4.0561999999999996;3.9104999999999999;4.1230000000000002","trial","1"
"3","chebyshev","64x64x32x16","1024","7","double","m2_resident_full","2","7","67.839100000000002","2.2629000000000001","0.0065499999999998337","-137.66420260386968","0.036721343872001801","0.1501972124242219","0","2","2.2618999999999998;2.2602000000000002;2.2660999999999998;2.2724000000000002;2.2585999999999999;2.2690999999999999;2.2629000000000001","trial","2"
"3","chebyshev","64x64x32x16","1024","7","double","m2_transfer_full","2","7","2.0888","4.0542999999999996","0.039100000000000357","-137.66420260386968","0.036721343872001801","0.1501972124242219","0","2","3.9001000000000001;4.0354999999999999;4.0560999999999998;4.0542999999999996;4.1006;4.5301;4.0430000000000001","trial","2"
"3","chebyshev","64x64x32x16","1024","7","double","m2_resident_full","2","7","61.458500000000001","2.3123","0.070050000000000168","-137.66420260386968","0.036721343872001801","0.1501972124242219","0","2","2.2793000000000001;2.2793999999999999;2.3488000000000002;2.3123;2.6631999999999998;2.3512;2.2805","preopt","3"
"3","chebyshev","64x64x32x16","1024","7","double","m2_transfer_full","2","7","2.7823000000000002","4.1212","0.22220000000000084","-137.66420260386968","0.036721343872001801","0.1501972124242219","0","2","3.9689000000000001;4.1203000000000003;4.0766999999999998;4.4474999999999998;4.3132999999999999;4.1212;4.3281000000000001","preopt","3"
"3","chebyshev","64x64x32x16","1024","7","double","m2_resident_full","2","7","56.268700000000003","2.3169","0.21975000000000033","-137.66420260386968","0.036721343872001801","0.1501972124242219","0","2","2.6533000000000002;2.3148;2.6288;2.3169;2.3065000000000002;2.2906;2.4319999999999999","preopt","4"
"3","chebyshev","64x64x32x16","1024","7","double","m2_transfer_full","2","7","2.3096999999999999","4.1740000000000004","0.17384999999999984","-137.66420260386968","0.036721343872001801","0.1501972124242219","0","2","4.0250000000000004;3.8691;4.1281999999999996;4.5541999999999998;4.2436999999999996;4.1740000000000004;4.2572000000000001","preopt","4"
"3","chebyshev","64x64x32x16","1024","7","double","m2_resident_full","2","7","61.299300000000002","2.2847","0.024900000000000588","-137.66420260386968","0.036721343872001801","0.1501972124242219","0","2","2.2877000000000001;2.2688999999999999;2.2719999999999998;2.2732000000000001;2.3073000000000001;2.2847;2.3239000000000001","trial","5"
"3","chebyshev","64x64x32x16","1024","7","double","m2_transfer_full","2","7","2.0676999999999999","4.0041000000000002","0.26110000000000033","-137.66420260386968","0.036721343872001801","0.1501972124242219","0","2","3.8028;3.9247000000000001;4.2058;4.4764999999999997;3.9384999999999999;4.0041000000000002;4.1795999999999998","trial","5"
"3","chebyshev","64x64x32x16","1024","7","double","m2_resident_full","2","7","71.5428","2.2785000000000002","0.02430000000000021","-137.66420260386968","0.036721343872001801","0.1501972124242219","0","2","2.2730999999999999;2.2599999999999998;2.2785000000000002;2.3039999999999998;2.5659000000000001;2.2673000000000001;2.2850000000000001","trial","6"
"3","chebyshev","64x64x32x16","1024","7","double","m2_transfer_full","2","7","2.3858999999999999","3.9735999999999998","0.19229999999999947","-137.66420260386968","0.036721343872001801","0.1501972124242219","0","2","3.8792;3.8479000000000001;3.9735999999999998;3.8321999999999998;4.0964;4.3958000000000004;4.0152999999999999","trial","6"
"3","chebyshev","64x64x32x16","1024","7","double","m2_resident_full","2","7","82.747100000000003","2.3069999999999999","0.58329999999999949","-137.66420260386968","0.036721343872001801","0.1501972124242219","0","2","2.2841;2.3069999999999999;3.3372999999999999;2.9552999999999998;2.7934999999999999;2.2934000000000001;2.2888000000000002","preopt","7"
"3","chebyshev","64x64x32x16","1024","7","double","m2_transfer_full","2","7","2.6714000000000002","4.5758000000000001","0.49119999999999919","-137.66420260386968","0.036721343872001801","0.1501972124242219","0","2","4.7923999999999998;4.1676000000000002;4.5758000000000001;4.3996000000000004;4.8601000000000001;4.2705000000000002;5.5720000000000001","preopt","7"
