case,family,topology,batch,terms,precision,backend,warmups,repeats,setup_ms,median_ms,iqr_ms,output_checksum,gradient_checksum,parameter_checksum,max_abs_error,workspace_allocations,samples_ms
0,chebyshev,16x24x8,32,7,double,cpu_full,2,7,0.067199999999999996,0.79700000000000004,0.034100000000000019,-2.1767426910085086,-0.022456696270777253,-0.29074473290084352,0,0,0.79949999999999999;0.79449999999999998;0.88849999999999996;0.84950000000000003;0.79700000000000004;0.7863;0.7843
0,chebyshev,16x24x8,32,7,double,m1_host_full,2,7,0.043999999999999997,3.4847999999999999,0.28315000000000001,-2.1767426910085086,-0.022456696270777253,-0.29074473290084352,0,0,3.4355000000000002;3.4847999999999999;3.4403000000000001;4.1729000000000003;3.4346999999999999;3.7498;3.6922999999999999
1,chebyshev,16x24x8,1024,7,double,cpu_full,2,7,0.037900000000000003,25.9087,0.71285000000000309,-125.01045579450216,0.0093238527369836968,-0.29103075176823434,0,0,25.9087;25.918900000000001;26.398900000000001;25.475999999999999;25.1938;25.4161;28.153199999999998
1,chebyshev,16x24x8,1024,7,double,m1_host_full,2,7,0.047399999999999998,14.108499999999999,0.44555000000000078,-125.01045579450216,0.0093238527369836968,-0.29103075176823434,0,0,14.913;14.4046;14.108499999999999;14.5802;14.1023;13.991400000000001;13.503
2,chebyshev,64x64x32x16,32,7,double,cpu_full,2,7,0.46029999999999999,7.0103999999999997,0.22930000000000028,-0.32260656002273574,-0.079591646403770477,0.15124402970793754,0,0,7.4871999999999996;6.9499000000000004;7.0103999999999997;6.8921000000000001;6.9433999999999996;7.0247000000000002;7.3272000000000004
2,chebyshev,64x64x32x16,32,7,double,m1_host_full,2,7,0.4491,7.5614999999999997,0.32929999999999993,-0.32260656002273574,-0.079591646403770477,0.15124402970793754,0,0,7.9992999999999999;7.2054;7.5739999999999998;7.6223000000000001;7.3323;7.5614999999999997;7.1534000000000004
3,chebyshev,64x64x32x16,1024,7,double,cpu_full,2,7,0.62970000000000004,219.00120000000001,10.218099999999993,-137.66420260386968,0.036721343872001801,0.1501972124242219,0,0,254.53540000000001;217.25700000000001;223.577;219.00120000000001;214.40989999999999;229.70009999999999;215.5839
3,chebyshev,64x64x32x16,1024,7,double,m1_host_full,2,7,0.41120000000000001,34.212400000000002,2.4343999999999966,-137.66420260386968,0.036721343872001801,0.1501972124242219,0,0,35.257399999999997;36.200299999999999;35.286999999999999;34.212400000000002;32.280200000000001;33.362000000000002;32.313600000000001
4,legendre,16x24x8,32,7,double,cpu_full,2,7,0.061499999999999999,0.77900000000000003,0.0088499999999999135,-2.9591381930718614,-0.69531381690275273,-0.28468901321580403,0,0,0.77800000000000002;0.80659999999999998;0.77359999999999995;0.78569999999999995;0.77659999999999996;0.78659999999999997;0.77900000000000003
5,legendre,16x24x8,1024,7,double,cpu_full,2,7,0.033000000000000002,25.8537,3.681200000000004,-114.76044912949109,0.30422694979477438,-0.29368487969894397,0,0,25.836300000000001;27.4816;24.988900000000001;31.473600000000001;31.916399999999999;25.8537;25.756499999999999
6,legendre,64x64x32x16,32,7,double,cpu_full,2,7,0.52270000000000005,7.0251000000000001,0.46575000000000077,-1.954404872758555,-1.5005363212530516,0.16403253109580093,0,0,6.9203999999999999;7.0251000000000001;7.5087999999999999;7.2739000000000003;6.9307999999999996;7.9217000000000004;6.8840000000000003
7,legendre,64x64x32x16,1024,7,double,cpu_full,2,7,0.48170000000000002,221.39760000000001,4.474000000000018,-111.7855868882596,0.76524602861233659,0.14364049006544796,0,0,217.80969999999999;221.39760000000001;223.7638;226.77090000000001;216.80099999999999;219.37129999999999;222.36519999999999
8,jacobi,16x24x8,32,7,double,cpu_full,2,7,0.13170000000000001,1.1742999999999999,0.10325000000000006,-2.8897402066157074,-0.47029640998007405,-0.2867141496099197,0,0,1.1191;1.0966;1.1742999999999999;1.2121;1.2445999999999999;1.2213000000000001;1.1077999999999999
9,jacobi,16x24x8,1024,7,double,cpu_full,2,7,0.037199999999999997,27.5884,1.0264500000000041,-115.9137445389791,0.20556764427542656,-0.2927969391954246,0,0,27.5884;28.668500000000002;29.852399999999999;27.532299999999999;28.206600000000002;26.9147;27.289899999999999
10,jacobi,64x64x32x16,32,7,double,cpu_full,2,7,0.47570000000000001,6.9566999999999997,0.24544999999999995,-1.8081347748234708,-1.0281439054194808,0.15978110026971742,0,0,7.1218000000000004;7.1154999999999999;6.9542000000000002;6.9566999999999997;7.1398999999999999;6.7922000000000002;6.7918000000000003
11,jacobi,64x64x32x16,1024,7,double,cpu_full,2,7,0.56089999999999995,232.03649999999999,6.728650000000016,-114.53952184721078,0.52264376574753368,0.14582393537653851,0,0,226.16560000000001;232.3586;235.16589999999999;226.81129999999999;221.83590000000001;232.03649999999999;234.07560000000001
12,hermite,16x24x8,32,7,double,cpu_full,2,7,0.056800000000000003,0.80700000000000005,0.018349999999999866,4313.7658125643075,152.66861895283978,-1.4942729480040093,0,0,0.80700000000000005;0.79449999999999998;0.83430000000000004;0.79390000000000005;0.80130000000000001;0.81579999999999997;0.81669999999999998
13,hermite,16x24x8,1024,7,double,cpu_full,2,7,0.032399999999999998,25.714099999999998,1.0393500000000024,-62424.698848164211,-56.786442535369368,0.22026422157245562,0,0,27.2256;24.857500000000002;25.714099999999998;25.245999999999999;25.384399999999999;26.982800000000001;25.726299999999998
14,hermite,64x64x32x16,32,7,double,cpu_full,2,7,0.51619999999999999,6.9535999999999998,0.16904999999999948,6638.8925373934317,-36.177446818513232,-2.0462284158028083,0,0,6.8859000000000004;7.133;6.8983999999999996;6.9535999999999998;8.1403999999999996;6.8792;6.9893999999999998
15,hermite,64x64x32x16,1024,7,double,cpu_full,2,7,0.51900000000000002,221.3143,7.8201999999999998,-154476.24240743567,-141.32560997193741,1.4222835503751226,0,0,219.47909999999999;223.01609999999999;218.08500000000001;221.3143;218.96260000000001;238.46960000000001;231.066
16,fourier,16x24x8,32,7,double,cpu_full,2,7,0.1096,0.88519999999999999,0.019050000000000011,-2.1006626220767251,-4.8061235251974406,-0.24769172572736672,0,0,0.87;0.88539999999999996;0.86280000000000001;0.88800000000000001;0.88519999999999999;0.86529999999999996;0.91700000000000004
17,fourier,16x24x8,1024,7,double,cpu_full,2,7,0.037100000000000001,26.654299999999999,1.3323500000000017,-122.49174915915599,2.1056318378020116,-0.30989752320252184,0,0,27.941500000000001;26.654299999999999;29.167899999999999;26.411799999999999;26.036300000000001;27.3797;26.244700000000002
18,fourier,64x64x32x16,32,7,double,cpu_full,2,7,0.46379999999999999,6.9474999999999998,0.023899999999999366,-0.3457256953287175,-10.174438110755741,0.24209764692507935,0,0,6.9474999999999998;6.9398;7.3468999999999998;6.9337999999999997;6.9589999999999996;6.8883999999999999;6.9623999999999997
19,fourier,64x64x32x16,1024,7,double,cpu_full,2,7,0.56869999999999998,223.24879999999999,1.5877500000000282,-138.40892721771024,5.2165862183146183,0.1035784282436619,0,0,223.75839999999999;222.50819999999999;222.3536;224.80629999999999;235.52189999999999;222.881;223.24879999999999
20,gaussian_rbf,16x24x8,32,7,double,cpu_full,2,7,0.066699999999999995,0.97189999999999999,0.098200000000000065,-2.5147067658424294,-4.1235709961843403,-0.25383469804693487,0,0,1.0177;0.98280000000000001;0.97189999999999999;0.90169999999999995;0.90239999999999998;0.9002;1.3202
21,gaussian_rbf,16x24x8,1024,7,double,cpu_full,2,7,0.049299999999999997,30.3598,1.4076500000000003,-113.88134841687881,1.8066001176070923,-0.30720623802593644,0,0,31.503299999999999;29.8703;31.630099999999999;31.102;29.919699999999999;29.819800000000001;30.3598
22,gaussian_rbf,64x64x32x16,32,7,double,cpu_full,2,7,0.46899999999999997,7.3151999999999999,0.31265000000000054,-1.1930696415791833,-8.7260513677858604,0.22906216664122858,0,0,7.3151999999999999;7.2907999999999999;7.4763999999999999;7.1459000000000001;7.5856000000000003;7.1078000000000001;7.9067999999999996
23,gaussian_rbf,64x64x32x16,1024,7,double,cpu_full,2,7,0.61660000000000004,244.41739999999999,7.3075000000000045,-117.33618807578034,4.4726670512872371,0.11027370088917215,0,0,237.99000000000001;248.63929999999999;246.6283;245.8449;244.41739999999999;239.21180000000001;238.6464
