Time (%),Total Time (ns),Num Calls,Avg (ns),Med (ns),Min (ns),Max (ns),StdDev (ns),Name
51.3,94238031,3,31412677.0,18288.0,6434,94213309,54386943.0,cudaStreamCreateWithFlags
40.4,74163358,241,307731.8,69998.0,7621,1910781,495101.2,cudaMemcpyAsync
3.6,6559777,161,40744.0,6710.0,423,1047418,143649.6,cudaStreamSynchronize
2.5,4674936,351,13318.9,6477.0,3942,812427,44468.5,cudaLaunchKernel
0.8,1471812,81,18170.5,15840.0,4034,102833,13887.6,cudaMemsetAsync
0.5,945257,6,157542.8,170205.0,11772,254515,92899.6,cudaFree
0.4,722550,6,120425.0,125509.0,7253,265223,90260.0,cudaMalloc
0.3,498900,1,498900.0,498900.0,498900,498900,0.0,cuLibraryUnload
0.1,195084,1,195084.0,195084.0,195084,195084,0.0,cuLibraryLoadData
0.0,59557,351,169.7,110.0,64,1725,169.2,cuKernelGetName
0.0,29099,3,9699.7,7458.0,4069,17572,7025.1,cudaStreamDestroy
0.0,9133,1,9133.0,9133.0,9133,9133,0.0,cuModuleGetLoadingMode
0.0,6985,1,6985.0,6985.0,6985,6985,0.0,cuCtxSynchronize
0.0,3992,5,798.4,786.0,525,1083,199.4,cuLibraryGetKernel
0.0,307,1,307.0,307.0,307,307,0.0,cuDeviceGetLuid
